execution_order,batch_id,pilot_sites,fault_instances,selected_vectors,baseline_transactions,enabled_transactions,total_transactions,probe_bits,snapshots_per_transaction,enabled_probe_values
0,0,19,38,96,96,3648,3744,64,16,3735552
1,1,23,46,96,96,4416,4512,64,16,4521984
2,2,27,54,96,96,5184,5280,64,16,5308416
3,3,20,40,96,96,3840,3936,64,16,3932160
4,4,21,42,96,96,4032,4128,64,16,4128768
5,5,23,46,96,96,4416,4512,64,16,4521984
6,6,22,44,96,96,4224,4320,64,16,4325376
7,7,16,32,96,96,3072,3168,64,16,3145728
8,8,31,62,96,96,5952,6048,64,16,6094848
9,9,21,42,96,96,4032,4128,64,16,4128768
10,10,20,40,96,96,3840,3936,64,16,3932160
11,11,24,48,96,96,4608,4704,64,16,4718592
12,12,20,40,96,96,3840,3936,64,16,3932160
13,13,32,64,96,96,6144,6240,64,16,6291456
14,14,22,44,96,96,4224,4320,64,16,4325376
15,15,25,50,96,96,4800,4896,64,16,4915200
16,16,25,50,96,96,4800,4896,64,16,4915200
17,17,18,36,96,96,3456,3552,64,16,3538944
18,18,13,26,96,96,2496,2592,64,16,2555904
19,19,32,64,96,96,6144,6240,64,16,6291456
20,20,24,48,96,96,4608,4704,64,16,4718592
21,21,21,42,96,96,4032,4128,64,16,4128768
22,22,18,36,96,96,3456,3552,64,16,3538944
23,23,16,32,96,96,3072,3168,64,16,3145728
24,24,26,52,96,96,4992,5088,64,16,5111808
25,25,24,48,96,96,4608,4704,64,16,4718592
26,26,14,28,96,96,2688,2784,64,16,2752512
27,27,23,46,96,96,4416,4512,64,16,4521984
28,28,31,62,96,96,5952,6048,64,16,6094848
29,29,24,48,96,96,4608,4704,64,16,4718592
30,30,33,66,96,96,6336,6432,64,16,6488064
31,31,25,50,96,96,4800,4896,64,16,4915200
32,32,22,44,96,96,4224,4320,64,16,4325376
33,33,30,60,96,96,5760,5856,64,16,5898240
34,34,16,32,96,96,3072,3168,64,16,3145728
35,35,21,42,96,96,4032,4128,64,16,4128768
36,36,16,32,96,96,3072,3168,64,16,3145728
37,37,29,58,96,96,5568,5664,64,16,5701632
38,38,19,38,96,96,3648,3744,64,16,3735552
39,39,20,40,96,96,3840,3936,64,16,3932160
40,40,19,38,96,96,3648,3744,64,16,3735552
41,41,31,62,96,96,5952,6048,64,16,6094848
42,42,33,66,96,96,6336,6432,64,16,6488064
43,43,23,46,96,96,4416,4512,64,16,4521984
44,44,12,24,96,96,2304,2400,64,16,2359296
