batch_id,site_count,fault_instances,baseline_records,enabled_transactions,total_records,execution_order
0,12,24,96,2304,2400,0
1,19,38,96,3648,3744,1
2,10,20,96,1920,2016,2
3,13,26,96,2496,2592,3
4,12,24,96,2304,2400,4
5,11,22,96,2112,2208,5
6,13,26,96,2496,2592,6
7,17,34,96,3264,3360,7
8,7,14,96,1344,1440,8
9,12,24,96,2304,2400,9
10,19,38,96,3648,3744,10
11,12,24,96,2304,2400,11
12,6,12,96,1152,1248,12
13,8,16,96,1536,1632,13
14,10,20,96,1920,2016,14
15,14,28,96,2688,2784,15
16,15,30,96,2880,2976,16
17,11,22,96,2112,2208,17
18,18,36,96,3456,3552,18
19,9,18,96,1728,1824,19
20,9,18,96,1728,1824,20
21,12,24,96,2304,2400,21
22,10,20,96,1920,2016,22
23,7,14,96,1344,1440,23
24,7,14,96,1344,1440,24
25,12,24,96,2304,2400,25
26,11,22,96,2112,2208,26
27,16,32,96,3072,3168,27
28,12,24,96,2304,2400,28
29,14,28,96,2688,2784,29
30,6,12,96,1152,1248,30
31,11,22,96,2112,2208,31
32,12,24,96,2304,2400,32
33,13,26,96,2496,2592,33
34,9,18,96,1728,1824,34
35,13,26,96,2496,2592,35
36,6,12,96,1152,1248,36
37,16,32,96,3072,3168,37
38,7,14,96,1344,1440,38
39,9,18,96,1728,1824,39
40,6,12,96,1152,1248,40
41,15,30,96,2880,2976,41
42,13,26,96,2496,2592,42
43,10,20,96,1920,2016,43
44,8,16,96,1536,1632,44
