calibration_capture_rank,source_partition_rank,site_id,site_index,batch_id,selector,fault_instances,vector_count,enabled_transactions,selection_hash
0,2,HMAC-STEM-000025,25,0,24,2,96,192,3399523aa83aa5132984daeb0810dd20ed25e3e9cf5f61c6ed68be45720fd6b7
1,10,HMAC-STEM-000092,92,0,91,2,96,192,35bdcfb196c93c0e8ce9219ccf64e7f141d554a0636e53e2f45ed09529a93d1c
2,13,HMAC-STEM-000096,96,0,95,2,96,192,33f415b7b452cb0ef0636b84d3a517518c6f3e666bdadd00fe6b56ff685d77a5
3,14,HMAC-STEM-000110,110,0,109,2,96,192,0087a2bc27102b4814a6e9dc49f8a6b3917ebf879391bbd35a636d2cef1cd2c6
4,16,HMAC-STEM-000153,153,0,152,2,96,192,292ba9998ea3cabc0337a228ed35ddcacc0d8a7d2dc808e5e278ddb7fa154f15
5,18,HMAC-STEM-000177,177,0,176,2,96,192,08507a440302816c1a879cd6402ddeeeba552e60cdf28ea4162662bed30d2512
6,21,HMAC-STEM-000245,245,0,244,2,96,192,0aa8c25e0a1e5cbe25d3c8789c5f5b7bc7148df0999b076b20d5171f21f28c1a
7,22,HMAC-STEM-000250,250,0,249,2,96,192,184c55640a29dbf5ebe6fc73701faec391bd9396c8fea08dd4be5a82345401ed
8,33,HMAC-STEM-000368,368,0,367,2,96,192,2cc55d446e57768f639c3b727595af3cde67efa3ceb81841b3ae9ccfc61e86c6
9,38,HMAC-STEM-000449,449,0,448,2,96,192,0953894ff771edb9c441f26d42afcfde6dd41aaa8d9981fe13c064161c742a88
10,39,HMAC-STEM-000453,453,0,452,2,96,192,1ddb020736325f2406fd09be12c126cc6925687c1b2bc6acd6ee9605414afea4
11,42,HMAC-STEM-000478,478,0,477,2,96,192,11769bbe29c3934c238cfb1415c032d13b6c797d4c44c736221b3988bdc70c47
12,52,HMAC-STEM-000579,579,1,66,2,96,192,12613463185f8980a9bee067cc2c151c34a4c1b2ffa3d8b8e972070d8db261d9
13,53,HMAC-STEM-000585,585,1,72,2,96,192,1b6192919dbb3b42c5a1f918ea18630106760ee84c9851905b046005c6b36f63
14,62,HMAC-STEM-000641,641,1,128,2,96,192,14a1b3c371e92885e900e1280e9276f6bb799f301b4f7a93f692412b79691a7a
15,63,HMAC-STEM-000642,642,1,129,2,96,192,17fc538b1ad2128b64a23e24a07e0b2e54cbdc0581f2c35c46142e801cae7ca5
16,64,HMAC-STEM-000644,644,1,131,2,96,192,23b31b02eeb79ed7f2215be45014bfa3219e710b130bccf6e81badf94dbbec6a
17,65,HMAC-STEM-000647,647,1,134,2,96,192,311530b30789b87b88cfbe67c056c6806b68859c2425fdfb665ae6091d9295c5
18,66,HMAC-STEM-000653,653,1,140,2,96,192,0e10a11063d7a1c2360eccb41c975caa0e998367d770940ed2c0a297c8a95acb
19,68,HMAC-STEM-000666,666,1,153,2,96,192,11651dc57a2af7aebd1045aef624b4b0deed4a1c9884ebdd7c5a1f14c6966881
20,70,HMAC-STEM-000674,674,1,161,2,96,192,276fd388a0930bbb4617883f69ca8653944667c9c69b43a5c87529fe32ac86cc
21,73,HMAC-STEM-000681,681,1,168,2,96,192,322f77f3f33557c3b28210dcb3268e6ec96dcf35af3f0945d383b99dcb51dcc4
22,76,HMAC-STEM-000697,697,1,184,2,96,192,1e44f9c678fff6b6a3a45cfab1af7a49dbdc6b66969ced4b46c4c62f9ae1efd8
23,77,HMAC-STEM-000698,698,1,185,2,96,192,22b4c62e789f3bfdef7f5118612459506a2f261f6ba83ea3998494f975424663
24,80,HMAC-STEM-000722,722,1,209,2,96,192,20d5006cc76d5378dec4bc8286ebdad8aefd2b639b05b4a4b2e280677af96ff6
25,81,HMAC-STEM-000739,739,1,226,2,96,192,31f5f337fc24317011644666e63db06ae313281f761a79b40efc889c5437a081
26,84,HMAC-STEM-000747,747,1,234,2,96,192,2f8ebbe727283b3659ee785e488f080b240997b6bfe881f795b943b9920c9002
27,93,HMAC-STEM-000839,839,1,326,2,96,192,0fab6be7849e947acfb2f35710c043ca75b177554df3621a03c410ce78ef608d
28,94,HMAC-STEM-000850,850,1,337,2,96,192,0bca75fb88b4ff6215ff6eb576ad98f2e085993321deab7509a2dfc20165665d
29,108,HMAC-STEM-000983,983,1,470,2,96,192,1e03bef9146fd825464b15e41b3410848635cc83b7678ba8de1a6ee7d9ceea42
30,112,HMAC-STEM-001010,1010,1,497,2,96,192,14a9c9c6ff808faec482e05700de086f0dbe759536d9fba629194d0371dbec35
31,114,HMAC-STEM-001032,1032,2,7,2,96,192,1cdc2c5fc05c7518e5a7a124ec4f10540944a86ee86f5a7cf3271a000e3e2cf2
32,115,HMAC-STEM-001052,1052,2,27,2,96,192,22b9e80aca5b3aec903c651c2399fc0c4784a14e6494a5a963b2e0cf7eade316
33,122,HMAC-STEM-001087,1087,2,62,2,96,192,1e6e14d07a1654d574963d4f68e691323838512364b6701e97488d633f00054c
34,127,HMAC-STEM-001144,1144,2,119,2,96,192,1e213b144415360b79c2e9a16c42eceecc17c5ba2ca76a9095b3b13a3a241e45
35,129,HMAC-STEM-001203,1203,2,178,2,96,192,052fe09640c4b6c7755169f0efa8accd20a02766a0257615928f854f8b6848ea
36,132,HMAC-STEM-001220,1220,2,195,2,96,192,2436b6c6edfa9f1691a3f4bc1a89b2d8853574b37ce313b3d73c8f56e90dddba
37,137,HMAC-STEM-001295,1295,2,270,2,96,192,2bc884808b3f99abd303a3cac56099b0becc45d955c28f2657d62c308938d91e
38,141,HMAC-STEM-001343,1343,2,318,2,96,192,2091e508bcff7ac5e511ad00909ffcd0ddb9b1a99330dc2d0719cc907846b026
39,144,HMAC-STEM-001404,1404,2,379,2,96,192,121c2a444c7e2317854e8ca169b8aa2d1d87ad67d6fa85d502c0ca4b39a12559
40,153,HMAC-STEM-001499,1499,2,474,2,96,192,2f4e73b7fef12ad26959c9438f702015a5a0402f614d01ba89d22c05d64bbf57
41,165,HMAC-STEM-001641,1641,3,104,2,96,192,15fb5836a1b5e8f5d5d4a732778365a26f576cc8ff741123a00ac2a984c9bfe6
42,166,HMAC-STEM-001645,1645,3,108,2,96,192,139d746f215d58a818eea24a80f582a7f606d5e84e6266d703b67487ba43a921
43,172,HMAC-STEM-001687,1687,3,150,2,96,192,159e0188182a479eabf574fda41ab0dd834cc18bb3e8ae5ab13009051834664f
44,175,HMAC-STEM-001729,1729,3,192,2,96,192,082fdbf615b6277a12050bb3562f99ee612fe9a5919c26a89e4ff4b9ec7b3929
45,177,HMAC-STEM-001749,1749,3,212,2,96,192,2f768320cb561328cb11775ae50b09b37f58668c45117fd2bf35090349038d56
46,178,HMAC-STEM-001755,1755,3,218,2,96,192,0ca403925c68f4defc5a3fd6974fec4015009e77cc179f8cf12ecd50073c1325
47,181,HMAC-STEM-001780,1780,3,243,2,96,192,2516e563abbe89cc94d6830c622d8f734f7c1b328b79d2a710c1e5c30d9558d8
48,186,HMAC-STEM-001803,1803,3,266,2,96,192,2471508309a27d290e4670f02cf9a718af5cf0104807105932b4b60e3a2f3188
49,189,HMAC-STEM-001850,1850,3,313,2,96,192,37525c24c51589456582c402a9093d9eb598dbde2f260331006517cdfd11eae2
50,207,HMAC-STEM-001994,1994,3,457,2,96,192,1b2c7ddd5c065db3258009015b904ac0893bfb8478cac436da16627eed62c6c9
51,209,HMAC-STEM-002015,2015,3,478,2,96,192,09c5f6eca244eb81690495f38481b9c36f7a0140d0761e6250c6129c610e980a
52,210,HMAC-STEM-002016,2016,3,479,2,96,192,13ca69b669a99d889f8affc2a0c733823673646be97eb0329809395086de4ce6
53,211,HMAC-STEM-002018,2018,3,481,2,96,192,1e46a7f9bb1880a300a264049745f0278310d6a76bab9549f7062b491eb6f891
54,217,HMAC-STEM-002058,2058,4,9,2,96,192,29d40357045807d8ad66cdb57e6f29531e92349355191043f96bb63ced5447fb
55,223,HMAC-STEM-002132,2132,4,83,2,96,192,0660d714cfcf07d147baf17784686aee04b080c14c649b73dd0db7101dafb6b8
56,230,HMAC-STEM-002181,2181,4,132,2,96,192,3190c8a92d75b605129b4ef066cbd8bb293104bcc53c38606cdcbd829b3297c6
57,231,HMAC-STEM-002184,2184,4,135,2,96,192,2516a9c0ed4b9bd4077456ad893948d46d05b4b89c3d55fc08eff182ebb70b78
58,241,HMAC-STEM-002247,2247,4,198,2,96,192,14d1cf556d89c382772e2e294a5801240a805f358682aefdb59950bfd704a6bf
59,249,HMAC-STEM-002353,2353,4,304,2,96,192,2b38cad9b0d16c0a713d39ad6f309780361b8ed57ac5822fa3070e6f9ced19a3
60,250,HMAC-STEM-002358,2358,4,309,2,96,192,010cbb41484dea1cac5f5a5a8642c73fb0ce0ec154b0191a311904ebd605507e
61,251,HMAC-STEM-002359,2359,4,310,2,96,192,0bd049314ccbb3979a86292bee015d2f0ffe9fdbd3cd49c0b44731c45b0e2c22
62,258,HMAC-STEM-002416,2416,4,367,2,96,192,1993c6e32a512fdef6a6093adcb7df288157b8b8af9cfd5b634946148bf463d0
63,271,HMAC-STEM-002523,2523,4,474,2,96,192,26707f9b2867d79e64249678531cf02a514034eb8a3467ee0945f9ed378775d8
64,276,HMAC-STEM-002543,2543,4,494,2,96,192,2b98a5e7659f7b297a16f43347b57a7ae22c51ea5ef26b5f0ffbdf6824648d4c
65,277,HMAC-STEM-002559,2559,4,510,2,96,192,126d79cea066bd7537b18fb32f368fbac12644c4041561af16731e28455e2195
66,282,HMAC-STEM-002639,2639,5,78,2,96,192,1def5f867dab241a722a0f0a06a2ff6514bd6e4a3f4a2099365af3c08a6c93db
67,283,HMAC-STEM-002648,2648,5,87,2,96,192,321cbbdfb504eda910c30ac1e52a1ab282af5f1c659a8279a5d8aeb8b5d2cfb7
68,284,HMAC-STEM-002663,2663,5,102,2,96,192,1f157c23b240e2e3848e184bd9fd90d2f7c7835e513d4f67ca65d43715886152
69,285,HMAC-STEM-002666,2666,5,105,2,96,192,13ea72193b72e4f50d4b584c90f18806e687b966dc2dae141a0a0e00f0c399af
70,286,HMAC-STEM-002670,2670,5,109,2,96,192,10aaeb834ed2d811756186e08e093f073a07d0e0ec1ef6a3583c5f6acd79f702
71,289,HMAC-STEM-002697,2697,5,136,2,96,192,1c16c502ddb97440ef186be0eeff9db20b14a130aaa9144365c965463f76c954
72,292,HMAC-STEM-002718,2718,5,157,2,96,192,198fb6eae13a04754d2238792c6ee6df1ed9045640c5711355ebcc7ec3d65478
73,315,HMAC-STEM-002977,2977,5,416,2,96,192,0ec61e3d70feb738e6c87933dd6f40c5cb20c4a6d994b857aee86df7449c9ac3
74,316,HMAC-STEM-002997,2997,5,436,2,96,192,0a3c2752d5fd096df680dadf9f886d6775bbc9cc403da26b207e1078a072c5b4
75,317,HMAC-STEM-003037,3037,5,476,2,96,192,154c0d073699f49371cd3642b05838813c8dcab5a27db133aedb2beda6771692
76,322,HMAC-STEM-003067,3067,5,506,2,96,192,060ae5e7c0cd7d7be8a39e9ccabbdcc723090a012b0ada49661941fa8ad1f140
77,324,HMAC-STEM-003074,3074,6,1,2,96,192,220942d7f815f2a532a460a781be5ae9399858c8076c5c5cfd479f94e86acd24
78,325,HMAC-STEM-003080,3080,6,7,2,96,192,0feca5b57fdc17dd014d79bc4fd182b1efc2f4a9b135bef562c791e6d2630104
79,326,HMAC-STEM-003094,3094,6,21,2,96,192,14cef8d175bdf3325cd32af461e5a923ae227fe7ad5c776a092121be9354dda5
80,330,HMAC-STEM-003149,3149,6,76,2,96,192,06e9dd49c695f6e966caa7b8133772da4f0bed61e67be1ea06a69620fedfa85a
81,335,HMAC-STEM-003187,3187,6,114,2,96,192,129a7b62050539f8afdfcabe8c4f767878acdcf1c8a9a77edb2eb7dd7705d898
82,341,HMAC-STEM-003264,3264,6,191,2,96,192,360defdda725683402bb0db41444588d18e791825977389ba69ff6d6ad7ea960
83,347,HMAC-STEM-003304,3304,6,231,2,96,192,1034fa87eb87fcb744c5f23025e1adafa1fc85d74502e339cc97f9f40902fd9a
84,348,HMAC-STEM-003308,3308,6,235,2,96,192,35234666daa3b5946d9f482d79957dce6ccaa4dd551a1c77de6ebe4061166df3
85,349,HMAC-STEM-003315,3315,6,242,2,96,192,040ff0ce6bd3b2810aafbe95658e1b50feee19c5efdecb907bfcb8bceddd8847
86,353,HMAC-STEM-003362,3362,6,289,2,96,192,2890cb20fb878a0bd576d19e8e731b129fa82916ddb01cc3e058df71bbc196f9
87,361,HMAC-STEM-003434,3434,6,361,2,96,192,359b0ee173c03a5c1ebbb2d19ea496c22a75ff37a553139d96732dce9455d768
88,367,HMAC-STEM-003515,3515,6,442,2,96,192,11ff279fcdb7efc4688d53777a0cdc132336d429dc1a8cbb43b2da454e1ea0d8
89,369,HMAC-STEM-003537,3537,6,464,2,96,192,24254cf89e8b3d30003a54d3169426f0e75a52dfa2cb48ee4fb486b38c8d1914
90,376,HMAC-STEM-003608,3608,7,23,2,96,192,03605d158a7ce8211e3604ebc92fe96d8f95c2a20b8c4575667a3237f48804ea
91,379,HMAC-STEM-003634,3634,7,49,2,96,192,2da5cafaac2d466f909b2d8bd46da717751a8bd5a6fe59612156405557ba2eb8
92,380,HMAC-STEM-003655,3655,7,70,2,96,192,11e1fda2d7ab2575c34228548725b8581ff37d10fd11d6ee1c3f044fc1c16664
93,383,HMAC-STEM-003684,3684,7,99,2,96,192,09faf134af3bda65617f64ec8c39f1ed19401186ff073febf68ba4e5d7bcc0c2
94,385,HMAC-STEM-003696,3696,7,111,2,96,192,0e6625be70430a6b013a3ac40eeabd5a2a58a225bedd1d1d429c40bf64c51e66
95,386,HMAC-STEM-003700,3700,7,115,2,96,192,2d5ff74d21217b5913e13022c7d74ccb4d989217ba26f2b0cccd3927ee6c0949
96,389,HMAC-STEM-003732,3732,7,147,2,96,192,1e6c03d158a3d56ef1d61a30e66d3674d6032c71ac06e40824ee124bfa43acf1
97,393,HMAC-STEM-003775,3775,7,190,2,96,192,1ca8529a06c481b02b21876efd5d5a8f8919921708d229179c592b5ba41b7b2b
98,394,HMAC-STEM-003784,3784,7,199,2,96,192,21f21ecb7194b225ab5df5aadafe88028d8065adbe85c17e8696b6b78743aba2
99,395,HMAC-STEM-003795,3795,7,210,2,96,192,02e3ae7f43eb1afddcfe4fdb15f291f2f08810c2e1880f7b158a30d767f0ab41
100,399,HMAC-STEM-003815,3815,7,230,2,96,192,02348b29e77c69d4dd5433ab65f0947a139c1359141bf0423c55593a6b38a299
101,400,HMAC-STEM-003852,3852,7,267,2,96,192,066ee27efe9470b309933fb171d4e48114b858ed6f8a2c7ce748c1a270c3d823
102,405,HMAC-STEM-003899,3899,7,314,2,96,192,36b5979ceb66e77e02e5d14115d7bc488a6b07737947db9f2c18040761911d7e
103,415,HMAC-STEM-004016,4016,7,431,2,96,192,31ff7bfa04d439fa74d58eed32321e34dbe9b80b721c69ce891eb9062270ca02
104,418,HMAC-STEM-004037,4037,7,452,2,96,192,1ddf52b4497257889d32818c6b85ac479e7c5168b682f92ca3c1380f905a7c92
105,419,HMAC-STEM-004043,4043,7,458,2,96,192,2d5341cd87ae81b1fd4525d3be5819af98176845286e64fbc13b3e855926b893
106,420,HMAC-STEM-004045,4045,7,460,2,96,192,2297840b60f1e6cf79f6f299b532e4bb0727581da7bda4e219f6c66e017ade1b
107,426,HMAC-STEM-004115,4115,8,18,2,96,192,1d393a6f0b0019bd9347faf21281d718223c155ff8e5d880560bba093c698a98
108,429,HMAC-STEM-004149,4149,8,52,2,96,192,37a138c8acd94c91cd804248f64d30fe18944f97770fd99b6c1cf5f3cea1f9fa
109,434,HMAC-STEM-004193,4193,8,96,2,96,192,17d0d64f3ee4e6ea78a06390cb9763d06c0894c4eaef41f560a0030e55f4d830
110,445,HMAC-STEM-004300,4300,8,203,2,96,192,24ee87540d1b67461991a2ae41a153a7f0a14816d02440c561192cc3c1e1a73c
111,451,HMAC-STEM-004404,4404,8,307,2,96,192,1b1eb521c8a8c94d5e47e17d4c4666c8e3664dde47a75b27044de66582cad79d
112,463,HMAC-STEM-004528,4528,8,431,2,96,192,2d61068e47191a275eafd5745b4f982de2840fee8d881ea8ec43f12812077bf3
113,464,HMAC-STEM-004539,4539,8,442,2,96,192,00b1c7d44606e3b4ccef97d400bfb0743af120472b79cef428f93e990dc59a12
114,474,HMAC-STEM-004633,4633,9,24,2,96,192,1d726406954af325f481b588097a93d364d5381b4ac173921600dfcfe44d08c9
115,476,HMAC-STEM-004649,4649,9,40,2,96,192,363dc091c16ef004dbcce627046a1c97c469da6c4b88d6ef756f00fcb3aad371
116,477,HMAC-STEM-004657,4657,9,48,2,96,192,2d981ef36fa9c2c72691aa942da410468b21d6415a42be8f7dd1c5b6bbb2ae2f
117,481,HMAC-STEM-004675,4675,9,66,2,96,192,22f3b070e9a3cfee979e4cfa8087b1c6af56fbabfe6417d40067b160377a954b
118,485,HMAC-STEM-004706,4706,9,97,2,96,192,1ba080c03994fe296b381486b561e5aecf35ffd3a340b5245aef09a98cdae343
119,506,HMAC-STEM-004977,4977,9,368,2,96,192,08d500cd7dd0866da0bbe789b4ff88857a7db88463d1ec16910a013ec8decf93
120,512,HMAC-STEM-005035,5035,9,426,2,96,192,0e091fc1449845cd66a61fa61541d8eaca2a434bfd19d922c136ed95f05224b4
121,513,HMAC-STEM-005052,5052,9,443,2,96,192,121f7dbf80e13da7dd7f68eee6f6a722657cef9d347848b4041fca18616e231c
122,514,HMAC-STEM-005057,5057,9,448,2,96,192,088a352c922c391d6790b9347ea96ae4da1eb10f9b3350c0e7bdf98834d75353
123,515,HMAC-STEM-005068,5068,9,459,2,96,192,0f9237a8976534e4370e3c90dea497f8e41b6f0d496c7b6fce19c9a7419c78e4
124,516,HMAC-STEM-005088,5088,9,479,2,96,192,196cf861b1970fe08f216901647afff28c2f745d039537de26d6a1eba74e2373
125,518,HMAC-STEM-005113,5113,9,504,2,96,192,0100c3ce8c1b584318ec9b38a8810785ead2e1d9ba25b3342888e207143b10fe
126,521,HMAC-STEM-005126,5126,10,5,2,96,192,0a53141c59acb849cd169cf6dd1c8f4e2808295821334ef2f285f8f9a3ab31e2
127,523,HMAC-STEM-005142,5142,10,21,2,96,192,2115c9cd9d3c3ba2b585a40941e03a378b3a39cf37b9e5b90b7d42fa4bd06b87
128,524,HMAC-STEM-005146,5146,10,25,2,96,192,055c56c9baa377fdda7e9a2da56d4b4d014ff2bd5cfa78040d976664d0188226
129,525,HMAC-STEM-005150,5150,10,29,2,96,192,060680ec43445a4f98be967005990161b454c2a808c398a6419aa5fbc142c9c4
130,528,HMAC-STEM-005181,5181,10,60,2,96,192,096dd51fd0f04d6a3bac43b68b9fb76e3e4f8c1f5d9bb28a43ea7794b5ca9ae2
131,531,HMAC-STEM-005216,5216,10,95,2,96,192,1277aea3c32dcbebaf32ce1e4062761e40a3f7dc338ed77292d4131727da30ae
132,532,HMAC-STEM-005230,5230,10,109,2,96,192,0e99a961a56df1fb9ffe1d543058e4408674e0d6aa9874579a75800db9e4904a
133,535,HMAC-STEM-005253,5253,10,132,2,96,192,1c7759992bae655b259986f136ab4415120880d730c863c40130373cbfe14da5
134,536,HMAC-STEM-005257,5257,10,136,2,96,192,1f6b63a18946988cc463b47da87d2fe3cf58eec24b5c7d0b1a4c5eb05d99ed40
135,540,HMAC-STEM-005288,5288,10,167,2,96,192,10deacccbe555f6681179948eb37811098bbe71db820e78091000220eb616abb
136,543,HMAC-STEM-005321,5321,10,200,2,96,192,0bad2a53d428b59d4afb2940d5e98ea13c6a592caa3143f25cc15781ab558c5b
137,546,HMAC-STEM-005337,5337,10,216,2,96,192,19f48e4a23ddbf7d1e9d70d943ada84cddaaf600280af92640904cb2cd6d278f
138,551,HMAC-STEM-005374,5374,10,253,2,96,192,30b2ac34a3d2f573ff3ed65fec827ee19f64a24431ba457ccaf4eab1764639e7
139,557,HMAC-STEM-005397,5397,10,276,2,96,192,0cec52982850f5fb7be27aef4e291dbeb49843ef028248ebe643bd7c88aa6e60
140,573,HMAC-STEM-005518,5518,10,397,2,96,192,20244a2cd1212c258cf3563eee3030d27f4e7c276f0ae0dba7facdf448ebe8e4
141,575,HMAC-STEM-005536,5536,10,415,2,96,192,37293fade09afae178b84f0a2647703543ba2f319fc26dcbd9570d410c9d336e
142,576,HMAC-STEM-005543,5543,10,422,2,96,192,357b952079aa1f1347ba4a31e31557380f07b24330d72737b7c27b08e9b33191
143,579,HMAC-STEM-005594,5594,10,473,2,96,192,258facf4ca0111eaa0978773b2b39db9859be79aafcb7ffffc350a14d5b950a4
144,582,HMAC-STEM-005624,5624,10,503,2,96,192,00eaefff2353d51988b3f5921f372a54a564932e621a18212487bbe3e0ca825a
145,590,HMAC-STEM-005675,5675,11,42,2,96,192,2feff994e67106357d5f10f3ac77748b5ce2aa4fb727a4598d57e1e36cc558b0
146,591,HMAC-STEM-005678,5678,11,45,2,96,192,0fafcf6c1ac41c8fd832fa07d8b9986163f8c542366c39a1261f1119dee713c9
147,592,HMAC-STEM-005686,5686,11,53,2,96,192,1bfea3dcf0cb03114c74718af83e4a555be6bc9631ca24039b86a918890a4d55
148,601,HMAC-STEM-005765,5765,11,132,2,96,192,15f8c7b2dacdebc0e22120f4eed317f6c5b395b266a9e9da838fd5a94699b760
149,607,HMAC-STEM-005815,5815,11,182,2,96,192,26e346d642d1097c3da45d43219ef58a97ff430c9da8252a1d56e557c98635b0
150,611,HMAC-STEM-005843,5843,11,210,2,96,192,14cd94a5b018e9e75bc7121700f56f24f5214161dbe1ea657b191a11fe313d68
151,620,HMAC-STEM-005945,5945,11,312,2,96,192,29378095fea8982c393ce028327c010e4ab8991c078f5b223bce787ee140fe12
152,630,HMAC-STEM-006015,6015,11,382,2,96,192,2b93f958939e807e8e6686b8279abf179e45af622b66eae308503f879605a155
153,631,HMAC-STEM-006016,6016,11,383,2,96,192,2f706736a3e74f88bd12fd3701d434cfb5f28355d97942e2eba7c84c9eb5a07a
154,638,HMAC-STEM-006073,6073,11,440,2,96,192,12cba1cab11ca301756c498d47be010060742cfc32ccce25dd8221aab22b2e2a
155,641,HMAC-STEM-006079,6079,11,446,2,96,192,1060f4c0e0305e6586a1caf7703644cb9ba52af6c60a6b5f97944a580e766baa
156,642,HMAC-STEM-006085,6085,11,452,2,96,192,2c1c88524fd1b5211032a8ba88fbcb2135074984ae79552e9adce537d05a3fcb
157,667,HMAC-STEM-006391,6391,12,246,2,96,192,14abee53b1d4df302e8e618a10b51baf8194267a478ad8ba921d9fc2aac17a84
158,673,HMAC-STEM-006483,6483,12,338,2,96,192,216ed0b8e82c1c35e21e44c1e6dd979f6e48a436731f998e4f829659fd35b88a
159,685,HMAC-STEM-006573,6573,12,428,2,96,192,01ecb97750844c5a22a107b54365eb6bfc51ac679dfe852d60b1a71cf1fc8a0a
160,692,HMAC-STEM-006606,6606,12,461,2,96,192,312567948b1b8a1fd7166e4a1a2682f7ea86ecf0dc4c81afb38b13ee2509cc4e
161,695,HMAC-STEM-006629,6629,12,484,2,96,192,19d0936aa904cce3c5e0d7e16022bce79b4a7de0a763235957e5084cc07a7ed9
162,696,HMAC-STEM-006644,6644,12,499,2,96,192,15cd16c869f5a8d67bff5845c5b59287ba15440a01f04a46534ac5fb66dfd393
163,699,HMAC-STEM-006680,6680,13,23,2,96,192,0c3943035db032bdfea8c4ad65a0b757b2a0ff017577a3a97444d37f47e4e56f
164,702,HMAC-STEM-006717,6717,13,60,2,96,192,25e57ecf14e4d5317c7645382d4f0b1a48a88cc3fecf552b8762b0badb30cb5f
165,714,HMAC-STEM-006875,6875,13,218,2,96,192,1bdf3b96f21e4adf73b5031dbc3b7c77f1f497c5783a71c0af108a1aee129b61
166,729,HMAC-STEM-006943,6943,13,286,2,96,192,32ffa17e62972c753ec57ca0a8f02cfa90fc9d27cb3935262bb8435835322a45
167,737,HMAC-STEM-007042,7042,13,385,2,96,192,0ffd313f61d1f6b7db95e685c7164de705d1845c4c110d6fd16811d5b4103184
168,745,HMAC-STEM-007107,7107,13,450,2,96,192,1e646de0abe320205142976746893ece742492c82b6eea84b85674ab3db82636
169,747,HMAC-STEM-007116,7116,13,459,2,96,192,156d80ba5cba2cb743a95152999867d2fad9a5f38173536f763528ae8859f9af
170,750,HMAC-STEM-007140,7140,13,483,2,96,192,2738a5c527694017dcd7da07c0cbb91a1c2a4883e142f1a3cf355f06c2cccd05
171,755,HMAC-STEM-007214,7214,14,45,2,96,192,12ec1bb8297f110d1d0ff25780959fda54ed966f593879ebe7109f1cd10e3a36
172,758,HMAC-STEM-007261,7261,14,92,2,96,192,2e2ed2d5b1440a0948a997292f4c940550ba02b90563c79731702b504ba91b8c
173,759,HMAC-STEM-007267,7267,14,98,2,96,192,368031c9eb01918eb12a6b546770cb84bcc7f72cb3def0535343ca4872a7e1eb
174,764,HMAC-STEM-007326,7326,14,157,2,96,192,2c81039c0796a927f38d7edcbb62ea0fa91f967ac76714cb6e98078f9f633f40
175,765,HMAC-STEM-007335,7335,14,166,2,96,192,0771d43fa5cd6aacc9dc57ee5b4e69579b1f31fb2b589b134794e36f5bdbe76a
176,766,HMAC-STEM-007340,7340,14,171,2,96,192,04beb81961a576d38e7f98516181dd69c54c1d7ba2c1f01dd8219ea57c2c739b
177,768,HMAC-STEM-007348,7348,14,179,2,96,192,0c60f4cdd65633a1bb01cc15a8bbb18725f8d632c27c4430f17879016ace9c51
178,774,HMAC-STEM-007373,7373,14,204,2,96,192,1f1bc9b604f1d180789fe06bc0236af7df595a32ca8d2c41dd7b3da87d26c2b3
179,783,HMAC-STEM-007510,7510,14,341,2,96,192,22e4ff626118d5178855237bdee22746ab9710e990e64b43942ddbadeb45cd1d
180,788,HMAC-STEM-007561,7561,14,392,2,96,192,2dfa3aacfde7bec443fa90643c836b66e35df03df9151e69c183f161526d889f
181,804,HMAC-STEM-007704,7704,15,23,2,96,192,27e7fd773c42e6dad86b71798ec1d213b190b3c1a038655e7ef274ea70596aad
182,805,HMAC-STEM-007714,7714,15,33,2,96,192,3124022b88291fb88f6bec61632f5f74a6cadbb705214a1362552ed81d8d99b8
183,809,HMAC-STEM-007751,7751,15,70,2,96,192,3290df143263155903afd3a08b616dece1cfadd206a9337e516bca3e8eedb4f5
184,817,HMAC-STEM-007827,7827,15,146,2,96,192,0520a309f9a6b057cdee250976a52de56a11d98d1fba3c436864114a7b7de43e
185,820,HMAC-STEM-007850,7850,15,169,2,96,192,15e2ffcd68ff4d17f42c71ac13a16b9e8d6b62d9d3c4a895523708ef505f7acc
186,825,HMAC-STEM-007879,7879,15,198,2,96,192,20b3334df21a855a4cf38536225eda262ba278910ffa010779d1b27ed34d6dfd
187,829,HMAC-STEM-007893,7893,15,212,2,96,192,0edb68f19708b926241aa202407c7ba97ea694004cd71bdf694e9e70577e6302
188,832,HMAC-STEM-007933,7933,15,252,2,96,192,26810b27fe6438369239e0f7257f6c77313b4292fd29430b0cba5d193d409d6b
189,839,HMAC-STEM-007957,7957,15,276,2,96,192,19eb8ed9bf2dcace4c3a546e69e32264f6dd4f60da0e18437e37ba5bfddb75e0
190,841,HMAC-STEM-007974,7974,15,293,2,96,192,35acb6470b84ba699adc5aa8822d730b3bf401330191e9b43fd6e8462423adbf
191,847,HMAC-STEM-008016,8016,15,335,2,96,192,041f957b0cf5e104043bb4e6d8ceb0ebc1b1a8eb1acc92748df9349af99631ba
192,855,HMAC-STEM-008101,8101,15,420,2,96,192,2eb68584875d0089fac128463178321fdfb5649503a9206b539a9cfc2eb87f61
193,857,HMAC-STEM-008110,8110,15,429,2,96,192,36daf3f418fca8eb6c5982a6d7b2f6a362f9827116cbb88b8c4543aee4e9f28c
194,861,HMAC-STEM-008149,8149,15,468,2,96,192,09f261b3dd7729e11f73d3a08e300e0b9ca8675c8ed2fdac8cead0751378425f
195,868,HMAC-STEM-008244,8244,16,51,2,96,192,159c1cd1abc5e06ae3123fc18969853fbf8feb61cd65251d36513897f5c87839
196,870,HMAC-STEM-008262,8262,16,69,2,96,192,062905a68b1c41a1142db58cbcc508aa18f1309346860254f368816b090ca49c
197,872,HMAC-STEM-008281,8281,16,88,2,96,192,1b27523900d20506ecf56d22d326fcddf2c098597ac025a74238f6e121937958
198,877,HMAC-STEM-008327,8327,16,134,2,96,192,121ced435161d9a9348d29f7b11f640e73401c5dda8313896fd3c0c24990c85a
199,880,HMAC-STEM-008366,8366,16,173,2,96,192,1703fa9e521f792f98958cf427ce0955e1ee6c0762f88f4c54ba5f5867947e7a
200,888,HMAC-STEM-008447,8447,16,254,2,96,192,18d3ee8044191af6aca5c72028a34fd5f9b186598889dc4b4af3d2af8347b885
201,889,HMAC-STEM-008458,8458,16,265,2,96,192,1c6038e56853f292dd3e01de2f2019929c9bc78c55911f2b32c0dd1b40f1e386
202,890,HMAC-STEM-008459,8459,16,266,2,96,192,2808e6f44fe48f5d5bd37f86948bb1d9c788775702fd5e56398bc671c887f85a
203,896,HMAC-STEM-008561,8561,16,368,2,96,192,2f308fb634bb69216c60047d20555b794b60759fe28d21eed98dece33504e800
204,898,HMAC-STEM-008593,8593,16,400,2,96,192,00be70914aefab02c6366352a7b7b58a1a37753d8041714700cd34cce93f523a
205,902,HMAC-STEM-008640,8640,16,447,2,96,192,22246ccf53a9177c974675e043fd555e25e0060d0e8931a7775577417be2674d
206,908,HMAC-STEM-008676,8676,16,483,2,96,192,2cae9b83b74b57779975ad274421ba9bfbcf409247b18ba0a2f76a73a67f37a5
207,909,HMAC-STEM-008681,8681,16,488,2,96,192,02c12e6e0b32bede11c33cdd561c5d1240152346dc468444d95c6bdb62de594c
208,910,HMAC-STEM-008683,8683,16,490,2,96,192,2a2c41e5824d4df5d9d0d2394e98879852862f8856742877d7d54983c4b4f497
209,912,HMAC-STEM-008704,8704,16,511,2,96,192,1261725dedf3720a3c367c433e349b6e153e0a34de7b03ec269963d3b8305479
210,915,HMAC-STEM-008743,8743,17,38,2,96,192,2e3f3fb30f5c1eb17f8b6514d5466c824977942e58ebde5939287cacb51341bc
211,920,HMAC-STEM-008789,8789,17,84,2,96,192,2af8fc548baaffa135f2d442840b857d5f850546c2fd54dcef23ce75422f0d1e
212,927,HMAC-STEM-008851,8851,17,146,2,96,192,2cd17950f59b80902c89c880570132a08aebc7bbd8cacd44cac85365bd2ecae5
213,928,HMAC-STEM-008854,8854,17,149,2,96,192,1491fa62ba1d82d28497c99d4bdcd61f5d07eb4178592112ae5e36b03a032539
214,931,HMAC-STEM-008869,8869,17,164,2,96,192,277bcdcc2b5968c8ae3e061c3119f43a9680cb5a3f32bcec9a6ae72eedcad3f9
215,935,HMAC-STEM-008962,8962,17,257,2,96,192,0048de3cac5e89cc66b2321ab3da25756f8c4b9fc03cc8df61a0e306fa28a880
216,939,HMAC-STEM-009015,9015,17,310,2,96,192,2de1d0fa7425e6d26d277cf365e2dd224cfb002b661816092d33b623a950669d
217,940,HMAC-STEM-009022,9022,17,317,2,96,192,2dcbdbd7465ac8280d2fd0b238ba4a7b5854649a7bc8fbea0d1f89ce5f579e14
218,943,HMAC-STEM-009034,9034,17,329,2,96,192,18a4494ab6c4d908829dc1138f06554c3b4aaf768deea6b646c82dfa38e41c41
219,946,HMAC-STEM-009058,9058,17,353,2,96,192,1fdff4f14c42aa8fa1b498da425855a7215697a3162f6d83494e7b13bf95aa31
220,950,HMAC-STEM-009122,9122,17,417,2,96,192,04f248c093c74122b2b13fed5f14540bf9083caadf9180d29b8072e4f287b9e5
221,957,HMAC-STEM-009226,9226,18,9,2,96,192,2747a573f0f552e76610afac51272d1ad069f9bbeca622ba90c9c40052187ed4
222,962,HMAC-STEM-009289,9289,18,72,2,96,192,19a6041ce59ecf1df72c0172151d01bd756e81f617ea9c9b1309af9ed16ad406
223,965,HMAC-STEM-009332,9332,18,115,2,96,192,1e910c50ef4467231e0579c672e199dd168c790381fe2b1e86ff0cf62064a218
224,966,HMAC-STEM-009355,9355,18,138,2,96,192,09c3dcc6a7c4b9ad3a8bf658b84c2933f97ccacdf500e72a4ab1c0dd28eb10c5
225,967,HMAC-STEM-009361,9361,18,144,2,96,192,264633dede7453f90c9ee10441dfaf1d26bfd91ada4a6542cc3c6fb915e05fb3
226,968,HMAC-STEM-009372,9372,18,155,2,96,192,309d0a6d692bdd753601c315646485411495724fdbd0513f114877c2ec9f16d7
227,973,HMAC-STEM-009424,9424,18,207,2,96,192,3611663eead432a90ec9babddfc06a23d045d040074c130110abd85aa836629a
228,976,HMAC-STEM-009476,9476,18,259,2,96,192,03f32c17f60045cc370c48558721d2b08aec92c3bb668f340930014ec0174cad
229,978,HMAC-STEM-009491,9491,18,274,2,96,192,04dd0728f37dc22084d54635fdf32aab280becc50336f69da8b6b8688b3e7ea3
230,982,HMAC-STEM-009533,9533,18,316,2,96,192,29517e6770d49889c48430f9cd3b30e747df2d984810b032e7918061689caaca
231,985,HMAC-STEM-009555,9555,18,338,2,96,192,1050a12f58710b8ff0f4710dacfc44ea57e17241bd8d72bb5039baea7dc9449a
232,988,HMAC-STEM-009579,9579,18,362,2,96,192,1465b2e5b793d099bbae1dcbdf680b1721e90fa8cb069c940fd0d83f7ae70bcb
233,993,HMAC-STEM-009612,9612,18,395,2,96,192,194740c0d44bd05395eb446760ee61f16fc6f1758dcc0b2cb5c0387c3cb5a143
234,994,HMAC-STEM-009619,9619,18,402,2,96,192,18bd7eccafef180525b3187ff5d3ad535abe8d2562b794ff25a9d311c6b82d25
235,1003,HMAC-STEM-009701,9701,18,484,2,96,192,19b201c69653c99ab49dda894ce57d518a3d21801e486f8f4667b3e00a9187bd
236,1004,HMAC-STEM-009710,9710,18,493,2,96,192,0acfe5c62bc265928dd7760c17660d74eb4e52a18df6f7bed99f4293f140cce5
237,1005,HMAC-STEM-009711,9711,18,494,2,96,192,099410753d91e4169c2370e867c775b138fe595a1c75382d1d0b6305969a99e4
238,1006,HMAC-STEM-009718,9718,18,501,2,96,192,2429607e73e0a6dffd0756e56ce5f58a29e78c76fd959c6c8befc1bede4a09a4
239,1012,HMAC-STEM-009817,9817,19,88,2,96,192,3470862319e8771bd47804afb45b9608005ea9b07f90738e08daa9014e880d59
240,1015,HMAC-STEM-009842,9842,19,113,2,96,192,30db61058af2f49319b5bf37d4cfb42d0365fd039dc916347b27dc060390b24e
241,1020,HMAC-STEM-009860,9860,19,131,2,96,192,24ce7c6f102b415d3b9dcbd6fbd258e66d4850012555ef5952e81262099570b1
242,1021,HMAC-STEM-009879,9879,19,150,2,96,192,03505d70092c3d89f40488cf1e1cfd838459a1174958e35a27ff70ece586d5cc
243,1030,HMAC-STEM-009987,9987,19,258,2,96,192,0ce4ec43ca07cbcfbec06a0eff3e9ced149efc8491c65d78f7fc0207ce1bf030
244,1034,HMAC-STEM-010050,10050,19,321,2,96,192,314b287d8fb5f965466dbd5ce83ed320dd8dc95c6211d6cb03945ba773b1f26d
245,1036,HMAC-STEM-010074,10074,19,345,2,96,192,20798a0512265e5b474154b7b3cfde73e0b7adbf3dd9ceef68e2c12090f2f513
246,1050,HMAC-STEM-010226,10226,19,497,2,96,192,28d8fab3461e1e4b05b9839ed844a39ac4914e8797703077678d0196bca1dd7c
247,1051,HMAC-STEM-010234,10234,19,505,2,96,192,31701f375be2219772a3bbe1eec5043533fcf066e01f1725bab539c54a0cf5c3
248,1052,HMAC-STEM-010255,10255,20,14,2,96,192,0af3b3101166c1e7baef17f44a4fd61a2e917906b02a5096ab2a24331a8edb26
249,1060,HMAC-STEM-010350,10350,20,109,2,96,192,0228dd343880f1bfa7f1f2deb8e5ad5ad1fc9197d8c41705c177c54aa6db366a
250,1062,HMAC-STEM-010387,10387,20,146,2,96,192,1e125b27c06ad8c85db8e9538e118696f94e77d4ec0c0cc53178dd658bfc05ae
251,1068,HMAC-STEM-010422,10422,20,181,2,96,192,2e855949fbb409ab9fd05e9a37c8d4b39f57b0a0651b4ede39f35b6f3060dec1
252,1073,HMAC-STEM-010450,10450,20,209,2,96,192,3348e09d508271d01488e61512e81af30ea97ba12a0696e1514673071fdd1c70
253,1080,HMAC-STEM-010488,10488,20,247,2,96,192,1bbc45b984de7c195be76c974c586db33eb5ef23469e98696885f9a439232b09
254,1087,HMAC-STEM-010545,10545,20,304,2,96,192,21b282c7f8d41e7681d3892ddc4684ed5b97200e48479e9c96987d1e61d1fdf5
255,1091,HMAC-STEM-010574,10574,20,333,2,96,192,2e7d465e10b60835cf544179ed3f6e8daad99312e0ece2990a89473abb60bff3
256,1107,HMAC-STEM-010734,10734,20,493,2,96,192,0fa9783ef531339308607671b3d55d6636822f47137220ae5ef4986ff02c0148
257,1113,HMAC-STEM-010782,10782,21,29,2,96,192,34e29b183ceb2209ed274fb91c5f8e265ee9e11547ed42a2bd6ff0fdc800b2f8
258,1125,HMAC-STEM-010890,10890,21,137,2,96,192,07250183e7f875ee6a95336317ec5fd8ea973fc75f5dbbbf1f3b7ad5e7efba7a
259,1129,HMAC-STEM-010922,10922,21,169,2,96,192,25c40b29f0a23e54c0baadd3617c1f59ada15bf6b446a2d267b05a6d7cf6fd13
260,1132,HMAC-STEM-010928,10928,21,175,2,96,192,32200b5637e3d4517335f4f43338b80eea0814f9e3be7da5dee9ff61e07b5bd4
261,1135,HMAC-STEM-010945,10945,21,192,2,96,192,1e62edb3175ae9c455cbc8972dd8f4f4b3111674f453019dd70d4c28cae53ec7
262,1141,HMAC-STEM-010996,10996,21,243,2,96,192,3795b7ca13ce261d632038ab9f71cc9dbd7978e9d6a4f0533cd06f1bff557974
263,1148,HMAC-STEM-011043,11043,21,290,2,96,192,25c77b640a54a96b697192fbebe188b768feaf6f243192d2b9420776c679ba80
264,1155,HMAC-STEM-011112,11112,21,359,2,96,192,1d75caa715654e345214d29a61fbb31819406b37f8edcaab43d72603e44fd001
265,1159,HMAC-STEM-011134,11134,21,381,2,96,192,3332835d305ba77ab734ce470a40ac6d9d8a06da2bcad2547a844b5b5c10a5f1
266,1162,HMAC-STEM-011142,11142,21,389,2,96,192,26e6716fb50b296cc6d98f3abfa5039a913317e79be742da66446948fab0fdd9
267,1169,HMAC-STEM-011217,11217,21,464,2,96,192,1dcdc397997e1fc62ad10c504f108d333ad642085a982bc7728a8e74d6df0c39
268,1173,HMAC-STEM-011253,11253,21,500,2,96,192,1115b7aca2347ea76cdfb6655b3095e05f8df04ba498e1c555018868fd81f28b
269,1174,HMAC-STEM-011273,11273,22,8,2,96,192,2e72a103b733a791dfb35c682bfe4d6c67233e20a7bd6be0adb68ba341aaa521
270,1176,HMAC-STEM-011296,11296,22,31,2,96,192,07c14740053687f882d837a4ef0a39503cdc3e1f8b3e1015125c8d510c29a278
271,1187,HMAC-STEM-011389,11389,22,124,2,96,192,02eafa131caa9e87ee1de75a4e0069c3f4fbd230ffb423a663e15841193c1056
272,1188,HMAC-STEM-011390,11390,22,125,2,96,192,01bd7e7a187cc9220e42c122f5bf265a87a982d629bafe4a07549f2bd422cd2b
273,1194,HMAC-STEM-011448,11448,22,183,2,96,192,1ad2700ca961657330ab4892b0ca70399eb0a21bd58bd9f2d2d8a1a2d8c92baf
274,1201,HMAC-STEM-011509,11509,22,244,2,96,192,352415556195e9a894431f42639e02b8e9aa742e3206a0e43002d3df5bd1e967
275,1203,HMAC-STEM-011526,11526,22,261,2,96,192,0215a193fc08dd0a75857d316200b9e8855a0ff8f9ee7f37b7aa36b5ede74a4a
276,1207,HMAC-STEM-011583,11583,22,318,2,96,192,1d91728dba3f0bbff6f2a04f847560c6fb544e5ca07cab5fc0b0dc4fa5ef742e
277,1217,HMAC-STEM-011730,11730,22,465,2,96,192,3713f0979665504ad4e175f0bcf437132f3a283eb1a4d996055bdb5d298fba57
278,1220,HMAC-STEM-011748,11748,22,483,2,96,192,1380c3389ffc10ba21e07a8097adce6ebe75636b54126e9d3861c6fe58d457bb
279,1223,HMAC-STEM-011791,11791,23,14,2,96,192,06d0916b95747f81c98b56309ae1a949aea7d1128baa02ebfa1765ac8c144abb
280,1225,HMAC-STEM-011835,11835,23,58,2,96,192,246c13dcfe1d067218e66c308263a8b54fde9d5d1b642e5883b297a0d48dc81d
281,1229,HMAC-STEM-011863,11863,23,86,2,96,192,107edfbdf20a84691addba17eefc60cfb7ff6cf5031ad4877c9b820c04a78788
282,1247,HMAC-STEM-012047,12047,23,270,2,96,192,0b7aa817edcfcce309e188f52e77b32aa854cc8fb46f74e9249d1270b4485f19
283,1262,HMAC-STEM-012222,12222,23,445,2,96,192,3409de70882cf6915e0541fb76edc8531ac98ce4521f040fe457e0f6dc4e0289
284,1265,HMAC-STEM-012254,12254,23,477,2,96,192,16dce19ac2bbb0e22d79686dc174d008c912d4c221a6987117db3725c7ed3ba8
285,1267,HMAC-STEM-012280,12280,23,503,2,96,192,2ec7658d49d267b51aaa118ef74c864b4ff83b9d3bf1eaa0dc14503d14f6b41b
286,1269,HMAC-STEM-012289,12289,24,0,2,96,192,11766ce12cd6ccfc9df37ef214a8e007a4f2387b2cbf67fb4c9a4a30754ad55b
287,1277,HMAC-STEM-012351,12351,24,62,2,96,192,36ef418e5ccecc5e2e64baf1fedfc23cf18a0be11d727b9673ec113b5639b0d7
288,1278,HMAC-STEM-012354,12354,24,65,2,96,192,013f7c5b26d37cffc895c955846e2607ad92a126ed96881d5b5f51d1cb8816ef
289,1279,HMAC-STEM-012366,12366,24,77,2,96,192,32984155dc125facc6eb524d037115e15f9beab763d9dd0a6983afb90279cfac
290,1292,HMAC-STEM-012468,12468,24,179,2,96,192,0e165696692e7c8454ba6af7c919760445119cb8eeb6d59114a723d47e4180f2
291,1309,HMAC-STEM-012628,12628,24,339,2,96,192,177107f54852b96052537fb2020119d65ca65e19a9825493022867277af0d512
292,1325,HMAC-STEM-012776,12776,24,487,2,96,192,2cbeb34f947efc68a6a33e688da1ac0cacc655f5d326fc158a8d3f28010e9cf0
293,1339,HMAC-STEM-012929,12929,25,128,2,96,192,37308eda1a915203d7b85baf93f9702960f5fed1833f446c2a172876836e0d97
294,1346,HMAC-STEM-012962,12962,25,161,2,96,192,077338fc9a11f55c79c8eff808142403c87c3601d3364b926595d5bcc8cd1e28
295,1349,HMAC-STEM-013012,13012,25,211,2,96,192,2c00d494560abad3e5f5824a6298763a421e3efa07cdb99e62a4e7f090cbe5c5
296,1351,HMAC-STEM-013015,13015,25,214,2,96,192,1fa4e7298b758ccd2961266aceefb68bcd721a3717908f21f956654870575193
297,1354,HMAC-STEM-013052,13052,25,251,2,96,192,0769ea61c79a04026e56a43af257b73d3142be56d46e811ab59b669c758a0a39
298,1355,HMAC-STEM-013053,13053,25,252,2,96,192,248b925b68151cf4ef30262cbe0513e2fe9cc431e2da91a349ef0f738030927c
299,1357,HMAC-STEM-013069,13069,25,268,2,96,192,34984c3b596f067c76691c15a565c3a5a32898d87c9c2036aca1e9fda25979f5
300,1364,HMAC-STEM-013109,13109,25,308,2,96,192,24d34ada4e48204642f38843f9f080ce6d07b3518f20887f05b78fee49d4760a
301,1365,HMAC-STEM-013122,13122,25,321,2,96,192,270e2fd7ff3662b79b2dc2200ff6ef2a4da0e8ad392e982dd1a1d64c60e8df5f
302,1366,HMAC-STEM-013133,13133,25,332,2,96,192,0cb80c4fd707307367b6f1e2397d4d252363d407e2fcd1720c1de281b244ba8e
303,1372,HMAC-STEM-013212,13212,25,411,2,96,192,10c3c2a0aaf4de4a26f50d8f7712c2553dc2b71ade2b3b126e7737fa7f422440
304,1374,HMAC-STEM-013237,13237,25,436,2,96,192,0ddb75b957bb2609dfb633c829fce610c7470df17d64991434c0c42eb658bd8f
305,1380,HMAC-STEM-013335,13335,26,22,2,96,192,1901debb531cf3308355da1a4e26fb4f7cb42f1d8e9d0da78c6ee802ce20e85e
306,1382,HMAC-STEM-013345,13345,26,32,2,96,192,26fadbc7814420037ca4fb628762b61f4db14d005ac0ada988ba4acdf9cfa257
307,1390,HMAC-STEM-013424,13424,26,111,2,96,192,27aedb7a9d26b17290384820c278a714df4a1f1ebcd54f8fa8c72e88dfe916fb
308,1391,HMAC-STEM-013441,13441,26,128,2,96,192,0d18f98445918194e36d503b3ba9498ccdf644008899e8a807a7dd2eb1c77d19
309,1392,HMAC-STEM-013461,13461,26,148,2,96,192,217c083813f0765658598f9d7f8f752f33fb444af3b75d87284beb4ad7d2aef6
310,1394,HMAC-STEM-013467,13467,26,154,2,96,192,2a937c842feafc6922fe380d41289ba140bc43affa4577ccb03cd56b1a824a26
311,1398,HMAC-STEM-013527,13527,26,214,2,96,192,1d59fa27470bffeb1c618d219f074480c22fb3825293e3ea9c2a8026b600c45b
312,1401,HMAC-STEM-013547,13547,26,234,2,96,192,10d141311beb3757a65e19996d3dfb1117e46526d084445ec8eed11c264acfc8
313,1404,HMAC-STEM-013631,13631,26,318,2,96,192,2271a3ffc5db1b54a99ac31749e2eed309fb340bbfc68bf2de2dda3e6eb45bfb
314,1413,HMAC-STEM-013723,13723,26,410,2,96,192,0204fc8f57bc296b8da66740f8be17a6d2c75a376a279658b106001cb29e7d7a
315,1415,HMAC-STEM-013740,13740,26,427,2,96,192,13cabb699d5e246c4d2d77199949b95021ed60c1b2bd7be9099ba3c733cbb63e
316,1426,HMAC-STEM-013825,13825,27,0,2,96,192,0b5e4934ace774b9e0e502d8a35eaadfc04140640c3b3957310f9d6163869813
317,1431,HMAC-STEM-013871,13871,27,46,2,96,192,107ecddef609332426974944c24e813981841d43336617f366ac8dc8ee895416
318,1441,HMAC-STEM-013949,13949,27,124,2,96,192,2883f9eccb3f097698c69321af7e34d7e3302e10fb581578efca56c123634e14
319,1443,HMAC-STEM-013957,13957,27,132,2,96,192,00e181cc115ba416cf11aabd79f0af9c2538646f4ef0650849cfdbbbebe2e39a
320,1450,HMAC-STEM-013996,13996,27,171,2,96,192,34eec36065b489eef7add95a2f1cd15d2f98c1415c8a7dcdf7edd8ab77032f72
321,1451,HMAC-STEM-014001,14001,27,176,2,96,192,1c89c1bed1c1a4dc39889a201ea8c401fb2eabc915aedab4ed771d211f7a045d
322,1453,HMAC-STEM-014010,14010,27,185,2,96,192,08a6c4db0275d00396cf30371175a1ff592d32c5272ef1bec604b0dab675ec74
323,1460,HMAC-STEM-014066,14066,27,241,2,96,192,0fa528d8ff2ade8fb547fe34b51afc4a77527fff494d6ff26f7bd1772a084cd4
324,1462,HMAC-STEM-014100,14100,27,275,2,96,192,323b71df3d8b7aa26809e433deddfbe596d1743174ac85b5561970ff16e015e9
325,1470,HMAC-STEM-014143,14143,27,318,2,96,192,28bf409aa629aa2289fc4489cfdd9736d17be3a3d08aa795c9cf0241d7808ba7
326,1471,HMAC-STEM-014150,14150,27,325,2,96,192,054ef3d75df4be6fec69c053d983ade2ba73b9bdb7dc39ed70094a260f436491
327,1475,HMAC-STEM-014185,14185,27,360,2,96,192,10bbcc3b84099c5f6c8994369b78c2a103e1223cfe718baa2796dd2a404ebca6
328,1477,HMAC-STEM-014201,14201,27,376,2,96,192,0f001d15328c31767d585bdd2b3dac8957bf75c075c23fce5b6b6f659a5d0b23
329,1481,HMAC-STEM-014223,14223,27,398,2,96,192,07991a44388250500d96b56f6a137035b9c9888971e68c0e88d78ebbb8d0a83d
330,1482,HMAC-STEM-014240,14240,27,415,2,96,192,1ffcdfcef69c98e74fa22f45a89257389ea5b7fc8544f646f668fdc1251bf88b
331,1485,HMAC-STEM-014261,14261,27,436,2,96,192,30563064cfa0520117f9dae6da20c27872654ce3ca2e8ec8b37036efda4f4371
332,1492,HMAC-STEM-014339,14339,28,2,2,96,192,0ddecc2e4b714e42526b6eb08f323c8b499c3107b3ca3ead65d49276d47583a1
333,1499,HMAC-STEM-014369,14369,28,32,2,96,192,1cd33b9e9c5661bcf2daab796ce4b54eda8360f5ffa05046366d7fd9c225154b
334,1508,HMAC-STEM-014407,14407,28,70,2,96,192,2e899f46285b30c1659b305d4fece6163377663427a6b92fa95ae838759d3347
335,1521,HMAC-STEM-014513,14513,28,176,2,96,192,3076fbde23f2ae64b8dc86d4df8545532155f1b46245afc123e71e7ca646a4b6
336,1526,HMAC-STEM-014557,14557,28,220,2,96,192,09594da7dbe07f6843cbd8cd8a8b1bf11a8e5187e2ec4e78223ea63c95edbc3c
337,1530,HMAC-STEM-014601,14601,28,264,2,96,192,358b75f86f4ae8b7a267c83e61ba384dec82401c6e46f8a436c0091fd7b15f8a
338,1532,HMAC-STEM-014616,14616,28,279,2,96,192,07eda3af78a76f4ec7df0ead3f1cb0c0b7992ba62b7af99d67d8b799b9c915a3
339,1534,HMAC-STEM-014628,14628,28,291,2,96,192,3203b8641241a51c4985ccd5b696338f9fd72af13f8563b9d22d132d2e218f85
340,1535,HMAC-STEM-014632,14632,28,295,2,96,192,29f0d70e0983d66aad4f788fcacd87a77e0a3ed4c669d35a2d352982cec5dca3
341,1537,HMAC-STEM-014662,14662,28,325,2,96,192,08187e4a34ee2c272760f8299fbbd11f4926c11565075c96e2314719b7ce3436
342,1542,HMAC-STEM-014725,14725,28,388,2,96,192,3127e5b16faf4030c0fedffc17a3f3afa3d51a78a5a8376a739fee00d085c13c
343,1546,HMAC-STEM-014747,14747,28,410,2,96,192,2655504fdd067934b14e229fa7ce34360eb3b70c8007ca4c31b05373e325023e
344,1556,HMAC-STEM-014868,14868,29,19,2,96,192,2b2fdb8771e80f4014ceb72abf9e91575e9145de9aed4b22d7ea13f8e62f02fa
345,1557,HMAC-STEM-014887,14887,29,38,2,96,192,29d8104e0f00ec1775f823f4f099a549a193b9ba42742246dcd52bb6ec2c4cf3
346,1564,HMAC-STEM-014927,14927,29,78,2,96,192,07cd2f70a4d2470ea926a212a3ac506e5b1afc08b973cee18337dbefa50a8791
347,1570,HMAC-STEM-015113,15113,29,264,2,96,192,0abc829822b6b32ad8f7c3a4d18ed3a18a050de45c32e44501238c96af7c65a4
348,1572,HMAC-STEM-015124,15124,29,275,2,96,192,20793175585c604a8dc36243faee804be060dcef3f6f8c99686724218445300f
349,1576,HMAC-STEM-015148,15148,29,299,2,96,192,016b6e81501d7a5217d02379139af22759ec2fa00ae902dd60eae047e41edf09
350,1577,HMAC-STEM-015159,15159,29,310,2,96,192,339adbd71bea6fdd0682fdbf68a4b072896fea3f271d2997691e0139a707d0ae
351,1578,HMAC-STEM-015205,15205,29,356,2,96,192,24b50fee1dcf0482f774f111ef6ae492ce8794d0bb308ad366d8ad21c9b552e8
352,1583,HMAC-STEM-015251,15251,29,402,2,96,192,10c5233b14f02404a2e332dfe4fc110576ec1dd3e146dc7d67855fc2028e5d65
353,1588,HMAC-STEM-015300,15300,29,451,2,96,192,1e03608c8554ef44eabb32a9deff1d5a3907246d557c6be004ba320c7d833fe4
354,1590,HMAC-STEM-015312,15312,29,463,2,96,192,20a0a69ba32cb02de149232c3b837a7e03288ddce277d4f6bcd6571b798c9795
355,1594,HMAC-STEM-015342,15342,29,493,2,96,192,1de74eecd4f66792a57b707866401381f0700d131043ab517729b8f69ce3a4eb
356,1595,HMAC-STEM-015344,15344,29,495,2,96,192,18d1fa717aca1c03e085402cbd33fd3109f4290d77bf3f96b10b20a9b6b86541
357,1597,HMAC-STEM-015350,15350,29,501,2,96,192,12cad95b29bdec87b02cacdbe5df8ee2fba6aae5075a9c5a1d02f095e9f02d32
358,1612,HMAC-STEM-015465,15465,30,104,2,96,192,2dacce61d2ba1696ce4ab425f49b5757c6dac74946ae621e4f7353b3ab5f07a3
359,1620,HMAC-STEM-015559,15559,30,198,2,96,192,28310b74425728991fdc77ad59c5b2cafe46312b7765000e04068e0368c74e3c
360,1624,HMAC-STEM-015595,15595,30,234,2,96,192,195dcc0050a4211292306b7aebeecdf4b17ef0f853b8a10d9413dcad3b530a06
361,1626,HMAC-STEM-015636,15636,30,275,2,96,192,1e3edf2bf140c2c40e04f54996ba4914cc22f084cf28fce4134b83db9c393460
362,1643,HMAC-STEM-015790,15790,30,429,2,96,192,35e0f37019e0e2137a8d81b19f932932326e66dc1c857ebda85976e0cd7b79ab
363,1646,HMAC-STEM-015820,15820,30,459,2,96,192,2bb73df03fa9ca4cc6faee73d4df64000be276d20e5a64baacd85255e927e64e
364,1664,HMAC-STEM-016051,16051,31,178,2,96,192,25a57a1c266e50b1c93bac89f3cebf82c6d69aa45b0cda841b36a72a0038587e
365,1665,HMAC-STEM-016053,16053,31,180,2,96,192,03c74244af9123ab79ffd5dab436655bc566465182a14088798cd3b4dd194114
366,1675,HMAC-STEM-016141,16141,31,268,2,96,192,299a799558de2362d04a4a46491c90e720a88828cef5c59c587dcf7f2f660d22
367,1679,HMAC-STEM-016149,16149,31,276,2,96,192,1b0858001e005b05cd72e5939f7de36ce41e74e84dc21099079cea6fe381c7c0
368,1680,HMAC-STEM-016160,16160,31,287,2,96,192,0dcfdd8daa80e24840d85974ad869bbdfb89cdabd85baf7bbed269a8e75eec70
369,1683,HMAC-STEM-016195,16195,31,322,2,96,192,1f8986a8f18abbed8112ec3e64113d30a2ce60e793a1206c4c5bdc7d96f0e6fb
370,1691,HMAC-STEM-016262,16262,31,389,2,96,192,327edabb1aa64b1add232269aec78c263aebb4b04b8a90a7752eaa88b4ee63ef
371,1695,HMAC-STEM-016278,16278,31,405,2,96,192,36980dc9f76f8e71536c183cb832918e0234284d484026639126fb28fd1663e6
372,1703,HMAC-STEM-016331,16331,31,458,2,96,192,1ee325f9dfd3149ee512c6e139911c26765f990b36ce5664436cab4f43b87f8d
373,1706,HMAC-STEM-016342,16342,31,469,2,96,192,20b7c13dc6869e701f5a9ba3ce27146fd2d1c4e1b66533a7edec801564d466fe
374,1708,HMAC-STEM-016366,16366,31,493,2,96,192,298a041280c2e080f4dc7e8afc742de9ae07fcbb60510ca09f79e9601c440730
375,1719,HMAC-STEM-016510,16510,32,125,2,96,192,067146227ce72c5d9788e242bd73bcae7731251f2ca4243160d26a0654fccf46
376,1720,HMAC-STEM-016511,16511,32,126,2,96,192,29e979d06be231aa4876707d38230c6b86f12808a6110cb0d9b34d984d092e9e
377,1725,HMAC-STEM-016520,16520,32,135,2,96,192,1e2e88bbf2e9ffb12f9e76d3a314e256c9c9a209e0b04f85e4e0ddab437c29db
378,1729,HMAC-STEM-016538,16538,32,153,2,96,192,36e4a996d4e750d3dbb866778dbfe229aa4a1b86a08965f12dcaa882ed6c63dd
379,1739,HMAC-STEM-016651,16651,32,266,2,96,192,1c2deb515ff317b6a3c4546464dab1b1a9d05f89714620c6a5a6d307a0f7cfa9
380,1740,HMAC-STEM-016660,16660,32,275,2,96,192,2106e820d2236e9cb8feb597114e01c4e570a588b9bfb689f6fcf54b62982ced
381,1742,HMAC-STEM-016666,16666,32,281,2,96,192,1daf891b40fe4fd4706f1bf6fb57feec2f173da45e86f6d02625b9d82f33ba49
382,1745,HMAC-STEM-016689,16689,32,304,2,96,192,0ebc7ccbf1f0fd22ad426120495898ab230b4d2bf3f98c6624e5101209223a02
383,1746,HMAC-STEM-016722,16722,32,337,2,96,192,0a3fd1ebc2185710a4ab8886d0124f94efeaef64fcf8205403d9ed067595dfca
384,1747,HMAC-STEM-016730,16730,32,345,2,96,192,230e262688fbffeff2bb565d9cd666ac146e789703e22e4e16c19bae0555a067
385,1754,HMAC-STEM-016782,16782,32,397,2,96,192,26564a639f61ccd0f42eb6a8fdd821cd0ba682f869e510905052e31494ba1dcb
386,1761,HMAC-STEM-016826,16826,32,441,2,96,192,254b2fce14ecb706623faf87ae341a39530e2895606bc54514d48605ae8f96c1
387,1767,HMAC-STEM-016910,16910,33,13,2,96,192,36cf992f3353a8f0057c49862064413c74f7184d0a71ce68585c351c6b342930
388,1769,HMAC-STEM-016916,16916,33,19,2,96,192,06ff1c2e51b6c2ec04d8405a02fa68b67bf2fd5595da5af516810d5454c7053a
389,1776,HMAC-STEM-016960,16960,33,63,2,96,192,2416d4f4d718f77dc39149759e86c750e7d18a4096f204447bc6f000740fd434
390,1786,HMAC-STEM-017093,17093,33,196,2,96,192,00ca8456102d89502466a8cd6abf80767a9216d5d2040264f28945a7dfeabdb8
391,1790,HMAC-STEM-017136,17136,33,239,2,96,192,1bebecf4b889b4cce0c370bae51e28ece7a2dcbef69eca12f29b961a50ba8c74
392,1794,HMAC-STEM-017149,17149,33,252,2,96,192,151c7945232ab1c102f936eea9a40c605ab73ecc5f2a012374b76de21b9cf762
393,1796,HMAC-STEM-017165,17165,33,268,2,96,192,1e9913bd193679acffe6dd64f3c49b3a4b8071b1cdac7cff05438583b46fc3dc
394,1797,HMAC-STEM-017174,17174,33,277,2,96,192,09a9371e19ad25a5ecff334f5efc5383bb364ec654edb57dc59a007124ae3327
395,1808,HMAC-STEM-017247,17247,33,350,2,96,192,14ad0c029222e9abee7b6fd90f351e13efa931a23b4d171ec04d0bd640f1b104
396,1817,HMAC-STEM-017334,17334,33,437,2,96,192,0e2434ad190bf32913b7dc05fe0d23d7d2d63767a2bb119d3d7a7f17048a4247
397,1821,HMAC-STEM-017342,17342,33,445,2,96,192,0e573b4a5271aefb5d5458503e73383da0d3258d47b12481a88389a7b6708f93
398,1822,HMAC-STEM-017352,17352,33,455,2,96,192,05e0b0ba9e9940e4ad72f174e0049aaf4abfd71b52791a89d5a509457227907f
399,1825,HMAC-STEM-017365,17365,33,468,2,96,192,096d0be7bb2fcabac3c2758faf01dd27c569987ba2185d6bad9928e18ed45875
400,1829,HMAC-STEM-017428,17428,34,19,2,96,192,30c260b7f9ae68775ecef29128670677073c5ae6033312929c1b6112b87f7ce5
401,1845,HMAC-STEM-017577,17577,34,168,2,96,192,305985df1d998149e5528bb22ad58ae81e1a8a93638d65141686991c2895a669
402,1846,HMAC-STEM-017591,17591,34,182,2,96,192,118dcdee857e3070e5acd1082a735e7cfe00336f2ac1e096ee394e0795e865b7
403,1856,HMAC-STEM-017658,17658,34,249,2,96,192,10fe33cd5024f17416af21ec49152b512240531e3b39d36ee56da7d31e96ba69
404,1858,HMAC-STEM-017671,17671,34,262,2,96,192,30a1bf7e2dacbbd395deb618b8ff126f6c586e9578664c61944d1a7cf2195c72
405,1863,HMAC-STEM-017715,17715,34,306,2,96,192,04fd12d8c8a136a8b2462708dda889ac9eb0a5dedb81c008b0caaded0ce23a99
406,1865,HMAC-STEM-017719,17719,34,310,2,96,192,12f878ea63a0f5dcf3a53385b2f5569b5e1b5ab79b4f3b981dfe3f551dd4f876
407,1872,HMAC-STEM-017799,17799,34,390,2,96,192,0070e3c943e4c99aea9bd2f2e86ba2ae63cf86f5e9b370f641e5146c8d4d29d9
408,1876,HMAC-STEM-017823,17823,34,414,2,96,192,0ccd36697bc05a9ee740e1285ed1cecd8def5fa1c36e52a6cd37ad76d06094b6
409,1888,HMAC-STEM-017930,17930,35,9,2,96,192,077efcf1ef4e309e00e5be7f4f0f6df85dc832f97eb51d008539bd99b40b89fe
410,1895,HMAC-STEM-017975,17975,35,54,2,96,192,236c27265ba2e72de9a899ccf63fb80d5d1297d01aeb037f696ce147c0e8d453
411,1900,HMAC-STEM-018031,18031,35,110,2,96,192,1cd0c10f847ccaa1de13420d7e22946dde164002c491f9b6a9f6825efef50e22
412,1914,HMAC-STEM-018221,18221,35,300,2,96,192,3641a6715eab84b41de821a2b9d35009bec94cf9e0dd5b39785b647be96e8493
413,1917,HMAC-STEM-018247,18247,35,326,2,96,192,06fd8984e2084a5954a8d1ce26f29f95bb9508b178aba720f52fb310b582edab
414,1919,HMAC-STEM-018259,18259,35,338,2,96,192,20e3375fedcafcb9bbd8f55b9859e7dd98fbb180ad114b5d8060f2a26d77c234
415,1921,HMAC-STEM-018271,18271,35,350,2,96,192,21878e74f6a1110cde88c280cc94a26279cbd86fb6cbaac6c8180946272df13e
416,1922,HMAC-STEM-018286,18286,35,365,2,96,192,01f3a8c37a044f4187afa9d1f2c571d39d09ba847d31379b3ac287c9bf653947
417,1928,HMAC-STEM-018323,18323,35,402,2,96,192,0f072cdc57c6dafbf46e9d2cd32686e9e97508cb6c70bba8ae2d3f9a64620481
418,1932,HMAC-STEM-018361,18361,35,440,2,96,192,1c9a3e95be091a08854c373e82ee5b5b9083b3aabf2887a73363cf10036a319a
419,1935,HMAC-STEM-018390,18390,35,469,2,96,192,27600256ac4408bcb67f2835df4cfadfffb70f8752768180b5f683cee788b8b7
420,1938,HMAC-STEM-018419,18419,35,498,2,96,192,01f6993b6222f79664b3315077e6036932f85acffd9e617c55a1514351f653c7
421,1941,HMAC-STEM-018424,18424,35,503,2,96,192,2f6600a9c618c5942d2f9cc64491cc626bd26fabf1c54ce1d68785a89aac4fb5
422,1948,HMAC-STEM-018462,18462,36,29,2,96,192,194da7be28f9651466ce34191e25b4ad5a2ebf0d4ab22d8284679341c7a55a7a
423,1961,HMAC-STEM-018624,18624,36,191,2,96,192,00a4176e393e4a653bd46c78969fb55663f21d9be78ebb23ca26da6dff5991cf
424,1964,HMAC-STEM-018634,18634,36,201,2,96,192,30a37ba1e7920230b1970404f2b74fe3bc98de2c71d00aa57d9686469d4f7a11
425,1979,HMAC-STEM-018785,18785,36,352,2,96,192,2afb7569e6e9bd0cf59b97d59468a0b884856d2466811d17dc0c184f3bc90b7e
426,1982,HMAC-STEM-018821,18821,36,388,2,96,192,175445a0799fe725997895df94d7f022a67fa375bce5b488d699fcccb42b1a09
427,1989,HMAC-STEM-018909,18909,36,476,2,96,192,101fb9fefa94a8938b77d2df92bf8221a8bb2909b8f16a751e15894edfec5b36
428,1998,HMAC-STEM-018976,18976,37,31,2,96,192,34bc6dbf5cb0c99571a6609011dc4b50d730464f799791632fdd2b4deac8aae2
429,2000,HMAC-STEM-018981,18981,37,36,2,96,192,322c89a67f563af7ddd4b6a1ae13026f215025d470dc544424f051d339d0bafe
430,2001,HMAC-STEM-018989,18989,37,44,2,96,192,375add58ab5632b45ee98b6ae0cde362113a1479555b3b56e4813652ffe066ca
431,2002,HMAC-STEM-018990,18990,37,45,2,96,192,0ad0408b67b619b66beca3ecbdb2ee592fe71ea31f31d9c1c68ab911e9526ec6
432,2005,HMAC-STEM-019025,19025,37,80,2,96,192,2619f811aa76f803b5dd1abdeb5396be041cfffb5da0094ff9543770b1346889
433,2010,HMAC-STEM-019055,19055,37,110,2,96,192,1f950717f57139e28cb4286f43da0b2df10719cdd544455023c9de91d0d21dd2
434,2011,HMAC-STEM-019056,19056,37,111,2,96,192,2d835b7d73c478224751dd1a81023b936c435dbe03337155efededa0f26161d4
435,2015,HMAC-STEM-019078,19078,37,133,2,96,192,1270d12f0d7bfd2980aec483dd915be7e1e8a1599a5a2193128b53816dfc3e11
436,2017,HMAC-STEM-019093,19093,37,148,2,96,192,3326f3c8d60cb9635202f0f2aced420190daafd1b54a9e947876de8c25256fb5
437,2022,HMAC-STEM-019131,19131,37,186,2,96,192,0a4b4ddbaef0165493f8117d154b232d1cd30f4165efe1a3b8f9e6e64fbe5204
438,2024,HMAC-STEM-019155,19155,37,210,2,96,192,1174d2091dfe2017fe02129b164e4ca6c54cb87dc21a6671314215a0dd1190e5
439,2041,HMAC-STEM-019288,19288,37,343,2,96,192,0fbb049c310dff6c2e384a9f901b0a3dfaa3d05584b86ee28092672a4b6be098
440,2043,HMAC-STEM-019336,19336,37,391,2,96,192,37360bafc0f68b0f22d622c77223a9209e98e08f0ea7ec1a15e65bcd270634a1
441,2047,HMAC-STEM-019380,19380,37,435,2,96,192,22a653609f54b286906288ff3ddcc1d102b429d1b13245179c0c98deb62d04c0
442,2051,HMAC-STEM-019403,19403,37,458,2,96,192,320231babcb7819b5757f031419fe8ad3a4382ad3b2d13af5438fa1b26f90abc
443,2052,HMAC-STEM-019415,19415,37,470,2,96,192,04846c6eaef39664e24a2d6312771e7d60a90c99a822931cc95db5d2e22c0625
444,2065,HMAC-STEM-019509,19509,38,52,2,96,192,10ddc4bf635007adf83c6491a85ca3f33659eecba312a4f0faa76559b805cdfd
445,2066,HMAC-STEM-019530,19530,38,73,2,96,192,123935dc7cc026c16f2ad11a34d731d5a2994d774f6469837079a1c3108779f6
446,2077,HMAC-STEM-019622,19622,38,165,2,96,192,2cb7237c1d44a60dc62f9c4ab0acff2650b9c6a3247f4a09f30ea6abbf9ebe28
447,2082,HMAC-STEM-019701,19701,38,244,2,96,192,35615f98c7a176d95ad15719618286d158afa1ad73a38a5dad509899db156e7a
448,2085,HMAC-STEM-019714,19714,38,257,2,96,192,2fe3c35652d02f9649866e170ceb5134ce8105aa676dd8cc4ec3f36565824259
449,2092,HMAC-STEM-019794,19794,38,337,2,96,192,2d72c6d0fb271a46f8cebcb43671125777cf414a6f7b7afec1b037dbc747383f
450,2099,HMAC-STEM-019864,19864,38,407,2,96,192,182faddb41dcba125f435cfafeafbcbf63cf12c3919d5c11247a44120069702f
451,2110,HMAC-STEM-019970,19970,39,1,2,96,192,1b443cc1f32f82db519b6f24fcab7fb96e27963394b11074759a16d12d36a24f
452,2117,HMAC-STEM-020030,20030,39,61,2,96,192,2bc1c364c95aae16c3f1de85d53318d45d45584f9ce3319c2acd3fbc26e5a9f5
453,2119,HMAC-STEM-020050,20050,39,81,2,96,192,0fb6fcd87150a60da0d81bddf49b65eadf127ce4da9c0921107f41d41424410d
454,2120,HMAC-STEM-020057,20057,39,88,2,96,192,31c54048b730406aac1d5022f1980ed5de6634a26cd8981e34704f272092185c
455,2136,HMAC-STEM-020230,20230,39,261,2,96,192,1fcbb4179fa74ac8f8db13336e6624a997edd627ffc9ace0bde519dec93034b6
456,2154,HMAC-STEM-020362,20362,39,393,2,96,192,34d6b5d9c711add454b7a9a057d6a82d9b306ffba616a038a543a98f004dd0d9
457,2155,HMAC-STEM-020378,20378,39,409,2,96,192,28ad520fd06aca937b8fc8b3e599b5d369f73d1fde8ea2938dce11ac63304008
458,2160,HMAC-STEM-020418,20418,39,449,2,96,192,25737ac1c3754ef33facade25fa1c990d1e63cc9837f446d4e3f9a3bb4e549b7
459,2162,HMAC-STEM-020437,20437,39,468,2,96,192,065eab36ff093273a49783fdf50730f9fe8b803e421d534171cd02eb726a2cb7
460,2166,HMAC-STEM-020496,20496,40,15,2,96,192,3004b7dffd0cad41365bb9e3c3f508b7aa458ced327c51c58c6d65bd2ac0bdc0
461,2190,HMAC-STEM-020764,20764,40,283,2,96,192,0f6b658ac18d584a97813d1e73154f1b92d862a9f93d1c5f84be7ff4eec7057c
462,2200,HMAC-STEM-020875,20875,40,394,2,96,192,36adb32eb022aa848994a8bdc9f8822e773a1c83369d23150f33a6eac87526f8
463,2204,HMAC-STEM-020910,20910,40,429,2,96,192,3076691495d3d156899a690757a665f8d0303180ac8eb70f396b98f89d324ab7
464,2206,HMAC-STEM-020914,20914,40,433,2,96,192,17e8110bcd4a4646fa79d6f33856cd8ab1f55218a6e12aa9e49b481df4f9658a
465,2211,HMAC-STEM-020956,20956,40,475,2,96,192,2f3da2230c42355bd194397cdc3a296e18137f185ef1fe209d2a63df873401e4
466,2216,HMAC-STEM-021009,21009,41,16,2,96,192,227aa605235e58b25321038408c993d5c1ba7893c03d74281b8f6a2741fb34f0
467,2218,HMAC-STEM-021031,21031,41,38,2,96,192,17c6e0b059f134ecbcea2695df6e8de96b54959589375a7eb1f60ae02d85a50f
468,2219,HMAC-STEM-021067,21067,41,74,2,96,192,19a30c6159f8d792c9e8198382827ca5add82499f8cde7c7edaaa308866ba373
469,2225,HMAC-STEM-021115,21115,41,122,2,96,192,08f072f1241dfcf8273353895e1a986aa0cd3da377955a38457214c3d6f4b6cc
470,2226,HMAC-STEM-021127,21127,41,134,2,96,192,0a683963ea0057a08efafcf5b6557a773b96a28be8cee61bb108aa3bf2f9541b
471,2229,HMAC-STEM-021184,21184,41,191,2,96,192,149c4ca8b71ad3722bb35324154ff023014a8d5e9ef03c6ed92b826dbc3a2830
472,2232,HMAC-STEM-021240,21240,41,247,2,96,192,0003f5ef80d1c8e195ba3e5c67ccb1b36c904fc4c84650320c578815ff4ce3eb
473,2235,HMAC-STEM-021282,21282,41,289,2,96,192,1b73b90feb926ddd389fafa2ceee22095cd9c4be25ba5aea4e4da3576ff00903
474,2241,HMAC-STEM-021322,21322,41,329,2,96,192,336d31fe1fb117157a8b025bb6ebdd11689e8b5f16a714885abb29051e9f3e08
475,2245,HMAC-STEM-021347,21347,41,354,2,96,192,1acd5192e2fb163499cf105ba3faffd40e39e842248ae7846e01d06938d1aaae
476,2246,HMAC-STEM-021350,21350,41,357,2,96,192,0b23cb8940b857f38a3c0e95039315adf1ce0336f4b95ec65ead763b34deec4a
477,2247,HMAC-STEM-021354,21354,41,361,2,96,192,2431876197de699bf3262aff793f4110efa5fd051d256a0782672b750388fa0e
478,2252,HMAC-STEM-021397,21397,41,404,2,96,192,28b2113ee0b3fbf4a8b6b5f7ff764ef8b3da358238c70dc7d264c4f927bd2298
479,2253,HMAC-STEM-021398,21398,41,405,2,96,192,19d50751eb1299d456a0cdc038cceb771041ebb5724d3fcf1162a8d3c205d6f2
480,2256,HMAC-STEM-021418,21418,41,425,2,96,192,09547d517f45b4aaf6f8956658267e11c309be1082eb7b452ae4ce457de49e65
481,2265,HMAC-STEM-021516,21516,42,11,2,96,192,0e4211855ab8bbe6d7cf82c7c3d4187a7c5612647f1247b26340c31a2a5242d3
482,2267,HMAC-STEM-021526,21526,42,21,2,96,192,251f827c25ed5ea0bff499a951837a4297da193be5149c422af0f076acbdf36c
483,2274,HMAC-STEM-021572,21572,42,67,2,96,192,0ca193546d36b2d053a84a8d20a2a3e8415c0339c0e08eec4c299685649cd160
484,2277,HMAC-STEM-021590,21590,42,85,2,96,192,1bb95061656082febe4c0190e778df0d9b37b4f62c90053fa058bc2392fe8e88
485,2285,HMAC-STEM-021681,21681,42,176,2,96,192,33cb7cef09b05cb99a79168497b4fd275ce3b58a2aedcc57079b4a5dd1bb4a77
486,2291,HMAC-STEM-021734,21734,42,229,2,96,192,0c51860131eba3fcf7e6f9c96b04bad5e9bfe65e16c54cd3340bbd0782551eb8
487,2296,HMAC-STEM-021808,21808,42,303,2,96,192,162bb55bfde5b7b7c09d111cd8848d380709161b67a66d6e5bffea046bc4c091
488,2300,HMAC-STEM-021840,21840,42,335,2,96,192,1d2b62108e4800857fad48ac6deaaadeea51f21e022849c06997424e1aa5ecc0
489,2301,HMAC-STEM-021843,21843,42,338,2,96,192,32f8875b421bb365db331f490dac8089f42f71cbfb4c8347fd4365107565c909
490,2308,HMAC-STEM-021961,21961,42,456,2,96,192,3285a5b8545d66d670c6167687323cf6aa3ac3e987cbf4bbab5ce363079c80bc
491,2311,HMAC-STEM-021983,21983,42,478,2,96,192,014f86c814a297110e4a40b2c804880d0ae8d884cacf07d91123337dd2d802b7
492,2312,HMAC-STEM-021988,21988,42,483,2,96,192,15b4137b1a89853c271ef1625152a83d4b29f04ba2c6e96e81909c02ea5c4cf8
493,2314,HMAC-STEM-021993,21993,42,488,2,96,192,2b7efb0f32e0f6d4752b8eb745cdcadc2e8b1dddd87e054ffecd14d37555228d
494,2318,HMAC-STEM-022039,22039,43,22,2,96,192,1421e7b0c0e68df4fba2b31a78c6d95d419a52eecee0a88fc889ab1407771af8
495,2326,HMAC-STEM-022107,22107,43,90,2,96,192,2f5f89e9d99ca2a66ba7fd187071c90f53bfbc8283c5074e58bebca266db1581
496,2334,HMAC-STEM-022200,22200,43,183,2,96,192,1e5e6aaa59089bde7a0f9c694cb4d766a5a338e97efb1a7850fe9d874c45bcb6
497,2336,HMAC-STEM-022211,22211,43,194,2,96,192,2e64858e21e772ce567b7324eaa2dd36c2d204d4c28eff1cb3e26ae5443ebbe6
498,2337,HMAC-STEM-022225,22225,43,208,2,96,192,2565a6bb1872c9f42e3e276b807890e1e8e7640a384c2f0d10ac06109bfd2783
499,2344,HMAC-STEM-022323,22323,43,306,2,96,192,30dca32d79cd4bf7a0437d986b9167ccc35dc84539f4a6915b7fdfdb16235be4
500,2353,HMAC-STEM-022459,22459,43,442,2,96,192,0c29b622f9dc2eff665d1d111e3198fb5f7110763f777dd36863508d0e4ae876
501,2354,HMAC-STEM-022470,22470,43,453,2,96,192,0813e92a0b2fa5f94db8ae9c8e43eacc53fb4f630d579933ca1168200c814973
502,2359,HMAC-STEM-022493,22493,43,476,2,96,192,32e8f714b3d145dda5a98eb287bd8d9af3fd1c2bf786c69eb2e2a70fb14ffb96
503,2363,HMAC-STEM-022516,22516,43,499,2,96,192,285568d6aa084252706e333af27a9d3f3478b208293238f43d0c88ac3b27ce94
504,2370,HMAC-STEM-022571,22571,44,42,2,96,192,15c6436dd28b2cb1cdc013ff5ce24128e89b3fa51b487f67ea7f258fc79ebb0f
505,2371,HMAC-STEM-022577,22577,44,48,2,96,192,34ee070f3a73e3b2db65fdc269ef5995ff15e50470c340a55528905c7c38faa6
506,2373,HMAC-STEM-022598,22598,44,69,2,96,192,2320f2a195533a3f09f6591e8a0c417da2a3206895b02736d839d4ad133265a8
507,2375,HMAC-STEM-022612,22612,44,83,2,96,192,1266ed5ff6a6ab7283c8fae2c1a4d82f1be9b5c74101d3268bbf9c493fc6286b
508,2378,HMAC-STEM-022649,22649,44,120,2,96,192,2dacc6c1403251f16b00c17576c60963225de4623b5a8d9b7f50409a7beaa899
509,2380,HMAC-STEM-022658,22658,44,129,2,96,192,12e5329d1a3b9577a1c7ca4f11f718435cfb40e9c7fc33b270705f3211d2011e
510,2388,HMAC-STEM-022740,22740,44,211,2,96,192,11fbd5533f226294102a901d1de959a2b6cbc281ee45042331fd3d82ddf32e30
511,2391,HMAC-STEM-022759,22759,44,230,2,96,192,19a0029627669f71fecc36980bf2daf5c4493c7b5414d09af0a9a99ce9bce4ec
