candidate_id,replay,epoch,mean_ranking_loss,optimizer_steps
V2_LINKED_RANKER_SMALL_A1E5,False,1,3.3910395354554272,157
V2_LINKED_RANKER_SMALL_A1E5,False,2,2.865068019966205,314
V2_LINKED_RANKER_SMALL_A1E5,False,3,2.6478233195353242,471
V2_LINKED_RANKER_SMALL_A1E5,False,4,2.479730512877161,628
V2_LINKED_RANKER_SMALL_A1E5,False,5,2.3242919785977887,785
V2_LINKED_RANKER_SMALL_A1E5,False,6,2.1679480075732993,942
V2_LINKED_RANKER_SMALL_A1E5,False,7,1.9709013083427007,1099
V2_LINKED_RANKER_SMALL_A1E5,False,8,1.7721516621551447,1256
V2_LINKED_RANKER_WIDE_A1E5,False,1,3.370821405243811,209
V2_LINKED_RANKER_WIDE_A1E5,False,2,2.801920010032264,418
V2_LINKED_RANKER_WIDE_A1E5,False,3,2.5147145881238364,627
V2_LINKED_RANKER_WIDE_A1E5,False,4,2.2341533173048926,836
V2_LINKED_RANKER_WIDE_A1E5,False,5,1.9351840052554665,1045
V2_LINKED_RANKER_WIDE_A1E5,False,6,1.626824072882605,1254
V2_LINKED_RANKER_SMALL_A1E5,True,1,3.3910395354554272,157
V2_LINKED_RANKER_SMALL_A1E5,True,2,2.865068019966205,314
V2_LINKED_RANKER_SMALL_A1E5,True,3,2.6478233195353242,471
V2_LINKED_RANKER_SMALL_A1E5,True,4,2.479730512877161,628
V2_LINKED_RANKER_SMALL_A1E5,True,5,2.3242919785977887,785
V2_LINKED_RANKER_SMALL_A1E5,True,6,2.1679480075732993,942
V2_LINKED_RANKER_SMALL_A1E5,True,7,1.9709013083427007,1099
V2_LINKED_RANKER_SMALL_A1E5,True,8,1.7721516621551447,1256
