vector_index,activated_fault_instances,detected_fault_instances,new_observable_candidates,distinct_detected_response_signatures,sa0_detected,sa1_detected,timeout_fault_instances
0,1646,878,878,748,403,475,75
1,1649,892,892,757,409,483,75
2,1657,896,896,759,423,473,75
3,1651,891,891,757,404,487,75
4,1653,891,891,758,413,478,75
5,1655,893,893,760,411,482,75
6,1649,880,880,750,411,469,75
7,1643,885,885,751,401,484,75
8,1641,877,877,743,393,484,75
9,1647,899,899,764,416,483,75
10,1660,885,885,747,406,479,75
11,1656,883,883,748,415,468,75
12,1657,898,898,762,421,477,75
13,1653,889,889,756,411,478,75
14,1653,890,890,756,411,479,75
15,1655,892,892,759,415,477,75
16,1661,890,890,753,413,477,75
17,1653,885,885,748,408,477,75
18,1646,884,884,749,417,467,75
19,1652,888,888,751,409,479,75
20,1656,889,889,752,422,467,75
21,1661,897,897,765,426,471,75
22,1654,894,894,758,417,477,75
23,1646,889,889,755,403,486,75
24,1653,892,892,756,419,473,75
25,1641,887,887,755,402,485,75
26,1649,885,885,754,406,479,75
27,1653,889,889,752,411,478,75
28,1647,881,881,753,399,482,75
29,1664,898,898,762,426,472,75
30,1637,883,883,752,396,487,75
31,1645,882,882,742,397,485,75
32,1658,890,890,758,418,472,75
33,1658,893,893,758,417,476,75
34,1655,891,891,759,418,473,75
35,1665,887,887,750,420,467,75
36,1658,888,888,755,404,484,75
37,1663,892,892,760,420,472,75
38,1646,882,882,748,398,484,75
39,1647,892,892,761,403,489,75
40,1649,876,876,745,396,480,75
41,1655,894,894,752,414,480,75
42,1663,897,897,763,419,478,75
43,1654,883,883,753,405,478,75
44,1645,884,884,755,394,490,75
45,1658,883,883,749,403,480,75
46,1655,880,880,749,420,460,75
47,1640,892,892,759,407,485,75
48,1654,898,898,765,414,484,75
49,1654,896,896,760,416,480,75
50,1652,885,885,747,411,474,75
51,1645,885,885,750,400,485,75
52,1643,883,883,748,408,475,75
53,1659,881,881,746,401,480,75
54,1650,887,887,758,400,487,75
55,1651,886,886,752,410,476,75
56,1651,886,886,753,407,479,75
57,1653,906,906,776,413,493,75
58,1651,895,895,760,416,479,75
59,1642,880,880,746,396,484,75
60,1651,891,891,753,409,482,75
61,1653,886,886,753,405,481,75
62,1655,893,893,760,414,479,75
63,1653,892,892,755,411,481,75
64,1653,886,886,750,408,478,75
65,1645,878,878,741,396,482,75
66,1655,885,885,753,413,472,75
67,1646,882,882,749,400,482,75
68,1659,887,887,750,416,471,75
69,1649,886,886,752,407,479,75
70,1654,888,888,754,406,482,75
71,1647,882,882,749,396,486,75
72,1650,895,895,763,411,484,75
73,1646,893,893,754,411,482,75
74,1649,901,901,759,408,493,75
75,1655,892,892,757,410,482,75
76,1664,896,896,758,423,473,75
77,1668,890,890,756,414,476,75
78,1643,884,884,755,407,477,75
79,1652,897,897,761,417,480,75
80,1651,880,880,743,417,463,75
81,1649,876,876,741,405,471,75
82,1651,885,885,750,407,478,75
83,1649,890,890,753,410,480,75
84,1651,886,886,748,410,476,75
85,1647,894,894,760,414,480,75
86,1647,893,893,761,409,484,75
87,1660,882,882,747,411,471,75
88,1662,893,893,761,417,476,75
89,1653,883,883,750,412,471,75
90,1647,883,883,752,394,489,75
91,1653,890,890,755,413,477,75
92,1659,885,885,747,409,476,75
93,1655,892,892,757,420,472,75
94,1659,909,909,772,424,485,75
95,1650,888,888,750,410,478,75
96,1651,890,890,753,412,478,75
97,1652,883,883,751,402,481,75
98,1643,875,875,736,401,474,75
99,1647,881,881,746,401,480,75
100,1652,887,887,753,414,473,75
101,1656,890,890,755,423,467,75
102,1654,875,875,744,402,473,75
103,1657,888,888,751,410,478,75
104,1658,898,898,764,413,485,75
105,1646,887,887,751,406,481,75
106,1656,891,891,753,421,470,75
107,1649,885,885,747,414,471,75
108,1665,900,900,766,411,489,75
109,1653,887,887,751,414,473,75
110,1658,894,894,762,414,480,75
111,1650,895,895,760,420,475,75
112,1661,890,890,755,412,478,75
113,1659,890,890,756,415,475,75
114,1653,881,881,747,402,479,75
115,1652,891,891,752,410,481,75
116,1655,894,894,758,408,486,75
117,1650,893,893,760,407,486,75
118,1643,891,891,760,410,481,75
119,1643,885,885,751,402,483,75
120,1648,893,893,756,413,480,75
121,1654,887,887,753,412,475,75
122,1654,886,886,752,406,480,75
123,1652,893,893,758,410,483,75
124,1648,897,897,764,407,490,75
125,1655,893,893,763,412,481,75
126,1656,883,883,747,404,479,75
127,1649,883,883,752,410,473,75
128,1662,885,885,751,418,467,75
129,1653,884,884,747,404,480,75
130,1654,900,900,768,422,478,75
131,1664,899,899,767,422,477,75
132,1650,890,890,753,420,470,75
133,1642,891,891,753,413,478,75
134,1653,882,882,742,407,475,75
135,1654,896,896,760,414,482,75
136,1652,891,891,756,417,474,75
137,1641,877,877,745,406,471,75
138,1646,889,889,752,407,482,75
139,1657,886,886,753,409,477,75
140,1645,896,896,763,412,484,75
141,1658,893,893,760,411,482,75
142,1660,883,883,750,416,467,75
143,1649,883,883,746,392,491,75
144,1651,885,885,752,407,478,75
145,1648,889,889,748,413,476,75
146,1647,890,890,756,415,475,75
147,1642,888,888,751,409,479,75
148,1650,890,890,751,407,483,75
149,1653,892,892,758,416,476,75
150,1652,889,889,753,406,483,75
151,1650,884,884,748,408,476,75
152,1654,898,898,762,411,487,75
153,1650,894,894,756,406,488,75
154,1659,888,888,756,411,477,75
155,1651,887,887,754,407,480,75
156,1638,890,890,758,415,475,75
157,1651,886,886,749,411,475,75
158,1657,898,898,764,421,477,75
159,1643,892,892,753,416,476,75
160,1653,889,889,752,404,485,75
161,1658,895,895,760,420,475,75
162,1657,890,890,759,412,478,75
163,1647,892,892,757,411,481,75
164,1646,896,896,760,407,489,75
165,1651,894,894,758,410,484,75
166,1657,892,892,760,407,485,75
167,1654,877,877,744,407,470,75
168,1649,890,890,757,408,482,75
169,1658,885,885,750,411,474,75
170,1650,884,884,754,411,473,75
171,1654,890,890,755,413,477,75
172,1660,892,892,753,409,483,75
173,1655,889,889,754,419,470,75
174,1653,896,896,757,415,481,75
175,1648,885,885,749,407,478,75
176,1647,896,896,757,411,485,75
177,1658,889,889,754,411,478,75
178,1656,891,891,756,417,474,75
179,1660,891,891,756,414,477,75
180,1652,888,888,754,413,475,75
181,1641,899,899,763,409,490,75
182,1658,880,880,747,407,473,75
183,1653,894,894,756,414,480,75
184,1655,886,886,749,416,470,75
185,1653,888,888,754,406,482,75
186,1660,897,897,763,410,487,75
187,1659,895,895,758,409,486,75
188,1666,887,887,753,413,474,75
189,1654,897,897,764,416,481,75
190,1655,895,895,757,426,469,75
191,1651,893,893,763,404,489,75
192,1636,886,886,755,411,475,75
193,1651,894,894,764,413,481,75
194,1654,889,889,756,413,476,75
195,1651,896,896,760,407,489,75
196,1653,886,886,752,412,474,75
197,1650,883,883,749,407,476,75
198,1661,894,894,758,419,475,75
199,1654,890,890,751,403,487,75
200,1663,885,885,753,413,472,75
201,1644,882,882,747,420,462,75
202,1660,895,895,761,415,480,75
203,1652,889,889,755,413,476,75
204,1644,886,886,749,402,484,75
205,1650,888,888,752,413,475,75
206,1662,896,896,761,420,476,75
207,1656,896,896,763,424,472,75
208,1648,885,885,751,405,480,75
209,1655,884,884,748,414,470,75
210,1662,897,897,757,419,478,75
211,1654,890,890,752,413,477,75
212,1647,889,889,757,402,487,75
213,1642,892,892,761,413,479,75
214,1654,891,891,756,409,482,75
215,1642,886,886,748,409,477,75
216,1650,891,891,755,416,475,75
217,1650,872,872,739,403,469,75
218,1655,889,889,753,411,478,75
219,1657,897,897,762,410,487,75
220,1651,891,891,759,413,478,75
221,1648,895,895,760,414,481,75
222,1663,892,892,759,416,476,75
223,1647,881,881,752,411,470,75
224,1664,886,886,749,407,479,75
225,1650,865,865,735,393,472,75
226,1648,879,879,742,404,475,75
227,1655,893,893,754,407,486,75
228,1646,889,889,759,411,478,75
229,1662,896,896,764,420,476,75
230,1658,885,885,752,411,474,75
231,1658,888,888,753,408,480,75
232,1661,891,891,758,406,485,75
233,1644,878,878,750,401,477,75
234,1650,888,888,756,416,472,75
235,1659,887,887,754,415,472,75
236,1647,877,877,749,388,489,75
237,1652,895,895,760,419,476,75
238,1653,896,896,764,409,487,75
239,1632,883,883,749,404,479,75
240,1654,896,896,760,414,482,75
241,1650,889,889,756,416,473,75
242,1646,881,881,746,406,475,75
243,1658,884,884,751,411,473,75
244,1655,895,895,762,410,485,75
245,1643,881,881,749,400,481,75
246,1650,891,891,758,406,485,75
247,1659,883,883,752,405,478,75
248,1654,888,888,752,407,481,75
249,1649,897,897,764,423,474,75
250,1652,890,890,754,419,471,75
251,1646,886,886,750,408,478,75
252,1653,886,886,753,407,479,75
253,1654,892,892,760,411,481,75
254,1650,892,892,755,406,486,75
255,1647,880,880,741,402,478,75
256,1654,894,894,758,416,478,75
257,1651,888,888,753,405,483,75
258,1652,887,887,758,416,471,75
259,1645,877,877,743,412,465,75
260,1652,897,897,762,411,486,75
261,1649,892,892,761,403,489,75
262,1657,890,890,755,403,487,75
263,1659,886,886,752,409,477,75
264,1655,884,884,751,408,476,75
265,1647,892,892,760,409,483,75
266,1641,881,881,747,398,483,75
267,1655,897,897,769,413,484,75
268,1650,892,892,762,406,486,75
269,1650,892,892,755,416,476,75
270,1653,897,897,766,412,485,75
271,1636,884,884,751,409,475,75
272,1651,894,894,762,414,480,75
273,1645,880,880,752,401,479,75
274,1656,888,888,751,418,470,75
275,1655,892,892,759,406,486,75
276,1642,887,887,756,404,483,75
277,1659,886,886,753,404,482,75
278,1655,890,890,753,413,477,75
279,1645,887,887,750,398,489,75
280,1656,890,890,755,412,478,75
281,1653,885,885,753,407,478,75
282,1652,883,883,751,403,480,75
283,1654,894,894,761,423,471,75
284,1649,880,880,745,403,477,75
285,1645,882,882,747,410,472,75
286,1644,892,892,758,413,479,75
287,1656,896,896,760,417,479,75
288,1651,880,880,753,390,490,75
289,1653,886,886,751,405,481,75
290,1651,885,885,751,412,473,75
291,1652,885,885,754,408,477,75
292,1660,884,884,750,409,475,75
293,1660,894,894,758,417,477,75
294,1652,898,898,766,410,488,75
295,1642,884,884,748,403,481,75
296,1650,883,883,747,409,474,75
297,1659,899,899,763,411,488,75
298,1649,887,887,751,411,476,75
299,1646,888,888,752,404,484,75
300,1657,887,887,748,407,480,75
301,1657,890,890,758,414,476,75
302,1659,894,894,759,419,475,75
303,1651,896,896,766,420,476,75
304,1661,906,906,772,423,483,75
305,1648,886,886,746,411,475,75
306,1657,884,884,754,403,481,75
307,1646,885,885,751,411,474,75
308,1640,879,879,747,401,478,75
309,1654,890,890,750,406,484,75
310,1658,889,889,751,428,461,75
311,1653,893,893,756,420,473,75
312,1651,893,893,758,415,478,75
313,1648,899,899,766,407,492,75
314,1650,879,879,748,401,478,75
315,1657,886,886,755,403,483,75
316,1653,894,894,760,413,481,75
317,1643,881,881,747,411,470,75
318,1643,888,888,754,412,476,75
319,1655,893,893,760,411,482,75
320,1650,892,892,761,405,487,75
321,1642,891,891,760,412,479,75
322,1645,890,890,759,412,478,75
323,1657,896,896,761,424,472,75
324,1654,897,897,764,405,492,75
325,1649,880,880,748,396,484,75
326,1655,887,887,750,411,476,75
327,1644,880,880,741,409,471,75
328,1661,902,902,767,412,490,75
329,1657,893,893,760,415,478,75
330,1655,892,892,757,408,484,75
331,1651,893,893,760,413,480,75
332,1643,886,886,754,403,483,75
333,1661,894,894,758,412,482,75
334,1656,891,891,755,411,480,75
335,1648,890,890,752,415,475,75
336,1662,900,900,764,417,483,75
337,1645,889,889,754,410,479,75
338,1642,889,889,756,415,474,75
339,1653,888,888,750,404,484,75
340,1653,897,897,764,405,492,75
341,1648,897,897,764,410,487,75
342,1642,883,883,748,403,480,75
343,1665,886,886,752,418,468,75
344,1655,893,893,756,411,482,75
345,1664,901,901,768,419,482,75
346,1648,886,886,751,406,480,75
347,1652,890,890,755,412,478,75
348,1652,890,890,755,404,486,75
349,1650,887,887,756,403,484,75
350,1656,893,893,760,419,474,75
351,1652,890,890,754,415,475,75
352,1654,883,883,748,395,488,75
353,1661,892,892,756,413,479,75
354,1642,885,885,755,408,477,75
355,1659,889,889,754,416,473,75
356,1659,883,883,752,409,474,75
357,1651,891,891,757,409,482,75
358,1659,884,884,754,411,473,75
359,1653,884,884,747,410,474,75
360,1644,876,876,743,396,480,75
361,1657,891,891,760,413,478,75
362,1654,884,884,750,397,487,75
363,1647,887,887,753,411,476,75
364,1659,892,892,760,410,482,75
365,1651,894,894,758,414,480,75
366,1646,884,884,754,399,485,75
367,1647,881,881,745,408,473,75
368,1657,888,888,756,409,479,75
369,1656,891,891,754,414,477,75
370,1651,891,891,757,413,478,75
371,1639,887,887,755,401,486,75
372,1651,891,891,755,417,474,75
373,1649,894,894,761,402,492,75
374,1647,881,881,749,400,481,75
375,1657,896,896,759,420,476,75
376,1649,900,900,761,407,493,75
377,1653,897,897,762,405,492,75
378,1645,892,892,757,415,477,75
379,1652,891,891,754,419,472,75
380,1648,887,887,750,410,477,75
381,1644,887,887,753,411,476,75
382,1644,882,882,744,403,479,75
383,1643,892,892,757,412,480,75
384,1653,897,897,766,415,482,75
385,1647,891,891,755,405,486,75
386,1647,888,888,760,413,475,75
387,1650,889,889,757,422,467,75
388,1667,898,898,764,416,482,75
389,1655,891,891,758,415,476,75
390,1650,900,900,761,418,482,75
391,1654,891,891,756,413,478,75
392,1658,891,891,757,412,479,75
393,1651,886,886,753,412,474,75
394,1647,888,888,754,407,481,75
395,1660,900,900,762,422,478,75
396,1650,888,888,758,404,484,75
397,1659,886,886,754,403,483,75
398,1647,894,894,763,410,484,75
399,1648,881,881,747,402,479,75
400,1660,892,892,757,414,478,75
401,1653,892,892,752,413,479,75
402,1653,896,896,761,410,486,75
403,1645,887,887,751,403,484,75
404,1635,882,882,745,400,482,75
405,1651,878,878,745,404,474,75
406,1641,887,887,752,403,484,75
407,1653,895,895,763,422,473,75
408,1655,894,894,757,419,475,75
409,1644,890,890,754,413,477,75
410,1652,884,884,751,407,477,75
411,1649,888,888,756,417,471,75
412,1653,887,887,754,401,486,75
413,1645,884,884,743,414,470,75
414,1651,889,889,753,406,483,75
415,1653,892,892,755,419,473,75
416,1653,885,885,751,413,472,75
417,1654,890,890,755,407,483,75
418,1658,890,890,753,412,478,75
419,1656,896,896,759,411,485,75
420,1653,893,893,761,419,474,75
421,1651,897,897,768,422,475,75
422,1643,886,886,748,400,486,75
423,1645,886,886,755,414,472,75
424,1648,888,888,752,407,481,75
425,1654,896,896,762,420,476,75
426,1659,894,894,759,422,472,75
427,1653,884,884,750,409,475,75
428,1669,904,904,765,427,477,75
429,1649,885,885,754,410,475,75
430,1657,888,888,749,414,474,75
431,1650,887,887,750,403,484,75
432,1657,893,893,759,406,487,75
433,1647,893,893,759,416,477,75
434,1642,885,885,751,402,483,75
435,1661,901,901,771,418,483,75
436,1653,891,891,762,418,473,75
437,1657,885,885,750,406,479,75
438,1652,899,899,766,415,484,75
439,1658,894,894,760,414,480,75
440,1650,883,883,750,400,483,75
441,1652,893,893,762,420,473,75
442,1652,878,878,744,400,478,75
443,1667,899,899,760,419,480,75
444,1644,888,888,753,403,485,75
445,1657,893,893,761,414,479,75
446,1656,878,878,741,415,463,75
447,1657,889,889,754,411,478,75
448,1652,893,893,758,416,477,75
449,1649,885,885,755,407,478,75
450,1655,890,890,752,412,478,75
451,1647,893,893,763,410,483,75
452,1637,887,887,749,407,480,75
453,1652,900,900,769,415,485,75
454,1644,890,890,755,410,480,75
455,1652,885,885,752,415,470,75
456,1652,893,893,757,418,475,75
457,1656,898,898,761,417,481,75
458,1648,887,887,753,409,478,75
459,1653,884,884,744,404,480,75
460,1652,890,890,760,405,485,75
461,1648,889,889,752,411,478,75
462,1660,885,885,756,404,481,75
463,1665,907,907,771,428,479,75
464,1657,896,896,763,414,482,75
465,1662,895,895,765,414,481,75
466,1657,880,880,748,400,480,75
467,1656,884,884,750,405,479,75
468,1661,895,895,759,419,476,75
469,1655,895,895,762,412,483,75
470,1653,884,884,752,408,476,75
471,1645,883,883,750,406,477,75
472,1652,892,892,759,419,473,75
473,1658,893,893,756,411,482,75
474,1654,895,895,757,420,475,75
475,1647,898,898,763,416,482,75
476,1655,884,884,753,405,479,75
477,1638,890,890,760,408,482,75
478,1658,894,894,761,412,482,75
479,1652,898,898,760,416,482,75
480,1658,900,900,766,420,480,75
481,1645,883,883,747,411,472,75
482,1650,898,898,763,408,490,75
483,1659,890,890,757,412,478,75
484,1655,884,884,749,412,472,75
485,1650,895,895,760,412,483,75
486,1660,889,889,758,411,478,75
487,1655,897,897,760,424,473,75
488,1638,888,888,756,412,476,75
489,1658,888,888,753,411,477,75
490,1644,887,887,750,401,486,75
491,1653,894,894,759,412,482,75
492,1656,889,889,754,415,474,75
493,1657,886,886,754,409,477,75
494,1659,891,891,753,416,475,75
495,1651,889,889,756,412,477,75
496,1646,893,893,760,409,484,75
497,1649,872,872,735,391,481,75
498,1646,887,887,753,411,476,75
499,1651,888,888,752,410,478,75
500,1651,888,888,757,405,483,75
501,1647,889,889,757,414,475,75
502,1651,888,888,752,397,491,75
503,1653,894,894,758,413,481,75
504,1663,892,892,755,405,487,75
505,1661,883,883,749,410,473,75
506,1652,888,888,754,415,473,75
507,1648,884,884,751,400,484,75
508,1653,893,893,758,411,482,75
509,1647,877,877,749,401,476,75
510,1654,888,888,751,404,484,75
511,1652,889,889,756,402,487,75
