family_id,relative_path,sha256,bytes,mode
ibex_cpu,CORPUS_METADATA.json,79856b13fe39a07bff6f99696f3f0e22dfcec24fa73510fbf48960c60c7b3fee,948,0644
ibex_cpu,provenance/LICENSE,cfc7749b96f63bd31c3c42b5c471bf756814053e847c10f3eb003417bc523d30,11358,0644
ibex_cpu,provenance/NOTICE,c1e9a919a0c950b77997dfff1878c76c6cbcc26a60e826c532f9e9513a0c5e4d,451,0644
ibex_cpu,provenance/README.md,1db986a4b1891afd630b31ca3830efa7dab336f28447a47d891a9f57267a479e,6718,0644
ibex_cpu,provenance/check_tool_requirements.core,1d8f2c3bc0ee9b319b4240eeda9cfd0cda397576a8ca4d83389a9d7cd4157c6f,960,0644
ibex_cpu,provenance/ibex_core.core,05ec9268ebeeaefa1946f3ffab8121b96f944eb7195a7c435f3b5acf934420e3,5302,0644
ibex_cpu,provenance/ibex_icache.core,c60a35586b874743fb17ea8d8a14e74ec5405cd312aa867d2a74f4873693400e,541,0644
ibex_cpu,provenance/ibex_multdiv.core,02b4304f6ae8b895e84a4a32d51ec9585dbb935d0d552b648a62480062581f8b,696,0644
ibex_cpu,provenance/ibex_pkg.core,560ef98e65826a2eca07aae21b335ca76ad3a10d694312a05748ba752d2bbb02,407,0644
ibex_cpu,provenance/ibex_top.core,de4e18af905ed3e56312d91e4fb84d4e53e1ca83947ece6e1e5ced07d11b4cdb,5754,0644
ibex_cpu,provenance/ibex_top_tracing.core,796927d172b4a5a0e2c6db80b7b95ad76540311faaaa900c885249167ce37dfc,5212,0644
ibex_cpu,provenance/ibex_tracer.core,25b85c749208c0645e061e7654e3062b8b2b816dfaad15074b8acb53677ac62b,507,0644
ibex_cpu,rtl_source/rtl/ibex_alu.sv,06ce1c3ce30807f715478cf9e3bc279cac1c1cc2fb95d289516169fadcf7b7dc,52336,0644
ibex_cpu,rtl_source/rtl/ibex_branch_predict.sv,78d4120eac2606e34b9338581eac55e3ba3b48c718799a46a887ac9efab2240e,3351,0644
ibex_cpu,rtl_source/rtl/ibex_cheriot_ex.sv,b5211a98c8266bfc39f775917ceafd61d45b10ffef6d93f72c411fda4e160083,45083,0644
ibex_cpu,rtl_source/rtl/ibex_cheriot_pkg.sv,2bb73146800d94b54e350b0c84216ef0ea0bb82049032ec83b64b6afd0717823,39370,0644
ibex_cpu,rtl_source/rtl/ibex_compressed_decoder.sv,bea22598e9e5f734ace93826eafd01914d2b63565ee0b7e8c8deff25369fbfbd,40791,0644
ibex_cpu,rtl_source/rtl/ibex_controller.sv,bc3211faf87435b07922e3e61646ef83247ab86c5938d4cd2e108802a4357860,47495,0644
ibex_cpu,rtl_source/rtl/ibex_core.f,c07ce9c10d04ee6c48263c12e0c2ab1f6666aa44611058c9860ae4f9d5a02c11,472,0644
ibex_cpu,rtl_source/rtl/ibex_core.sv,20d9f76b19062aa53c4d877e1c32b28e423b5b553759b9d93d9eaf895df9f94a,109076,0644
ibex_cpu,rtl_source/rtl/ibex_counter.sv,0e953e2e05b5070833029d0f6fed6d3a48fbd3c02dc05785962fb0d451425d8e,3465,0644
ibex_cpu,rtl_source/rtl/ibex_cs_registers.sv,898d036f141bdf742c0c772a5493b4bccc9636ffd7c57d3cc37011d233954548,83692,0644
ibex_cpu,rtl_source/rtl/ibex_csr.sv,6533fffc57e233b3961ebd94722a14a1a4320771ce4a76e69481bf2deb1d8514,1289,0644
ibex_cpu,rtl_source/rtl/ibex_decoder.sv,842b520e4a942b6a27f3c44f7e8784e4a8dd40d7531a0ec3dd338f624be18217,59778,0644
ibex_cpu,rtl_source/rtl/ibex_dummy_instr.sv,8899ec7fcd6df73d7ea96ad25e73f664ee2ae2a95b2186a36a7ab885e16e292e,4963,0644
ibex_cpu,rtl_source/rtl/ibex_ex_block.sv,6451d5cd6af214b5fbb70f7499f898de981188cd7a25bf49247c0819b907c90b,8222,0644
ibex_cpu,rtl_source/rtl/ibex_fetch_fifo.sv,3e0b48b771055ea50356cdff418decae16e7d9586a7f953e6799112b238bb63c,10874,0644
ibex_cpu,rtl_source/rtl/ibex_icache.sv,7b250650b7cdc056976f13bfa070b6d05eb5febe2e311a7cfa684de1711b91f9,55540,0644
ibex_cpu,rtl_source/rtl/ibex_id_stage.sv,3d1bafe68b7a14212c89995c73dbf5478477d8afb167a03378ef957669a173b4,52388,0644
ibex_cpu,rtl_source/rtl/ibex_if_stage.sv,8b99f212f06aa942e53e8a768863587ffdc29176f5a486c6e273262311c9f6ae,41722,0644
ibex_cpu,rtl_source/rtl/ibex_load_store_unit.sv,86e156efaf7ac46a351a405d9d2046b7d2e6a60bd206411ef9ae474666338b35,31058,0644
ibex_cpu,rtl_source/rtl/ibex_lockstep.sv,ee0fb3df1a86ecb66554a214efae0a7971aa1d5c545b9f7592ca86b780163341,34503,0644
ibex_cpu,rtl_source/rtl/ibex_multdiv_fast.sv,c86ca819b58b8ce2fc4ff5db887346bcd622b868fb7815fa07dd77119c68c04a,18521,0644
ibex_cpu,rtl_source/rtl/ibex_multdiv_slow.sv,88b7392d3e2cd1f67f2c39b7425075030c78646cba2409356d6cfce262a46db6,13669,0644
ibex_cpu,rtl_source/rtl/ibex_pkg.sv,d9bfed30b16dd77981f1850a8daf56fec5ce14043789b4a0a4506c833e9a7d5a,24455,0644
ibex_cpu,rtl_source/rtl/ibex_pmp.sv,a564fb312d5337b0875d16f434e8b69348e12c2560548fad93f9270f9c4b9176,13587,0644
ibex_cpu,rtl_source/rtl/ibex_prefetch_buffer.sv,988ca05039f033c0eef9feffba996771c3449f255c64d7d78de04e1984249ccc,9716,0644
ibex_cpu,rtl_source/rtl/ibex_register_file_ff.sv,12116624c2938dacb13fd8be91f44848bd8508f439b73f05ea0aa421fc70e4c7,12546,0644
ibex_cpu,rtl_source/rtl/ibex_register_file_fpga.sv,9e204a0017166a927cc39919b39f2e13c3f1b1eab3c1e12b04a2de70daf99ed6,8856,0644
ibex_cpu,rtl_source/rtl/ibex_register_file_latch.sv,30d74095273b067d5bef40e892e447e210453a85e6d2d913482ec9bdbc022192,15549,0644
ibex_cpu,rtl_source/rtl/ibex_top.sv,c9d599f5a1590313cab716eedb62f6b443cd71fadf3eb41a6673d6358370aa82,66723,0644
ibex_cpu,rtl_source/rtl/ibex_top_tracing.sv,d727b4f1e80abebdb210d2c03868232d3ba794feea5d5136691db8aff0a5bf13,16489,0644
ibex_cpu,rtl_source/rtl/ibex_tracer.sv,fd5ca1e1554493ab6eceda824213a75db2906133ee77cef92a86a9ac41b6cbe6,60124,0644
ibex_cpu,rtl_source/rtl/ibex_tracer_pkg.sv,ef53aa52f2734a2c146e7fda604d0628e3378954f48993222ff530f5b40837c0,26404,0644
ibex_cpu,rtl_source/rtl/ibex_trvk.sv,5a1c0d84473121bbb705ddc096499de76de84eb70c20e37a72ef3237361aca49,14474,0644
ibex_cpu,rtl_source/rtl/ibex_wb_stage.sv,872d8df3b3f3fd9ba781eabd3897bd3b74d2b3af2d2898ab5799371d05b04e8a,12780,0644
ibex_cpu,rtl_source/vendor/lowrisc_ip/ip/prim/rtl/prim_alert_pkg.sv,32d9e1647d61bab570c41c5d61b7464c29925c9d38f03d0648b626e8ce42c1f4,772,0644
ibex_cpu,rtl_source/vendor/lowrisc_ip/ip/prim/rtl/prim_alert_receiver.sv,939ef1b7c657fe26c9c44baa02fc24e9f1874caaaec22433383106561dd29f61,14494,0644
ibex_cpu,rtl_source/vendor/lowrisc_ip/ip/prim/rtl/prim_alert_sender.sv,288561001fd344dffb0d935cf85de264ca16e1296f1f30fdc8386659a9683b98,14419,0644
ibex_cpu,rtl_source/vendor/lowrisc_ip/ip/prim/rtl/prim_alert_to_diff.sv,f84e19ec71add865fd2ecf4a35cf3c2d105cf31e9ee4141f0e5276ce4336a8b2,2349,0644
ibex_cpu,rtl_source/vendor/lowrisc_ip/ip/prim/rtl/prim_arbiter_fixed.sv,17cc878a5e7846d7c558c49da2fd45cecdd1014c389b0e50741f523ca62fe582,6132,0644
ibex_cpu,rtl_source/vendor/lowrisc_ip/ip/prim/rtl/prim_arbiter_ppc.sv,11d292fc6e20c7962e22b8cd5325b7acb2a08bedd059f9244268e6b08b0a61a8,7419,0644
ibex_cpu,rtl_source/vendor/lowrisc_ip/ip/prim/rtl/prim_arbiter_tree.sv,cad891e0479a377896ecbcddaf6dd7d5b9aa6e5b18ba23654b61795fcf3083e1,12317,0644
ibex_cpu,rtl_source/vendor/lowrisc_ip/ip/prim/rtl/prim_arbiter_tree_dup.sv,6bc08dc541b6682c2976af4c7ef5e4367f92528c604d912ddf8e2202ffa792dd,4120,0644
ibex_cpu,rtl_source/vendor/lowrisc_ip/ip/prim/rtl/prim_ascon_duplex.sv,b393860ca6465059f96e335dfabb7e59543cda31556a94e592f91b4b465a5927,18984,0644
ibex_cpu,rtl_source/vendor/lowrisc_ip/ip/prim/rtl/prim_ascon_pkg.sv,42ffc160b86e0b2ab51bbfd35ba422f1a369cd7e7a5d055c73e486df422e087e,6279,0644
ibex_cpu,rtl_source/vendor/lowrisc_ip/ip/prim/rtl/prim_ascon_round.sv,a778ef853e5689a02c46b4e5943f7da905e937df73662484aa24fd38e2f5fc13,2165,0644
ibex_cpu,rtl_source/vendor/lowrisc_ip/ip/prim/rtl/prim_ascon_sbox.sv,c2008c23371e4d010f41e06612acb017c2d476bb7fb541a01432fd38c290bcf4,1279,0644
ibex_cpu,rtl_source/vendor/lowrisc_ip/ip/prim/rtl/prim_assert.sv,d717d5dbcba3b5aa8a731ef9f8af18b036b49edef282f0a43a51f5ad2dd9bb40,9966,0644
ibex_cpu,rtl_source/vendor/lowrisc_ip/ip/prim/rtl/prim_assert_dummy_macros.svh,cac4a930105da662547de873f0b80246074fb22df9a398663e1c8ac3e7998218,1102,0644
ibex_cpu,rtl_source/vendor/lowrisc_ip/ip/prim/rtl/prim_assert_sec_cm.svh,25db89fe5f250c1bcbd808d0b4808206b9e85ac337b26e4ebb23f2ad569e1a13,7571,0644
ibex_cpu,rtl_source/vendor/lowrisc_ip/ip/prim/rtl/prim_assert_standard_macros.svh,4835706249e017eae999256ea807c526a39a49729196fc0aa18bb8818de86ab6,6761,0644
ibex_cpu,rtl_source/vendor/lowrisc_ip/ip/prim/rtl/prim_assert_yosys_macros.svh,d1fd8c350785a7c6d8cccc0b0c385392b71575397e7dc58c70f07716c8f9f3a3,2709,0644
ibex_cpu,rtl_source/vendor/lowrisc_ip/ip/prim/rtl/prim_blanker.sv,14792d96db2f0ea69d14aa89bebc53c3f822d2c6e6f7ab5cfbdadae531775a00,599,0644
ibex_cpu,rtl_source/vendor/lowrisc_ip/ip/prim/rtl/prim_cdc_rand_delay.sv,6b0f9f46a5559a354c9770e6eb7a4721b50b09d40d34b4efb62218c7a777829c,2519,0644
ibex_cpu,rtl_source/vendor/lowrisc_ip/ip/prim/rtl/prim_cipher_pkg.sv,9cd66bdbc64020e3fe1f14a5baee30a93609b7887a9d21df7991929087b0973f,19813,0644
ibex_cpu,rtl_source/vendor/lowrisc_ip/ip/prim/rtl/prim_clock_gating_sync.sv,aa0783c5253ab607ea436193e520f82168bd926504f62eaaa68dd3f1c8e2edd7,622,0644
ibex_cpu,rtl_source/vendor/lowrisc_ip/ip/prim/rtl/prim_clock_meas.sv,50ccc8f117ec65aeb09906b4bc29d48cf5c02ea7370c438be580eaddea58024b,7422,0644
ibex_cpu,rtl_source/vendor/lowrisc_ip/ip/prim/rtl/prim_clock_timeout.sv,a67b2adab3eeaa7893c4039b23371dff67245bc48a0391655449909e2c1527eb,1555,0644
ibex_cpu,rtl_source/vendor/lowrisc_ip/ip/prim/rtl/prim_count.sv,b48580aefff674a48a674489c9b21a98d5399ca5b4c7623f3a7c907a75d8f0cb,12204,0644
ibex_cpu,rtl_source/vendor/lowrisc_ip/ip/prim/rtl/prim_count_pkg.sv,8e465ed25b7d59f29faf0f315243a774cf0e50d178ec2068d8c71983cb2f18df,595,0644
ibex_cpu,rtl_source/vendor/lowrisc_ip/ip/prim/rtl/prim_crc32.sv,3b5cda9e6b2622320f88cc2b84077e6d38e3cb5af44bc71c211a99273eb9fd9f,14225,0644
ibex_cpu,rtl_source/vendor/lowrisc_ip/ip/prim/rtl/prim_diff_decode.sv,e3ed6f83329589eed061c893d8b9ad1e00e975e23e9347ed31f68b50f0822d6d,12048,0644
ibex_cpu,rtl_source/vendor/lowrisc_ip/ip/prim/rtl/prim_diff_encode.sv,ad20569f853e3ed67df0cdc4f1f9ca843023586292d4ada17207d9f96bb649bb,1434,0644
ibex_cpu,rtl_source/vendor/lowrisc_ip/ip/prim/rtl/prim_diff_to_alert.sv,054f968e07473be95624c2478061463c1c1fe0dc77930d55787cdcf0f208b90f,2241,0644
ibex_cpu,rtl_source/vendor/lowrisc_ip/ip/prim/rtl/prim_dom_and_2share.sv,31d20ed656e7f79976cbd688d94123edd0c60dd816d98d979d027e981529323c,5951,0644
ibex_cpu,rtl_source/vendor/lowrisc_ip/ip/prim/rtl/prim_double_lfsr.sv,437a24dacff2360c4392dd9d38650030b2122c35fbe207a4aba44b277a11fa97,4333,0644
ibex_cpu,rtl_source/vendor/lowrisc_ip/ip/prim/rtl/prim_edge_detector.sv,a4df5485f3f07427990b672a3745a9d94581479371b98f60903bf9805907fb22,1297,0644
ibex_cpu,rtl_source/vendor/lowrisc_ip/ip/prim/rtl/prim_edn_req.sv,2ee245e6c5469224ad35a2a53cd3a83ca2a5268277e9df5d7b819b8bbaec7fd1,7230,0644
ibex_cpu,rtl_source/vendor/lowrisc_ip/ip/prim/rtl/prim_esc_pkg.sv,113834e1cc58cc6d656c4e9ecbbd9b9bb8a37e39623d8ce2b26d1aa17c399704,592,0644
ibex_cpu,rtl_source/vendor/lowrisc_ip/ip/prim/rtl/prim_esc_receiver.sv,96ba9b0a2fd33c274e818ceb50a934dd8399a63a9d7a6222fa6f694368d9b418,9805,0644
ibex_cpu,rtl_source/vendor/lowrisc_ip/ip/prim/rtl/prim_esc_sender.sv,048948b089946822e8f2bc0b54ae81fb21a48e522b1c7bd97adb6894eeef8d01,9055,0644
ibex_cpu,rtl_source/vendor/lowrisc_ip/ip/prim/rtl/prim_fifo_assert.svh,9cd4f9edd759567ff6941618477117765e44e810627480b89f41211ea8ba8517,3575,0644
ibex_cpu,rtl_source/vendor/lowrisc_ip/ip/prim/rtl/prim_fifo_async.sv,0fde480a5f513a4273540e0d70c7502d0e179b759414e3020c8d4d3d349cf6c7,9876,0644
ibex_cpu,rtl_source/vendor/lowrisc_ip/ip/prim/rtl/prim_fifo_async_simple.sv,4a7e4c2543194473227cb93f7d6de71bdaa2136d0abafbd0fe40e980fd1cf21a,2549,0644
ibex_cpu,rtl_source/vendor/lowrisc_ip/ip/prim/rtl/prim_fifo_async_sram_adapter.sv,1fb4405f2aa48894d9afe63775e14904bca8d4df8384f5f430757a8f5f290e0f,13984,0644
ibex_cpu,rtl_source/vendor/lowrisc_ip/ip/prim/rtl/prim_fifo_sync.sv,2655befe56a70ee672c2f1259a82ef2beb2adf429ed0405bcf26bea7c4de3630,7837,0644
ibex_cpu,rtl_source/vendor/lowrisc_ip/ip/prim/rtl/prim_fifo_sync_cnt.sv,be647efa36aa4228db8a9151ac07c83a95cdd9aef71a4488fa619a876d809fbc,5304,0644
ibex_cpu,rtl_source/vendor/lowrisc_ip/ip/prim/rtl/prim_filter.sv,a93454041ca882103395f8b1ce418591368de67b6e60edd395a8a158494c554a,2018,0644
ibex_cpu,rtl_source/vendor/lowrisc_ip/ip/prim/rtl/prim_filter_ctr.sv,770a3ae13dc5fc389cb0ab513ab2becc9f1521ea83f55ce4eb517c77b1a7dfde,2389,0644
ibex_cpu,rtl_source/vendor/lowrisc_ip/ip/prim/rtl/prim_flop_macros.sv,2e8e6c2ee484899ae5d0020eaf0c9732c31537c60c30cb2a0a0acd2e92baee03,3576,0644
ibex_cpu,rtl_source/vendor/lowrisc_ip/ip/prim/rtl/prim_gate_gen.sv,594a4771feae6fb32de390d94d523da90b3ac8ab0a9889216753365d3f3f4c9d,3791,0644
ibex_cpu,rtl_source/vendor/lowrisc_ip/ip/prim/rtl/prim_gf_mult.sv,c7b6b77c522631c1f5b4e3a397a9a69419c185449d69a72b4819a4b121e7e642,5548,0644
ibex_cpu,rtl_source/vendor/lowrisc_ip/ip/prim/rtl/prim_intr_hw.sv,2fb312f9db786982dd4c2bb656f9ba7862637b045dd704ea128a4ce6a4a1f8bc,4910,0644
ibex_cpu,rtl_source/vendor/lowrisc_ip/ip/prim/rtl/prim_keccak.sv,2aa7dd8714b01f0c0783c7b87a729517e4f6c94c8c0ac82143fc0fccd817cbfe,10066,0644
ibex_cpu,rtl_source/vendor/lowrisc_ip/ip/prim/rtl/prim_lc_and_hardened.sv,dfbc4283e2e2b75da76f3ff28638d4201c050705edf1dfaf11da053e6b8bf29b,2069,0644
ibex_cpu,rtl_source/vendor/lowrisc_ip/ip/prim/rtl/prim_lc_combine.sv,ade8d17d3545d85e33dde1e242901b9e9097b11685ab2e0092d71e67a4d91494,2211,0644
ibex_cpu,rtl_source/vendor/lowrisc_ip/ip/prim/rtl/prim_lc_dec.sv,1990feea62731786986fae7e8397da7d420eb7ebd4dd79c5aea64c18a8204970,802,0644
ibex_cpu,rtl_source/vendor/lowrisc_ip/ip/prim/rtl/prim_lc_or_hardened.sv,a132bfaf28c7bf8398bebc84628665a69f0eac6e981f9df82cc95f7e84332d9f,2480,0644
ibex_cpu,rtl_source/vendor/lowrisc_ip/ip/prim/rtl/prim_lc_sender.sv,7e3b1c3e02ea343bffbc6e2fca1b9f15d6834e885173a199cefc333f5449966f,2233,0644
ibex_cpu,rtl_source/vendor/lowrisc_ip/ip/prim/rtl/prim_lc_sync.sv,d6b6e2235983c86ac3e2c07528640e4940ead70c9b3ac5a08a484b5b8cf07d2c,4496,0644
ibex_cpu,rtl_source/vendor/lowrisc_ip/ip/prim/rtl/prim_leading_one_ppc.sv,5fd9c8bc227da9d599e6f7cdf7acf75214c7e0e776e0e30892be6fc9d71106c9,1124,0644
ibex_cpu,rtl_source/vendor/lowrisc_ip/ip/prim/rtl/prim_lfsr.sv,c61632878728613ba0403f2d068c03a5103165663b58d8dd50892ef032dec916,25222,0644
ibex_cpu,rtl_source/vendor/lowrisc_ip/ip/prim/rtl/prim_macros.svh,4677bbfb061a3ea45b8e051bef06ad9c3ddcd8e3b1236549d85b9306d6388b04,1898,0644
ibex_cpu,rtl_source/vendor/lowrisc_ip/ip/prim/rtl/prim_max_tree.sv,4a53784c66d03b8ab9f9fba5c36a11391783e1809002bca8be323617e4064562,6204,0644
ibex_cpu,rtl_source/vendor/lowrisc_ip/ip/prim/rtl/prim_msb_extend.sv,64bdd05aabd4d7fa5cb2f2fb2d59f66b74455e93f37c956f00fc65fc20713df9,672,0644
ibex_cpu,rtl_source/vendor/lowrisc_ip/ip/prim/rtl/prim_mubi12_dec.sv,7e30e02744c255717d0094fd0b3cb5d77caf4626c5704dce37ac5c86c59d5d50,1652,0644
ibex_cpu,rtl_source/vendor/lowrisc_ip/ip/prim/rtl/prim_mubi12_sender.sv,d57946855f6d5674f557b84976189449117f4f17014a7eca0fa716f8e990d012,2855,0644
ibex_cpu,rtl_source/vendor/lowrisc_ip/ip/prim/rtl/prim_mubi12_sync.sv,44a06e1eb454387e104c51621dd99e5840d4b187ea7fda74bd8b5e0a824206e1,6367,0644
ibex_cpu,rtl_source/vendor/lowrisc_ip/ip/prim/rtl/prim_mubi16_dec.sv,34ae5437446015f276f09e30c515a5538af44fbe5617f73f61b464c613dccc20,1652,0644
ibex_cpu,rtl_source/vendor/lowrisc_ip/ip/prim/rtl/prim_mubi16_sender.sv,cafef386918aee0fcccbaa1a36bf4c11b15a0051c8f94742d926a09c834590a4,2855,0644
ibex_cpu,rtl_source/vendor/lowrisc_ip/ip/prim/rtl/prim_mubi16_sync.sv,27d63c260b986b0db77b90a4f26d0c165f7451f01b60bbf48f3b7601059bb913,6367,0644
ibex_cpu,rtl_source/vendor/lowrisc_ip/ip/prim/rtl/prim_mubi20_dec.sv,99a296946f4547c4907840db35dc8d65e7d61d20cbd8120e6f8e3bc3abd49bd6,1652,0644
ibex_cpu,rtl_source/vendor/lowrisc_ip/ip/prim/rtl/prim_mubi20_sender.sv,cda878555930047822ac382e1a19e2db5a31bb2dddb8f920165bc8d515e0b7d5,2855,0644
ibex_cpu,rtl_source/vendor/lowrisc_ip/ip/prim/rtl/prim_mubi20_sync.sv,5c582e50e12a201d5060a85fa33e1de2298804ed3d273334b66c58240f2dd190,6367,0644
ibex_cpu,rtl_source/vendor/lowrisc_ip/ip/prim/rtl/prim_mubi24_dec.sv,677c30909b141e0f9adaf579ad4681ece28892b8911a1c85d7c11ca866bb7d8d,1652,0644
ibex_cpu,rtl_source/vendor/lowrisc_ip/ip/prim/rtl/prim_mubi24_sender.sv,9748a85ac3dd716d09be4047718dac6e78f7a1e23a03082fb95158abcf3367de,2855,0644
ibex_cpu,rtl_source/vendor/lowrisc_ip/ip/prim/rtl/prim_mubi24_sync.sv,5072f6c7b6ad93ca1362fc84e986e994ca9d7e80c621fd6b14308d71ad675c19,6367,0644
ibex_cpu,rtl_source/vendor/lowrisc_ip/ip/prim/rtl/prim_mubi28_dec.sv,64ae1fc075458e4cab87f8d7a665f548f78e1cbffb05b43041e48d7b941010b0,1652,0644
ibex_cpu,rtl_source/vendor/lowrisc_ip/ip/prim/rtl/prim_mubi28_sender.sv,0d036039d7d48b9fa614b93803167b0f1bc2dae5eb7aec2b3a6f33f39084c6ac,2855,0644
ibex_cpu,rtl_source/vendor/lowrisc_ip/ip/prim/rtl/prim_mubi28_sync.sv,d55a1857dda0a0de5a1fbfc0af3860e1731df8cdb030c9da0efe6e654dd7d70f,6367,0644
ibex_cpu,rtl_source/vendor/lowrisc_ip/ip/prim/rtl/prim_mubi32_dec.sv,75dbc715d66adb61c72ecfa4747192317b0a036be240a9bfeedd52bde30a6932,1652,0644
ibex_cpu,rtl_source/vendor/lowrisc_ip/ip/prim/rtl/prim_mubi32_sender.sv,b4dae09251ff294afea4532ed5e7205dbf52d4265aa75dc90d1b003e22f7fdd6,2855,0644
ibex_cpu,rtl_source/vendor/lowrisc_ip/ip/prim/rtl/prim_mubi32_sync.sv,66269bfff124800e2073a423bce9922ebd0f865d39608d40803b23397e3eee5b,6367,0644
ibex_cpu,rtl_source/vendor/lowrisc_ip/ip/prim/rtl/prim_mubi4_dec.sv,b33530adf41b05849d06424a40db5536dfb5ffd441752bf49af03ad3d7b5f48e,1638,0644
ibex_cpu,rtl_source/vendor/lowrisc_ip/ip/prim/rtl/prim_mubi4_sender.sv,2bd763ba3f489b406de68e6759650fe2ed7fd875298ac0adff71e70234993b39,2840,0644
ibex_cpu,rtl_source/vendor/lowrisc_ip/ip/prim/rtl/prim_mubi4_sync.sv,8d6461687bb7f022f326875e401a271f1bf6df3a7a87bf625508b334530c20df,6339,0644
ibex_cpu,rtl_source/vendor/lowrisc_ip/ip/prim/rtl/prim_mubi8_dec.sv,e34268f75dd36cc0bf6cce710e1ebbd900cb253fd977a394a84eaf2f19f52956,1638,0644
ibex_cpu,rtl_source/vendor/lowrisc_ip/ip/prim/rtl/prim_mubi8_sender.sv,cfd926dd909081b590aade41fac9a91cb72c2493defb870cbaec45153f3aa951,2840,0644
ibex_cpu,rtl_source/vendor/lowrisc_ip/ip/prim/rtl/prim_mubi8_sync.sv,2f0b9d5f5c95e0338cda232d61c390136cb0e17696c4edfd842007a6a9fbcaa7,6339,0644
ibex_cpu,rtl_source/vendor/lowrisc_ip/ip/prim/rtl/prim_mubi_pkg.sv,11a2f1a16ddaf750d859c95e07fc48c54743fe6ad3b5c5eabe2e14a51d9fb1af,40926,0644
ibex_cpu,rtl_source/vendor/lowrisc_ip/ip/prim/rtl/prim_multibit_sync.sv,d5f66230a58865d4e5610365a13aea1d52f75eac0772f13075ceb41daf2a7f64,3965,0644
ibex_cpu,rtl_source/vendor/lowrisc_ip/ip/prim/rtl/prim_onehot_check.sv,97aefa2e7ebd26e12ea9fc691908a62315e2135bdbb127f3c3d640eeb15096ca,6658,0644
ibex_cpu,rtl_source/vendor/lowrisc_ip/ip/prim/rtl/prim_onehot_enc.sv,e9a65c74e4478063ea00fc3d80eaff214fdbacfe07e91f13f28ceb725e5ad362,648,0644
ibex_cpu,rtl_source/vendor/lowrisc_ip/ip/prim/rtl/prim_onehot_mux.sv,adf35f6708fd04cf2a01138033de3f5b23674685c213bcfc39fc3819d04cfa7c,1186,0644
ibex_cpu,rtl_source/vendor/lowrisc_ip/ip/prim/rtl/prim_packer.sv,fa4558a5e753152bdc4232b6bf83691b9ebfe134c1f5814fea46dcc9bd21941c,11886,0644
ibex_cpu,rtl_source/vendor/lowrisc_ip/ip/prim/rtl/prim_packer_fifo.sv,99aeb7564474111dc6662488c9f4ca6b788723e449b128d08ac54f8fc2da5cd2,6383,0644
ibex_cpu,rtl_source/vendor/lowrisc_ip/ip/prim/rtl/prim_pad_wrapper_pkg.sv,af14a8b1331d9c7d46a7d4b3784768868c113407179a6e4db0db5245e2301de6,1758,0644
ibex_cpu,rtl_source/vendor/lowrisc_ip/ip/prim/rtl/prim_present.sv,7a6ae0e88160d93b5f70460e41806ef2b7b5b5726e2aa8038cf7cfab281d890c,7810,0644
ibex_cpu,rtl_source/vendor/lowrisc_ip/ip/prim/rtl/prim_prince.sv,e3fa14d45eebe18e6404370540648d1037887877dbde4b22fddd83c2b43d1e0d,9817,0644
ibex_cpu,rtl_source/vendor/lowrisc_ip/ip/prim/rtl/prim_pulse_sync.sv,1be70031ecf75195f5c4036727626d564e06584da5b510c95e3f295307e2cd6d,3272,0644
ibex_cpu,rtl_source/vendor/lowrisc_ip/ip/prim/rtl/prim_racl_error_arb.sv,937d7416b3b5035466ac6e3c513823498f7f0d073811d23d553deefe6c13e9e6,2476,0644
ibex_cpu,rtl_source/vendor/lowrisc_ip/ip/prim/rtl/prim_ram_1p_adv.sv,b69410fc7b7aeaa067d080cbd7fd86074456aa0c212779bfbd3b9f5d3abb7fa3,14320,0644
ibex_cpu,rtl_source/vendor/lowrisc_ip/ip/prim/rtl/prim_ram_1p_scr.sv,823add68b2a538c23a1d7fb05a225ec4a45094508213a65d9ac500ec6fd7eb48,21092,0644
ibex_cpu,rtl_source/vendor/lowrisc_ip/ip/prim/rtl/prim_ram_1r1w_adv.sv,fb9235297a9467f31ffc7d5111769d8f1cb277ac6bd628fc05d8835520c44a65,3043,0644
ibex_cpu,rtl_source/vendor/lowrisc_ip/ip/prim/rtl/prim_ram_1r1w_async_adv.sv,773579fcbd9a435fe56e3220cce33ccdb3e801a4e53953df5bdc90b7c48537d9,9119,0644
ibex_cpu,rtl_source/vendor/lowrisc_ip/ip/prim/rtl/prim_ram_2p_adv.sv,ed1477024e43be755ba7283cc35c7b61896b71bf7f94a66814f13feda06fb1e3,3492,0644
ibex_cpu,rtl_source/vendor/lowrisc_ip/ip/prim/rtl/prim_ram_2p_async_adv.sv,a7715c25807655308e23d0b617e272d2b9f7538e501592c40977bdb0e0bb6991,12653,0644
ibex_cpu,rtl_source/vendor/lowrisc_ip/ip/prim/rtl/prim_reg_cdc.sv,be295cb29ace82478f344b8d0fa8fd1f94fe58ebfec1826d44dd450e06027ea9,9328,0644
ibex_cpu,rtl_source/vendor/lowrisc_ip/ip/prim/rtl/prim_reg_cdc_arb.sv,a09a6f543ec1f1b8052bf953c51664912079c5a08fd7a2dc38568798d56f31ea,11521,0644
ibex_cpu,rtl_source/vendor/lowrisc_ip/ip/prim/rtl/prim_reg_we_check.sv,0f38519d831f24bb9a1afc1041f6840eb42187a958788a5256aa0c698819af4a,1609,0644
ibex_cpu,rtl_source/vendor/lowrisc_ip/ip/prim/rtl/prim_rom_adv.sv,05bd46dd76e46325fa0e053f4e2e2088126cd8397ce5d7feaf53d63278f34de5,1161,0644
ibex_cpu,rtl_source/vendor/lowrisc_ip/ip/prim/rtl/prim_sdc_example.sv,46c4ae470539234f3fb01520e3a7d963b9ad5d4e03ba428cfc97c133d9c75868,20049,0644
ibex_cpu,rtl_source/vendor/lowrisc_ip/ip/prim/rtl/prim_sec_anchor_buf.sv,073be7f3daa8a738add627e1055704cc94d82cfb8ff11f6952c644abde20c702,424,0644
ibex_cpu,rtl_source/vendor/lowrisc_ip/ip/prim/rtl/prim_sec_anchor_flop.sv,7bb3cb240164715f3956831e35e95f1a3e7e901deae02cc1297669318986d7bf,609,0644
ibex_cpu,rtl_source/vendor/lowrisc_ip/ip/prim/rtl/prim_secded_22_16_dec.sv,1db557bc993dab53bcdeeb31a3051b4468f61a489c88387d0e9072c7cacd860b,1740,0644
ibex_cpu,rtl_source/vendor/lowrisc_ip/ip/prim/rtl/prim_secded_22_16_enc.sv,dc9be87f59567a2a6828de6e38de9f283ac7f48c088c852665e2767cea61fd35,669,0644
ibex_cpu,rtl_source/vendor/lowrisc_ip/ip/prim/rtl/prim_secded_28_22_dec.sv,bc719bdaaae7a7566528b346b2771b4dd907496a4f5a9b6105c0b12edd090598,2063,0644
ibex_cpu,rtl_source/vendor/lowrisc_ip/ip/prim/rtl/prim_secded_28_22_enc.sv,7759abde1e32bd8c568831de1a139698897b873592714fd6a3926a35123fadb0,675,0644
ibex_cpu,rtl_source/vendor/lowrisc_ip/ip/prim/rtl/prim_secded_39_32_dec.sv,13cbe5fdac6efeba3e92cbddc5c77efa68477996c616984d87f7abe438c2c61e,2659,0644
ibex_cpu,rtl_source/vendor/lowrisc_ip/ip/prim/rtl/prim_secded_39_32_enc.sv,31b80e9aefe5cc6df99fe7134a39c417809536b29de6892e6382a9ec3374b4c7,738,0644
ibex_cpu,rtl_source/vendor/lowrisc_ip/ip/prim/rtl/prim_secded_64_57_dec.sv,473c72849e087ef8ff113034bc0bfd5557cb058a615da6c50dc26721adc1c63a,4026,0644
ibex_cpu,rtl_source/vendor/lowrisc_ip/ip/prim/rtl/prim_secded_64_57_enc.sv,c955ae516645355d3d095441f2025826a542360c391335e2acb500dbf5f23c31,780,0644
ibex_cpu,rtl_source/vendor/lowrisc_ip/ip/prim/rtl/prim_secded_72_64_dec.sv,b706646195e58396cff43b5256f25a474a180ea18eb483499cb85c649f5ee532,4467,0644
ibex_cpu,rtl_source/vendor/lowrisc_ip/ip/prim/rtl/prim_secded_72_64_enc.sv,71c2c5924cf277fd978ab40ccc5eec939f609894ddf8adb3f81144baaa774755,847,0644
ibex_cpu,rtl_source/vendor/lowrisc_ip/ip/prim/rtl/prim_secded_hamming_22_16_dec.sv,ed611f2143cf73b7ff540807e41ba45cdc03c4c9b94c005c930ed08a4466a3b0,1769,0644
ibex_cpu,rtl_source/vendor/lowrisc_ip/ip/prim/rtl/prim_secded_hamming_22_16_enc.sv,4a6a3bdd2d466a3fbf9b2d389f0203972291f2b6b9eac089f73b0302bd7fd1a9,685,0644
ibex_cpu,rtl_source/vendor/lowrisc_ip/ip/prim/rtl/prim_secded_hamming_39_32_dec.sv,1d01e347a42ae0e9de40c8dda1fb557f951c8db7c990ae2ba7c67e14073646af,2689,0644
ibex_cpu,rtl_source/vendor/lowrisc_ip/ip/prim/rtl/prim_secded_hamming_39_32_enc.sv,d510dc23a3150a5f7b086cb465cfe679279489fc54678567d7889972efb76629,754,0644
ibex_cpu,rtl_source/vendor/lowrisc_ip/ip/prim/rtl/prim_secded_hamming_72_64_dec.sv,b6af19127ac10720d328f56f790fff4eee79481321374d3b52d3b432c7fe1bb2,4497,0644
ibex_cpu,rtl_source/vendor/lowrisc_ip/ip/prim/rtl/prim_secded_hamming_72_64_enc.sv,2f8732b489b9c00993a189348c25766c519269b7bc58a56e4b800a93b8771f02,863,0644
ibex_cpu,rtl_source/vendor/lowrisc_ip/ip/prim/rtl/prim_secded_hamming_76_68_dec.sv,98b4a274d14b0f1877308f7fc62f0191ec48350a9376c77622ff12ce2c3f4c63,4717,0644
ibex_cpu,rtl_source/vendor/lowrisc_ip/ip/prim/rtl/prim_secded_hamming_76_68_enc.sv,8b524f2e3ea9f481177ac729d8f38ff8bf063b2a4b467551b1a62aac9c1f0a6e,871,0644
ibex_cpu,rtl_source/vendor/lowrisc_ip/ip/prim/rtl/prim_secded_inc.svh,59591eea595305d0ece809e980ee080990d52f1c4fef564e1a6e9c4f54812c3d,20397,0644
ibex_cpu,rtl_source/vendor/lowrisc_ip/ip/prim/rtl/prim_secded_inv_22_16_dec.sv,2620fc37a5acfde0d54f0a638d13d3150b3c08acc840ce45a9ae4a24833711ef,1838,0644
ibex_cpu,rtl_source/vendor/lowrisc_ip/ip/prim/rtl/prim_secded_inv_22_16_enc.sv,b6df81ecfb12826002fa979c1beae2b8b47e8fa33bd465ad7c6e4784657e8ca9,703,0644
ibex_cpu,rtl_source/vendor/lowrisc_ip/ip/prim/rtl/prim_secded_inv_28_22_dec.sv,06c0dfdf59f2dbfffa7c73e609ae6361c94927a298f13ac6815c9543633b35a4,2167,0644
ibex_cpu,rtl_source/vendor/lowrisc_ip/ip/prim/rtl/prim_secded_inv_28_22_enc.sv,15b373e491fba6d6251c241229bd78d2766214771942e3fac0bdbe4cbff720fd,710,0644
ibex_cpu,rtl_source/vendor/lowrisc_ip/ip/prim/rtl/prim_secded_inv_39_32_dec.sv,f07f26fd2375952e4ec7cfc1641cebcea373a8030d82dd5977a76f81c430cb12,2800,0644
ibex_cpu,rtl_source/vendor/lowrisc_ip/ip/prim/rtl/prim_secded_inv_39_32_enc.sv,4588fda3fd5ebdd711c98f6900caaaaddddf1257337c5b931ca86de7fb0ef8ff,776,0644
ibex_cpu,rtl_source/vendor/lowrisc_ip/ip/prim/rtl/prim_secded_inv_64_57_dec.sv,e598eef60254ac4a0e6899f6d1e4af5ae5bbd2ac22395ac53ee925296bc8a826,4209,0644
ibex_cpu,rtl_source/vendor/lowrisc_ip/ip/prim/rtl/prim_secded_inv_64_57_enc.sv,74b3b327047b90682468614708bb4b1104b1f069c0dc3189e2b078622ac566b8,824,0644
ibex_cpu,rtl_source/vendor/lowrisc_ip/ip/prim/rtl/prim_secded_inv_72_64_dec.sv,3763fa9e291c0e33217b18cf74b7dd3830f232065a6a62ad21582d6e2bdcfd9d,4691,0644
ibex_cpu,rtl_source/vendor/lowrisc_ip/ip/prim/rtl/prim_secded_inv_72_64_enc.sv,d7c176fffecdf629db3c2e3958a4ca603e99a995b4aaeab9a2f73ad55e0e2d51,893,0644
ibex_cpu,rtl_source/vendor/lowrisc_ip/ip/prim/rtl/prim_secded_inv_hamming_22_16_dec.sv,4fedd80e34009d4e54881ef2358ca3a7fd971acaa8f1621b1832aea6d0aaac3c,1867,0644
ibex_cpu,rtl_source/vendor/lowrisc_ip/ip/prim/rtl/prim_secded_inv_hamming_22_16_enc.sv,74fc5522c24f1f3505a2dc7f3c34adaac07fdb54dce055268a4e2b3df3d6f416,719,0644
ibex_cpu,rtl_source/vendor/lowrisc_ip/ip/prim/rtl/prim_secded_inv_hamming_39_32_dec.sv,975eda8d8623f617f9d4e89b948c44e2d657b000596cdeeb9ed62910f6d1e8f7,2830,0644
ibex_cpu,rtl_source/vendor/lowrisc_ip/ip/prim/rtl/prim_secded_inv_hamming_39_32_enc.sv,b63ddfd743b51476dea494af1665433747ce021e0933d6e1e6b7a1b2ca5f9d3a,792,0644
ibex_cpu,rtl_source/vendor/lowrisc_ip/ip/prim/rtl/prim_secded_inv_hamming_72_64_dec.sv,ee22ebd7c918a537c883ce42c27ad2ab75125e35c6184c5e2dc2b1bd9fd0fb79,4721,0644
ibex_cpu,rtl_source/vendor/lowrisc_ip/ip/prim/rtl/prim_secded_inv_hamming_72_64_enc.sv,773f02fda14b0c20a41ddae143292b6b422b4b946da5476ea5a61ee97e1fd127,909,0644
ibex_cpu,rtl_source/vendor/lowrisc_ip/ip/prim/rtl/prim_secded_inv_hamming_76_68_dec.sv,925fd53e9b06cd4d770f355cd72491bac8fbd21e038b596d778de26f10bc5de5,4949,0644
ibex_cpu,rtl_source/vendor/lowrisc_ip/ip/prim/rtl/prim_secded_inv_hamming_76_68_enc.sv,d7e15dc949ee0f935e012bb1d666cf1e329b016979e73b5a71f168971e261a82,918,0644
ibex_cpu,rtl_source/vendor/lowrisc_ip/ip/prim/rtl/prim_secded_pkg.sv,bcbd03333a30e7a1cb01195d1c40c7d0e736f91d9f73c2347ef5b0bd9dc3c82b,74899,0644
ibex_cpu,rtl_source/vendor/lowrisc_ip/ip/prim/rtl/prim_sha2.sv,5744e5abb931036f17cecc20de34358d5fe297e955da7eb29089ac55d65cae50,18731,0644
ibex_cpu,rtl_source/vendor/lowrisc_ip/ip/prim/rtl/prim_sha2_32.sv,1d850f8f9b6b9415b56b4411bc95c096eea5c7d8daf6202e5276a87233071507,11566,0644
ibex_cpu,rtl_source/vendor/lowrisc_ip/ip/prim/rtl/prim_sha2_pad.sv,bb915fa003913af6b570a724896c8f877d1640cb32fdbc673a13360a07dbeaa7,13571,0644
ibex_cpu,rtl_source/vendor/lowrisc_ip/ip/prim/rtl/prim_sha2_pkg.sv,7dc41a96fb1638bbb88982abfae26d91949f39d0217d300787c1fb71dda2cf65,12152,0644
ibex_cpu,rtl_source/vendor/lowrisc_ip/ip/prim/rtl/prim_slicer.sv,c1e76c9b9d4f740c8de2f52cce3c982e660070b5cbbaa028ed30739ccf13f91c,796,0644
ibex_cpu,rtl_source/vendor/lowrisc_ip/ip/prim/rtl/prim_sparse_fsm_flop.sv,7c9fdf97523bb5eac16f0d219668811a790c2b5bc591660340e75b1cf429d11f,2093,0644
ibex_cpu,rtl_source/vendor/lowrisc_ip/ip/prim/rtl/prim_sram_arbiter.sv,d0e07972d5c241a8c77cd8cdb87ddf68d55ee9453bca7d102505ee359adfb2a1,4122,0644
ibex_cpu,rtl_source/vendor/lowrisc_ip/ip/prim/rtl/prim_subreg.sv,25fb080996e7a9f1a8db6b827d57926850324e254c2758a921f4d67d13445992,1838,0644
ibex_cpu,rtl_source/vendor/lowrisc_ip/ip/prim/rtl/prim_subreg_arb.sv,16530c91931e97b25e33334bfc5942fd254324189115f942585f26f56d8ae758,8993,0644
ibex_cpu,rtl_source/vendor/lowrisc_ip/ip/prim/rtl/prim_subreg_ext.sv,dc22ea14c164661970db2a76060fc54cbbe1d432534eaadce0caa8a3a2935ce5,724,0644
ibex_cpu,rtl_source/vendor/lowrisc_ip/ip/prim/rtl/prim_subreg_pkg.sv,a38c3243535348fb4b0e5d233c0baa89eea3588b976d8bb050c7de4a2fd09bf0,613,0644
ibex_cpu,rtl_source/vendor/lowrisc_ip/ip/prim/rtl/prim_subreg_shadow.sv,1357c2eafeaf4f8a7888c4a5ed1bab9f294714436396aa6878a80cb3c8cd1b2e,6321,0644
ibex_cpu,rtl_source/vendor/lowrisc_ip/ip/prim/rtl/prim_subst_perm.sv,6cae23ff8a3c6d1dc775c2a55280f532cef98a9a6c787a2d717c50b5854ee3a6,3818,0644
ibex_cpu,rtl_source/vendor/lowrisc_ip/ip/prim/rtl/prim_sum_tree.sv,d16835741dd2c365736f096073daae89a40567a33072ffbf7eefa045a02b7924,6162,0644
ibex_cpu,rtl_source/vendor/lowrisc_ip/ip/prim/rtl/prim_sync_reqack.sv,ab0973ffc24c81ea0011f27377d775353862a2acc408b3332fae2271d786d228,11858,0644
ibex_cpu,rtl_source/vendor/lowrisc_ip/ip/prim/rtl/prim_sync_reqack_data.sv,d1bb023c1ac5f89b63f61b573180add5f16c00db3c4c1ed0854e2408708ed867,7451,0644
ibex_cpu,rtl_source/vendor/lowrisc_ip/ip/prim/rtl/prim_sync_slow_fast.sv,77f243af15e393d6cfabd8102c5211b92f52deec51167d53abb1a3f44a0269cd,1911,0644
ibex_cpu,rtl_source/vendor/lowrisc_ip/ip/prim/rtl/prim_trivium.sv,1289afb113914afbaf348ab979fbdb3c40d1789b039401c5502c16e471cd1cad,15899,0644
ibex_cpu,rtl_source/vendor/lowrisc_ip/ip/prim/rtl/prim_trivium_pkg.sv,6bed629b25a3ac753ecfc910461fe9960b9211723322dc84e63743365b95f37a,4814,0644
ibex_cpu,rtl_source/vendor/lowrisc_ip/ip/prim/rtl/prim_util_get_scramble_params.svh,827cfe69062e975e9acc9c15c306c92c41e1d0d487cd197b1350d8bcdb62cca1,769,0644
ibex_cpu,rtl_source/vendor/lowrisc_ip/ip/prim/rtl/prim_util_memload.svh,9484798c23f4f441e9e454677429af14bcefcad2d10f74d099acbe4b39475da3,2205,0644
ibex_cpu,rtl_source/vendor/lowrisc_ip/ip/prim/rtl/prim_util_pkg.sv,f71235ef5b92eaa3d2ed5c676f76108082df93b8aae8f9baa816584d1d285208,2685,0644
ibex_cpu,rtl_source/vendor/lowrisc_ip/ip/prim/rtl/prim_xoshiro256pp.sv,004dd06ba3bf3effea26037a413dade3c66d2c23c72f79d2f16280a8bf09fe20,3299,0644
opentitan_hmac_sha256,CORPUS_METADATA.json,695c60a048b39d11ddea2f1e7cee46346f483eb2440b8140ef526dc56321be34,964,0644
opentitan_hmac_sha256,provenance/LICENSE,cfc7749b96f63bd31c3c42b5c471bf756814053e847c10f3eb003417bc523d30,11358,0644
opentitan_hmac_sha256,provenance/NOTICE,ef05d5dfb3baa6af69aab949ef01a0db4f79b974e090fa3c6ebdbc02b253dc21,695,0644
opentitan_hmac_sha256,provenance/README.md,b2f37e8821413435bf67feba3cc69796b7d750ef3e30cb376512ad8b49caeb5e,1570,0644
opentitan_hmac_sha256,rtl_source/hw/ip/hmac/rtl/hmac.sv,ca1f5e956182841a7d723d57cefcbe4c01db032f838745abd0034ed3622f9deb,33568,0644
opentitan_hmac_sha256,rtl_source/hw/ip/hmac/rtl/hmac_core.sv,8a078357fe3aaf31d307ec188c7280e7bb54805da97f1d709a2ae54761a26c3e,17561,0644
opentitan_hmac_sha256,rtl_source/hw/ip/hmac/rtl/hmac_reg_pkg.sv,8fb803fe0c321c1130b499c7f8bad0b7fc83e9b868224d19406eeb7f15bd3233,17255,0644
opentitan_hmac_sha256,rtl_source/hw/ip/hmac/rtl/hmac_reg_top.sv,ea5203f9f38257b8e4b188cbf0b91f58485e0843ba6182daa7fe98b577663b37,67560,0644
opentitan_hmac_sha256,rtl_source/hw/ip/prim/rtl/prim_alert_pkg.sv,32d9e1647d61bab570c41c5d61b7464c29925c9d38f03d0648b626e8ce42c1f4,772,0644
opentitan_hmac_sha256,rtl_source/hw/ip/prim/rtl/prim_alert_receiver.sv,939ef1b7c657fe26c9c44baa02fc24e9f1874caaaec22433383106561dd29f61,14494,0644
opentitan_hmac_sha256,rtl_source/hw/ip/prim/rtl/prim_alert_sender.sv,288561001fd344dffb0d935cf85de264ca16e1296f1f30fdc8386659a9683b98,14419,0644
opentitan_hmac_sha256,rtl_source/hw/ip/prim/rtl/prim_alert_to_diff.sv,f84e19ec71add865fd2ecf4a35cf3c2d105cf31e9ee4141f0e5276ce4336a8b2,2349,0644
opentitan_hmac_sha256,rtl_source/hw/ip/prim/rtl/prim_arbiter_fixed.sv,17cc878a5e7846d7c558c49da2fd45cecdd1014c389b0e50741f523ca62fe582,6132,0644
opentitan_hmac_sha256,rtl_source/hw/ip/prim/rtl/prim_arbiter_ppc.sv,20c831d4b8b8d7d9ef87bcd24f1b6dd0c5a4db95acc8ce1feb0ac75505016e99,7433,0644
opentitan_hmac_sha256,rtl_source/hw/ip/prim/rtl/prim_arbiter_tree.sv,cad891e0479a377896ecbcddaf6dd7d5b9aa6e5b18ba23654b61795fcf3083e1,12317,0644
opentitan_hmac_sha256,rtl_source/hw/ip/prim/rtl/prim_arbiter_tree_dup.sv,6bc08dc541b6682c2976af4c7ef5e4367f92528c604d912ddf8e2202ffa792dd,4120,0644
opentitan_hmac_sha256,rtl_source/hw/ip/prim/rtl/prim_ascon_duplex.sv,b393860ca6465059f96e335dfabb7e59543cda31556a94e592f91b4b465a5927,18984,0644
opentitan_hmac_sha256,rtl_source/hw/ip/prim/rtl/prim_ascon_pkg.sv,42ffc160b86e0b2ab51bbfd35ba422f1a369cd7e7a5d055c73e486df422e087e,6279,0644
opentitan_hmac_sha256,rtl_source/hw/ip/prim/rtl/prim_ascon_round.sv,a778ef853e5689a02c46b4e5943f7da905e937df73662484aa24fd38e2f5fc13,2165,0644
opentitan_hmac_sha256,rtl_source/hw/ip/prim/rtl/prim_ascon_sbox.sv,c2008c23371e4d010f41e06612acb017c2d476bb7fb541a01432fd38c290bcf4,1279,0644
opentitan_hmac_sha256,rtl_source/hw/ip/prim/rtl/prim_assert.sv,d717d5dbcba3b5aa8a731ef9f8af18b036b49edef282f0a43a51f5ad2dd9bb40,9966,0644
opentitan_hmac_sha256,rtl_source/hw/ip/prim/rtl/prim_assert_dummy_macros.svh,cac4a930105da662547de873f0b80246074fb22df9a398663e1c8ac3e7998218,1102,0644
opentitan_hmac_sha256,rtl_source/hw/ip/prim/rtl/prim_assert_sec_cm.svh,25db89fe5f250c1bcbd808d0b4808206b9e85ac337b26e4ebb23f2ad569e1a13,7571,0644
opentitan_hmac_sha256,rtl_source/hw/ip/prim/rtl/prim_assert_standard_macros.svh,4835706249e017eae999256ea807c526a39a49729196fc0aa18bb8818de86ab6,6761,0644
opentitan_hmac_sha256,rtl_source/hw/ip/prim/rtl/prim_assert_yosys_macros.svh,d1fd8c350785a7c6d8cccc0b0c385392b71575397e7dc58c70f07716c8f9f3a3,2709,0644
opentitan_hmac_sha256,rtl_source/hw/ip/prim/rtl/prim_blanker.sv,14792d96db2f0ea69d14aa89bebc53c3f822d2c6e6f7ab5cfbdadae531775a00,599,0644
opentitan_hmac_sha256,rtl_source/hw/ip/prim/rtl/prim_cdc_rand_delay.sv,6b0f9f46a5559a354c9770e6eb7a4721b50b09d40d34b4efb62218c7a777829c,2519,0644
opentitan_hmac_sha256,rtl_source/hw/ip/prim/rtl/prim_cipher_pkg.sv,9cd66bdbc64020e3fe1f14a5baee30a93609b7887a9d21df7991929087b0973f,19813,0644
opentitan_hmac_sha256,rtl_source/hw/ip/prim/rtl/prim_clock_gating_sync.sv,aa0783c5253ab607ea436193e520f82168bd926504f62eaaa68dd3f1c8e2edd7,622,0644
opentitan_hmac_sha256,rtl_source/hw/ip/prim/rtl/prim_clock_meas.sv,50ccc8f117ec65aeb09906b4bc29d48cf5c02ea7370c438be580eaddea58024b,7422,0644
opentitan_hmac_sha256,rtl_source/hw/ip/prim/rtl/prim_clock_timeout.sv,a67b2adab3eeaa7893c4039b23371dff67245bc48a0391655449909e2c1527eb,1555,0644
opentitan_hmac_sha256,rtl_source/hw/ip/prim/rtl/prim_count.sv,b48580aefff674a48a674489c9b21a98d5399ca5b4c7623f3a7c907a75d8f0cb,12204,0644
opentitan_hmac_sha256,rtl_source/hw/ip/prim/rtl/prim_count_pkg.sv,8e465ed25b7d59f29faf0f315243a774cf0e50d178ec2068d8c71983cb2f18df,595,0644
opentitan_hmac_sha256,rtl_source/hw/ip/prim/rtl/prim_crc32.sv,3b5cda9e6b2622320f88cc2b84077e6d38e3cb5af44bc71c211a99273eb9fd9f,14225,0644
opentitan_hmac_sha256,rtl_source/hw/ip/prim/rtl/prim_diff_decode.sv,e3ed6f83329589eed061c893d8b9ad1e00e975e23e9347ed31f68b50f0822d6d,12048,0644
opentitan_hmac_sha256,rtl_source/hw/ip/prim/rtl/prim_diff_encode.sv,ad20569f853e3ed67df0cdc4f1f9ca843023586292d4ada17207d9f96bb649bb,1434,0644
opentitan_hmac_sha256,rtl_source/hw/ip/prim/rtl/prim_diff_to_alert.sv,054f968e07473be95624c2478061463c1c1fe0dc77930d55787cdcf0f208b90f,2241,0644
opentitan_hmac_sha256,rtl_source/hw/ip/prim/rtl/prim_dom_and_2share.sv,31d20ed656e7f79976cbd688d94123edd0c60dd816d98d979d027e981529323c,5951,0644
opentitan_hmac_sha256,rtl_source/hw/ip/prim/rtl/prim_double_lfsr.sv,437a24dacff2360c4392dd9d38650030b2122c35fbe207a4aba44b277a11fa97,4333,0644
opentitan_hmac_sha256,rtl_source/hw/ip/prim/rtl/prim_edge_detector.sv,a4df5485f3f07427990b672a3745a9d94581479371b98f60903bf9805907fb22,1297,0644
opentitan_hmac_sha256,rtl_source/hw/ip/prim/rtl/prim_edn_req.sv,2ee245e6c5469224ad35a2a53cd3a83ca2a5268277e9df5d7b819b8bbaec7fd1,7230,0644
opentitan_hmac_sha256,rtl_source/hw/ip/prim/rtl/prim_esc_pkg.sv,113834e1cc58cc6d656c4e9ecbbd9b9bb8a37e39623d8ce2b26d1aa17c399704,592,0644
opentitan_hmac_sha256,rtl_source/hw/ip/prim/rtl/prim_esc_receiver.sv,96ba9b0a2fd33c274e818ceb50a934dd8399a63a9d7a6222fa6f694368d9b418,9805,0644
opentitan_hmac_sha256,rtl_source/hw/ip/prim/rtl/prim_esc_sender.sv,048948b089946822e8f2bc0b54ae81fb21a48e522b1c7bd97adb6894eeef8d01,9055,0644
opentitan_hmac_sha256,rtl_source/hw/ip/prim/rtl/prim_fifo_assert.svh,4d695096c6582de1e723474e06ca002d3aa2cc87f85e9ffd25bb8c8275ff6118,4456,0644
opentitan_hmac_sha256,rtl_source/hw/ip/prim/rtl/prim_fifo_async.sv,0fde480a5f513a4273540e0d70c7502d0e179b759414e3020c8d4d3d349cf6c7,9876,0644
opentitan_hmac_sha256,rtl_source/hw/ip/prim/rtl/prim_fifo_async_simple.sv,e7353e3478250d7e1371cce6e43f13cc606b8e843a068899564470ff13916052,3855,0644
opentitan_hmac_sha256,rtl_source/hw/ip/prim/rtl/prim_fifo_async_sram_adapter.sv,1fb4405f2aa48894d9afe63775e14904bca8d4df8384f5f430757a8f5f290e0f,13984,0644
opentitan_hmac_sha256,rtl_source/hw/ip/prim/rtl/prim_fifo_sync.sv,2655befe56a70ee672c2f1259a82ef2beb2adf429ed0405bcf26bea7c4de3630,7837,0644
opentitan_hmac_sha256,rtl_source/hw/ip/prim/rtl/prim_fifo_sync_cnt.sv,33b87939c31a6d71ccd2fe005e5a5dcaaeb343990f9425568cb8686def9f4fb7,5368,0644
opentitan_hmac_sha256,rtl_source/hw/ip/prim/rtl/prim_filter.sv,a93454041ca882103395f8b1ce418591368de67b6e60edd395a8a158494c554a,2018,0644
opentitan_hmac_sha256,rtl_source/hw/ip/prim/rtl/prim_filter_ctr.sv,770a3ae13dc5fc389cb0ab513ab2becc9f1521ea83f55ce4eb517c77b1a7dfde,2389,0644
opentitan_hmac_sha256,rtl_source/hw/ip/prim/rtl/prim_flop_macros.sv,2e8e6c2ee484899ae5d0020eaf0c9732c31537c60c30cb2a0a0acd2e92baee03,3576,0644
opentitan_hmac_sha256,rtl_source/hw/ip/prim/rtl/prim_flop_x.sv,516bc20fbf081d746f9f542a99c1a30ea059ac663637781750f77f0200846bcf,1958,0644
opentitan_hmac_sha256,rtl_source/hw/ip/prim/rtl/prim_gate_gen.sv,594a4771feae6fb32de390d94d523da90b3ac8ab0a9889216753365d3f3f4c9d,3791,0644
opentitan_hmac_sha256,rtl_source/hw/ip/prim/rtl/prim_gf_mult.sv,5988b51f9bfe44a51cb70be299655d019183c83c48e507643bf3fe23b05b5bb4,6004,0644
opentitan_hmac_sha256,rtl_source/hw/ip/prim/rtl/prim_hpc2.sv,fdd61bd679024dd4e6804d42ffb2e35e4b20e29b47318708cbde9f3b3ab86788,7107,0644
opentitan_hmac_sha256,rtl_source/hw/ip/prim/rtl/prim_hpc3.sv,b368fc76e7479a622ff1701d601a040c95bc8cf550a1694827371ab2ae1c9ff9,4994,0644
opentitan_hmac_sha256,rtl_source/hw/ip/prim/rtl/prim_intr_hw.sv,2fb312f9db786982dd4c2bb656f9ba7862637b045dd704ea128a4ce6a4a1f8bc,4910,0644
opentitan_hmac_sha256,rtl_source/hw/ip/prim/rtl/prim_keccak.sv,2aa7dd8714b01f0c0783c7b87a729517e4f6c94c8c0ac82143fc0fccd817cbfe,10066,0644
opentitan_hmac_sha256,rtl_source/hw/ip/prim/rtl/prim_lc_and_hardened.sv,dfbc4283e2e2b75da76f3ff28638d4201c050705edf1dfaf11da053e6b8bf29b,2069,0644
opentitan_hmac_sha256,rtl_source/hw/ip/prim/rtl/prim_lc_combine.sv,ade8d17d3545d85e33dde1e242901b9e9097b11685ab2e0092d71e67a4d91494,2211,0644
opentitan_hmac_sha256,rtl_source/hw/ip/prim/rtl/prim_lc_dec.sv,1990feea62731786986fae7e8397da7d420eb7ebd4dd79c5aea64c18a8204970,802,0644
opentitan_hmac_sha256,rtl_source/hw/ip/prim/rtl/prim_lc_or_hardened.sv,a132bfaf28c7bf8398bebc84628665a69f0eac6e981f9df82cc95f7e84332d9f,2480,0644
opentitan_hmac_sha256,rtl_source/hw/ip/prim/rtl/prim_lc_sender.sv,7e3b1c3e02ea343bffbc6e2fca1b9f15d6834e885173a199cefc333f5449966f,2233,0644
opentitan_hmac_sha256,rtl_source/hw/ip/prim/rtl/prim_lc_sync.sv,d6b6e2235983c86ac3e2c07528640e4940ead70c9b3ac5a08a484b5b8cf07d2c,4496,0644
opentitan_hmac_sha256,rtl_source/hw/ip/prim/rtl/prim_leading_one_ppc.sv,5fd9c8bc227da9d599e6f7cdf7acf75214c7e0e776e0e30892be6fc9d71106c9,1124,0644
opentitan_hmac_sha256,rtl_source/hw/ip/prim/rtl/prim_lfsr.sv,c61632878728613ba0403f2d068c03a5103165663b58d8dd50892ef032dec916,25222,0644
opentitan_hmac_sha256,rtl_source/hw/ip/prim/rtl/prim_macros.svh,4677bbfb061a3ea45b8e051bef06ad9c3ddcd8e3b1236549d85b9306d6388b04,1898,0644
opentitan_hmac_sha256,rtl_source/hw/ip/prim/rtl/prim_max_tree.sv,4a53784c66d03b8ab9f9fba5c36a11391783e1809002bca8be323617e4064562,6204,0644
opentitan_hmac_sha256,rtl_source/hw/ip/prim/rtl/prim_msb_extend.sv,64bdd05aabd4d7fa5cb2f2fb2d59f66b74455e93f37c956f00fc65fc20713df9,672,0644
opentitan_hmac_sha256,rtl_source/hw/ip/prim/rtl/prim_mubi12_dec.sv,7e30e02744c255717d0094fd0b3cb5d77caf4626c5704dce37ac5c86c59d5d50,1652,0644
opentitan_hmac_sha256,rtl_source/hw/ip/prim/rtl/prim_mubi12_sender.sv,d57946855f6d5674f557b84976189449117f4f17014a7eca0fa716f8e990d012,2855,0644
opentitan_hmac_sha256,rtl_source/hw/ip/prim/rtl/prim_mubi12_sync.sv,44a06e1eb454387e104c51621dd99e5840d4b187ea7fda74bd8b5e0a824206e1,6367,0644
opentitan_hmac_sha256,rtl_source/hw/ip/prim/rtl/prim_mubi16_dec.sv,34ae5437446015f276f09e30c515a5538af44fbe5617f73f61b464c613dccc20,1652,0644
opentitan_hmac_sha256,rtl_source/hw/ip/prim/rtl/prim_mubi16_sender.sv,cafef386918aee0fcccbaa1a36bf4c11b15a0051c8f94742d926a09c834590a4,2855,0644
opentitan_hmac_sha256,rtl_source/hw/ip/prim/rtl/prim_mubi16_sync.sv,27d63c260b986b0db77b90a4f26d0c165f7451f01b60bbf48f3b7601059bb913,6367,0644
opentitan_hmac_sha256,rtl_source/hw/ip/prim/rtl/prim_mubi20_dec.sv,99a296946f4547c4907840db35dc8d65e7d61d20cbd8120e6f8e3bc3abd49bd6,1652,0644
opentitan_hmac_sha256,rtl_source/hw/ip/prim/rtl/prim_mubi20_sender.sv,cda878555930047822ac382e1a19e2db5a31bb2dddb8f920165bc8d515e0b7d5,2855,0644
opentitan_hmac_sha256,rtl_source/hw/ip/prim/rtl/prim_mubi20_sync.sv,5c582e50e12a201d5060a85fa33e1de2298804ed3d273334b66c58240f2dd190,6367,0644
opentitan_hmac_sha256,rtl_source/hw/ip/prim/rtl/prim_mubi24_dec.sv,677c30909b141e0f9adaf579ad4681ece28892b8911a1c85d7c11ca866bb7d8d,1652,0644
opentitan_hmac_sha256,rtl_source/hw/ip/prim/rtl/prim_mubi24_sender.sv,9748a85ac3dd716d09be4047718dac6e78f7a1e23a03082fb95158abcf3367de,2855,0644
opentitan_hmac_sha256,rtl_source/hw/ip/prim/rtl/prim_mubi24_sync.sv,5072f6c7b6ad93ca1362fc84e986e994ca9d7e80c621fd6b14308d71ad675c19,6367,0644
opentitan_hmac_sha256,rtl_source/hw/ip/prim/rtl/prim_mubi28_dec.sv,64ae1fc075458e4cab87f8d7a665f548f78e1cbffb05b43041e48d7b941010b0,1652,0644
opentitan_hmac_sha256,rtl_source/hw/ip/prim/rtl/prim_mubi28_sender.sv,0d036039d7d48b9fa614b93803167b0f1bc2dae5eb7aec2b3a6f33f39084c6ac,2855,0644
opentitan_hmac_sha256,rtl_source/hw/ip/prim/rtl/prim_mubi28_sync.sv,d55a1857dda0a0de5a1fbfc0af3860e1731df8cdb030c9da0efe6e654dd7d70f,6367,0644
opentitan_hmac_sha256,rtl_source/hw/ip/prim/rtl/prim_mubi32_dec.sv,75dbc715d66adb61c72ecfa4747192317b0a036be240a9bfeedd52bde30a6932,1652,0644
opentitan_hmac_sha256,rtl_source/hw/ip/prim/rtl/prim_mubi32_sender.sv,b4dae09251ff294afea4532ed5e7205dbf52d4265aa75dc90d1b003e22f7fdd6,2855,0644
opentitan_hmac_sha256,rtl_source/hw/ip/prim/rtl/prim_mubi32_sync.sv,66269bfff124800e2073a423bce9922ebd0f865d39608d40803b23397e3eee5b,6367,0644
opentitan_hmac_sha256,rtl_source/hw/ip/prim/rtl/prim_mubi4_dec.sv,b33530adf41b05849d06424a40db5536dfb5ffd441752bf49af03ad3d7b5f48e,1638,0644
opentitan_hmac_sha256,rtl_source/hw/ip/prim/rtl/prim_mubi4_sender.sv,2bd763ba3f489b406de68e6759650fe2ed7fd875298ac0adff71e70234993b39,2840,0644
opentitan_hmac_sha256,rtl_source/hw/ip/prim/rtl/prim_mubi4_sync.sv,8d6461687bb7f022f326875e401a271f1bf6df3a7a87bf625508b334530c20df,6339,0644
opentitan_hmac_sha256,rtl_source/hw/ip/prim/rtl/prim_mubi8_dec.sv,e34268f75dd36cc0bf6cce710e1ebbd900cb253fd977a394a84eaf2f19f52956,1638,0644
opentitan_hmac_sha256,rtl_source/hw/ip/prim/rtl/prim_mubi8_sender.sv,cfd926dd909081b590aade41fac9a91cb72c2493defb870cbaec45153f3aa951,2840,0644
opentitan_hmac_sha256,rtl_source/hw/ip/prim/rtl/prim_mubi8_sync.sv,2f0b9d5f5c95e0338cda232d61c390136cb0e17696c4edfd842007a6a9fbcaa7,6339,0644
opentitan_hmac_sha256,rtl_source/hw/ip/prim/rtl/prim_mubi_pkg.sv,11a2f1a16ddaf750d859c95e07fc48c54743fe6ad3b5c5eabe2e14a51d9fb1af,40926,0644
opentitan_hmac_sha256,rtl_source/hw/ip/prim/rtl/prim_multibit_sync.sv,d5f66230a58865d4e5610365a13aea1d52f75eac0772f13075ceb41daf2a7f64,3965,0644
opentitan_hmac_sha256,rtl_source/hw/ip/prim/rtl/prim_onehot_check.sv,97aefa2e7ebd26e12ea9fc691908a62315e2135bdbb127f3c3d640eeb15096ca,6658,0644
opentitan_hmac_sha256,rtl_source/hw/ip/prim/rtl/prim_onehot_enc.sv,e9a65c74e4478063ea00fc3d80eaff214fdbacfe07e91f13f28ceb725e5ad362,648,0644
opentitan_hmac_sha256,rtl_source/hw/ip/prim/rtl/prim_onehot_mux.sv,adf35f6708fd04cf2a01138033de3f5b23674685c213bcfc39fc3819d04cfa7c,1186,0644
opentitan_hmac_sha256,rtl_source/hw/ip/prim/rtl/prim_packer.sv,fa4558a5e753152bdc4232b6bf83691b9ebfe134c1f5814fea46dcc9bd21941c,11886,0644
opentitan_hmac_sha256,rtl_source/hw/ip/prim/rtl/prim_packer_fifo.sv,99aeb7564474111dc6662488c9f4ca6b788723e449b128d08ac54f8fc2da5cd2,6383,0644
opentitan_hmac_sha256,rtl_source/hw/ip/prim/rtl/prim_pad_wrapper_pkg.sv,67f95bc2e330a4d0f9e69e6caff507426010233f597ba22bc03ec8fd44988e76,1866,0644
opentitan_hmac_sha256,rtl_source/hw/ip/prim/rtl/prim_present.sv,7a6ae0e88160d93b5f70460e41806ef2b7b5b5726e2aa8038cf7cfab281d890c,7810,0644
opentitan_hmac_sha256,rtl_source/hw/ip/prim/rtl/prim_prince.sv,e3fa14d45eebe18e6404370540648d1037887877dbde4b22fddd83c2b43d1e0d,9817,0644
opentitan_hmac_sha256,rtl_source/hw/ip/prim/rtl/prim_pulse_sync.sv,1be70031ecf75195f5c4036727626d564e06584da5b510c95e3f295307e2cd6d,3272,0644
opentitan_hmac_sha256,rtl_source/hw/ip/prim/rtl/prim_racl_error_arb.sv,937d7416b3b5035466ac6e3c513823498f7f0d073811d23d553deefe6c13e9e6,2476,0644
opentitan_hmac_sha256,rtl_source/hw/ip/prim/rtl/prim_ram_1p_adv.sv,061419332366621648121206740d274f1239b59c12a3fa4b9c78f5d233d1f379,14304,0644
opentitan_hmac_sha256,rtl_source/hw/ip/prim/rtl/prim_ram_1p_scr.sv,0aeb50251effc7033e894ad89061ba8eaa32a93ea91068b17f65637b28ba6120,24213,0644
opentitan_hmac_sha256,rtl_source/hw/ip/prim/rtl/prim_ram_1r1w_adv.sv,fb9235297a9467f31ffc7d5111769d8f1cb277ac6bd628fc05d8835520c44a65,3043,0644
opentitan_hmac_sha256,rtl_source/hw/ip/prim/rtl/prim_ram_1r1w_async_adv.sv,773579fcbd9a435fe56e3220cce33ccdb3e801a4e53953df5bdc90b7c48537d9,9119,0644
opentitan_hmac_sha256,rtl_source/hw/ip/prim/rtl/prim_ram_2p_adv.sv,ed1477024e43be755ba7283cc35c7b61896b71bf7f94a66814f13feda06fb1e3,3492,0644
opentitan_hmac_sha256,rtl_source/hw/ip/prim/rtl/prim_ram_2p_async_adv.sv,a7715c25807655308e23d0b617e272d2b9f7538e501592c40977bdb0e0bb6991,12653,0644
opentitan_hmac_sha256,rtl_source/hw/ip/prim/rtl/prim_reg_cdc.sv,be295cb29ace82478f344b8d0fa8fd1f94fe58ebfec1826d44dd450e06027ea9,9328,0644
opentitan_hmac_sha256,rtl_source/hw/ip/prim/rtl/prim_reg_cdc_arb.sv,a09a6f543ec1f1b8052bf953c51664912079c5a08fd7a2dc38568798d56f31ea,11521,0644
opentitan_hmac_sha256,rtl_source/hw/ip/prim/rtl/prim_reg_we_check.sv,0f38519d831f24bb9a1afc1041f6840eb42187a958788a5256aa0c698819af4a,1609,0644
opentitan_hmac_sha256,rtl_source/hw/ip/prim/rtl/prim_rom_adv.sv,1a3f353b60e879c7b5de2416780358f9f35cad7c157aedc6eb36301f3d004dab,1207,0644
opentitan_hmac_sha256,rtl_source/hw/ip/prim/rtl/prim_sdc_example.sv,0da8ccd997cc6ca77cac35e9c115e11ca72a1d3ec30f9e40f0de0ca17201ac36,21045,0644
opentitan_hmac_sha256,rtl_source/hw/ip/prim/rtl/prim_sec_anchor_buf.sv,073be7f3daa8a738add627e1055704cc94d82cfb8ff11f6952c644abde20c702,424,0644
opentitan_hmac_sha256,rtl_source/hw/ip/prim/rtl/prim_sec_anchor_const.sv,d9946bafa888e01030be1352779f2d9816c0f11c190d273801f4e524ac9c8048,460,0644
opentitan_hmac_sha256,rtl_source/hw/ip/prim/rtl/prim_sec_anchor_flop.sv,7bb3cb240164715f3956831e35e95f1a3e7e901deae02cc1297669318986d7bf,609,0644
opentitan_hmac_sha256,rtl_source/hw/ip/prim/rtl/prim_secded_22_16_dec.sv,1db557bc993dab53bcdeeb31a3051b4468f61a489c88387d0e9072c7cacd860b,1740,0644
opentitan_hmac_sha256,rtl_source/hw/ip/prim/rtl/prim_secded_22_16_enc.sv,dc9be87f59567a2a6828de6e38de9f283ac7f48c088c852665e2767cea61fd35,669,0644
opentitan_hmac_sha256,rtl_source/hw/ip/prim/rtl/prim_secded_28_22_dec.sv,bc719bdaaae7a7566528b346b2771b4dd907496a4f5a9b6105c0b12edd090598,2063,0644
opentitan_hmac_sha256,rtl_source/hw/ip/prim/rtl/prim_secded_28_22_enc.sv,7759abde1e32bd8c568831de1a139698897b873592714fd6a3926a35123fadb0,675,0644
opentitan_hmac_sha256,rtl_source/hw/ip/prim/rtl/prim_secded_39_32_dec.sv,13cbe5fdac6efeba3e92cbddc5c77efa68477996c616984d87f7abe438c2c61e,2659,0644
opentitan_hmac_sha256,rtl_source/hw/ip/prim/rtl/prim_secded_39_32_enc.sv,31b80e9aefe5cc6df99fe7134a39c417809536b29de6892e6382a9ec3374b4c7,738,0644
opentitan_hmac_sha256,rtl_source/hw/ip/prim/rtl/prim_secded_64_57_dec.sv,473c72849e087ef8ff113034bc0bfd5557cb058a615da6c50dc26721adc1c63a,4026,0644
opentitan_hmac_sha256,rtl_source/hw/ip/prim/rtl/prim_secded_64_57_enc.sv,c955ae516645355d3d095441f2025826a542360c391335e2acb500dbf5f23c31,780,0644
opentitan_hmac_sha256,rtl_source/hw/ip/prim/rtl/prim_secded_72_64_dec.sv,b706646195e58396cff43b5256f25a474a180ea18eb483499cb85c649f5ee532,4467,0644
opentitan_hmac_sha256,rtl_source/hw/ip/prim/rtl/prim_secded_72_64_enc.sv,71c2c5924cf277fd978ab40ccc5eec939f609894ddf8adb3f81144baaa774755,847,0644
opentitan_hmac_sha256,rtl_source/hw/ip/prim/rtl/prim_secded_hamming_22_16_dec.sv,ed611f2143cf73b7ff540807e41ba45cdc03c4c9b94c005c930ed08a4466a3b0,1769,0644
opentitan_hmac_sha256,rtl_source/hw/ip/prim/rtl/prim_secded_hamming_22_16_enc.sv,4a6a3bdd2d466a3fbf9b2d389f0203972291f2b6b9eac089f73b0302bd7fd1a9,685,0644
opentitan_hmac_sha256,rtl_source/hw/ip/prim/rtl/prim_secded_hamming_39_32_dec.sv,1d01e347a42ae0e9de40c8dda1fb557f951c8db7c990ae2ba7c67e14073646af,2689,0644
opentitan_hmac_sha256,rtl_source/hw/ip/prim/rtl/prim_secded_hamming_39_32_enc.sv,d510dc23a3150a5f7b086cb465cfe679279489fc54678567d7889972efb76629,754,0644
opentitan_hmac_sha256,rtl_source/hw/ip/prim/rtl/prim_secded_hamming_72_64_dec.sv,b6af19127ac10720d328f56f790fff4eee79481321374d3b52d3b432c7fe1bb2,4497,0644
opentitan_hmac_sha256,rtl_source/hw/ip/prim/rtl/prim_secded_hamming_72_64_enc.sv,2f8732b489b9c00993a189348c25766c519269b7bc58a56e4b800a93b8771f02,863,0644
opentitan_hmac_sha256,rtl_source/hw/ip/prim/rtl/prim_secded_hamming_76_68_dec.sv,98b4a274d14b0f1877308f7fc62f0191ec48350a9376c77622ff12ce2c3f4c63,4717,0644
opentitan_hmac_sha256,rtl_source/hw/ip/prim/rtl/prim_secded_hamming_76_68_enc.sv,8b524f2e3ea9f481177ac729d8f38ff8bf063b2a4b467551b1a62aac9c1f0a6e,871,0644
opentitan_hmac_sha256,rtl_source/hw/ip/prim/rtl/prim_secded_inc.svh,59591eea595305d0ece809e980ee080990d52f1c4fef564e1a6e9c4f54812c3d,20397,0644
opentitan_hmac_sha256,rtl_source/hw/ip/prim/rtl/prim_secded_inv_22_16_dec.sv,2620fc37a5acfde0d54f0a638d13d3150b3c08acc840ce45a9ae4a24833711ef,1838,0644
opentitan_hmac_sha256,rtl_source/hw/ip/prim/rtl/prim_secded_inv_22_16_enc.sv,b6df81ecfb12826002fa979c1beae2b8b47e8fa33bd465ad7c6e4784657e8ca9,703,0644
opentitan_hmac_sha256,rtl_source/hw/ip/prim/rtl/prim_secded_inv_28_22_dec.sv,06c0dfdf59f2dbfffa7c73e609ae6361c94927a298f13ac6815c9543633b35a4,2167,0644
opentitan_hmac_sha256,rtl_source/hw/ip/prim/rtl/prim_secded_inv_28_22_enc.sv,15b373e491fba6d6251c241229bd78d2766214771942e3fac0bdbe4cbff720fd,710,0644
opentitan_hmac_sha256,rtl_source/hw/ip/prim/rtl/prim_secded_inv_39_32_dec.sv,f07f26fd2375952e4ec7cfc1641cebcea373a8030d82dd5977a76f81c430cb12,2800,0644
opentitan_hmac_sha256,rtl_source/hw/ip/prim/rtl/prim_secded_inv_39_32_enc.sv,4588fda3fd5ebdd711c98f6900caaaaddddf1257337c5b931ca86de7fb0ef8ff,776,0644
opentitan_hmac_sha256,rtl_source/hw/ip/prim/rtl/prim_secded_inv_64_57_dec.sv,e598eef60254ac4a0e6899f6d1e4af5ae5bbd2ac22395ac53ee925296bc8a826,4209,0644
opentitan_hmac_sha256,rtl_source/hw/ip/prim/rtl/prim_secded_inv_64_57_enc.sv,74b3b327047b90682468614708bb4b1104b1f069c0dc3189e2b078622ac566b8,824,0644
opentitan_hmac_sha256,rtl_source/hw/ip/prim/rtl/prim_secded_inv_72_64_dec.sv,3763fa9e291c0e33217b18cf74b7dd3830f232065a6a62ad21582d6e2bdcfd9d,4691,0644
opentitan_hmac_sha256,rtl_source/hw/ip/prim/rtl/prim_secded_inv_72_64_enc.sv,d7c176fffecdf629db3c2e3958a4ca603e99a995b4aaeab9a2f73ad55e0e2d51,893,0644
opentitan_hmac_sha256,rtl_source/hw/ip/prim/rtl/prim_secded_inv_hamming_22_16_dec.sv,4fedd80e34009d4e54881ef2358ca3a7fd971acaa8f1621b1832aea6d0aaac3c,1867,0644
opentitan_hmac_sha256,rtl_source/hw/ip/prim/rtl/prim_secded_inv_hamming_22_16_enc.sv,74fc5522c24f1f3505a2dc7f3c34adaac07fdb54dce055268a4e2b3df3d6f416,719,0644
opentitan_hmac_sha256,rtl_source/hw/ip/prim/rtl/prim_secded_inv_hamming_39_32_dec.sv,975eda8d8623f617f9d4e89b948c44e2d657b000596cdeeb9ed62910f6d1e8f7,2830,0644
opentitan_hmac_sha256,rtl_source/hw/ip/prim/rtl/prim_secded_inv_hamming_39_32_enc.sv,b63ddfd743b51476dea494af1665433747ce021e0933d6e1e6b7a1b2ca5f9d3a,792,0644
opentitan_hmac_sha256,rtl_source/hw/ip/prim/rtl/prim_secded_inv_hamming_72_64_dec.sv,ee22ebd7c918a537c883ce42c27ad2ab75125e35c6184c5e2dc2b1bd9fd0fb79,4721,0644
opentitan_hmac_sha256,rtl_source/hw/ip/prim/rtl/prim_secded_inv_hamming_72_64_enc.sv,773f02fda14b0c20a41ddae143292b6b422b4b946da5476ea5a61ee97e1fd127,909,0644
opentitan_hmac_sha256,rtl_source/hw/ip/prim/rtl/prim_secded_inv_hamming_76_68_dec.sv,925fd53e9b06cd4d770f355cd72491bac8fbd21e038b596d778de26f10bc5de5,4949,0644
opentitan_hmac_sha256,rtl_source/hw/ip/prim/rtl/prim_secded_inv_hamming_76_68_enc.sv,d7e15dc949ee0f935e012bb1d666cf1e329b016979e73b5a71f168971e261a82,918,0644
opentitan_hmac_sha256,rtl_source/hw/ip/prim/rtl/prim_secded_pkg.sv,bcbd03333a30e7a1cb01195d1c40c7d0e736f91d9f73c2347ef5b0bd9dc3c82b,74899,0644
opentitan_hmac_sha256,rtl_source/hw/ip/prim/rtl/prim_sha2.sv,5744e5abb931036f17cecc20de34358d5fe297e955da7eb29089ac55d65cae50,18731,0644
opentitan_hmac_sha256,rtl_source/hw/ip/prim/rtl/prim_sha2_32.sv,1d850f8f9b6b9415b56b4411bc95c096eea5c7d8daf6202e5276a87233071507,11566,0644
opentitan_hmac_sha256,rtl_source/hw/ip/prim/rtl/prim_sha2_pad.sv,bb915fa003913af6b570a724896c8f877d1640cb32fdbc673a13360a07dbeaa7,13571,0644
opentitan_hmac_sha256,rtl_source/hw/ip/prim/rtl/prim_sha2_pkg.sv,7dc41a96fb1638bbb88982abfae26d91949f39d0217d300787c1fb71dda2cf65,12152,0644
opentitan_hmac_sha256,rtl_source/hw/ip/prim/rtl/prim_slicer.sv,c1e76c9b9d4f740c8de2f52cce3c982e660070b5cbbaa028ed30739ccf13f91c,796,0644
opentitan_hmac_sha256,rtl_source/hw/ip/prim/rtl/prim_sparse_fsm_flop.sv,7c9fdf97523bb5eac16f0d219668811a790c2b5bc591660340e75b1cf429d11f,2093,0644
opentitan_hmac_sha256,rtl_source/hw/ip/prim/rtl/prim_sram_arbiter.sv,d0e07972d5c241a8c77cd8cdb87ddf68d55ee9453bca7d102505ee359adfb2a1,4122,0644
opentitan_hmac_sha256,rtl_source/hw/ip/prim/rtl/prim_subreg.sv,25fb080996e7a9f1a8db6b827d57926850324e254c2758a921f4d67d13445992,1838,0644
opentitan_hmac_sha256,rtl_source/hw/ip/prim/rtl/prim_subreg_arb.sv,16530c91931e97b25e33334bfc5942fd254324189115f942585f26f56d8ae758,8993,0644
opentitan_hmac_sha256,rtl_source/hw/ip/prim/rtl/prim_subreg_ext.sv,dc22ea14c164661970db2a76060fc54cbbe1d432534eaadce0caa8a3a2935ce5,724,0644
opentitan_hmac_sha256,rtl_source/hw/ip/prim/rtl/prim_subreg_pkg.sv,a38c3243535348fb4b0e5d233c0baa89eea3588b976d8bb050c7de4a2fd09bf0,613,0644
opentitan_hmac_sha256,rtl_source/hw/ip/prim/rtl/prim_subreg_shadow.sv,efd0c987744545f7696f7b8c9061bd65eb015e7a1190f7187cfa8c6d3ca0bb04,8506,0644
opentitan_hmac_sha256,rtl_source/hw/ip/prim/rtl/prim_subst_perm.sv,6cae23ff8a3c6d1dc775c2a55280f532cef98a9a6c787a2d717c50b5854ee3a6,3818,0644
opentitan_hmac_sha256,rtl_source/hw/ip/prim/rtl/prim_sum_tree.sv,d16835741dd2c365736f096073daae89a40567a33072ffbf7eefa045a02b7924,6162,0644
opentitan_hmac_sha256,rtl_source/hw/ip/prim/rtl/prim_sync_reqack.sv,30329c6e3c7e389c4e85d91846f485ef8810c0ef8a72d71cc37f3cac81bc89a3,12306,0644
opentitan_hmac_sha256,rtl_source/hw/ip/prim/rtl/prim_sync_reqack_data.sv,d1bb023c1ac5f89b63f61b573180add5f16c00db3c4c1ed0854e2408708ed867,7451,0644
opentitan_hmac_sha256,rtl_source/hw/ip/prim/rtl/prim_sync_slow_fast.sv,77f243af15e393d6cfabd8102c5211b92f52deec51167d53abb1a3f44a0269cd,1911,0644
opentitan_hmac_sha256,rtl_source/hw/ip/prim/rtl/prim_trivium.sv,1289afb113914afbaf348ab979fbdb3c40d1789b039401c5502c16e471cd1cad,15899,0644
opentitan_hmac_sha256,rtl_source/hw/ip/prim/rtl/prim_trivium_pkg.sv,6bed629b25a3ac753ecfc910461fe9960b9211723322dc84e63743365b95f37a,4814,0644
opentitan_hmac_sha256,rtl_source/hw/ip/prim/rtl/prim_util_get_scramble_params.svh,827cfe69062e975e9acc9c15c306c92c41e1d0d487cd197b1350d8bcdb62cca1,769,0644
opentitan_hmac_sha256,rtl_source/hw/ip/prim/rtl/prim_util_memload.svh,9484798c23f4f441e9e454677429af14bcefcad2d10f74d099acbe4b39475da3,2205,0644
opentitan_hmac_sha256,rtl_source/hw/ip/prim/rtl/prim_util_pkg.sv,f71235ef5b92eaa3d2ed5c676f76108082df93b8aae8f9baa816584d1d285208,2685,0644
opentitan_hmac_sha256,rtl_source/hw/ip/prim/rtl/prim_xoshiro256pp.sv,004dd06ba3bf3effea26037a413dade3c66d2c23c72f79d2f16280a8bf09fe20,3299,0644
picorv32_cpu,CORPUS_METADATA.json,1a80f3c251c6cefe055baea698206023f5024072279d4980c5ebdcb5497cd333,941,0644
picorv32_cpu,provenance/COPYING,041ebc727233e5bf096dd41260cbb81014d3d29ca007a15f3b1807d4e9ff288e,777,0644
picorv32_cpu,provenance/README.md,399c2d2e00e4581ee4ef33034089992401e10c4e917a33cd363b80dfb283e964,30622,0644
picorv32_cpu,provenance/picorv32.core,a91372880ed3be50b20722342fe55efafba039c9b286cf9b4dfd50fd876a12c3,1665,0644
picorv32_cpu,rtl_source/picorv32.v,0836050971b3c6cdd28ac3b1e5719a67fb645161912bef1e472e63995ceb0622,94657,0644
secworks_aes,CORPUS_METADATA.json,26fd86ab2cce0446a23d07d8decf5d8464de05ce77e78bc21ea2ff7759933c75,949,0644
secworks_aes,provenance/LICENSE,81899e14798bc6a06e02f48959e1825b9e631f0415bccf5b74e589dabd7c7f80,1303,0644
secworks_aes,provenance/README.md,42ae95ca468ebe4d487511165e1d775f0d3acaf98bd86ce61200c973e61beebd,6290,0644
secworks_aes,provenance/aes.core,0290c3637734469f18aab3f05017aad13c68bc7847fb62dbd524f8925599d081,1405,0644
secworks_aes,rtl_source/src/rtl/aes.v,bc52be90d3d1da1ab8cd20a1b126d7e8f55ae4a721e0d478fdf7f901906129cb,8503,0644
secworks_aes,rtl_source/src/rtl/aes_core.v,06259118659263d2cc1e9880854c51a981659841e5e6a6179d536fce6c93aa59,10557,0644
secworks_aes,rtl_source/src/rtl/aes_decipher_block.v,ab2bcfd2b665b0a41e2b6eec83c7ea1832094865922a0c7c83a93eed00ef3b13,15644,0644
secworks_aes,rtl_source/src/rtl/aes_encipher_block.v,333d985833e52e1072ef7705910ebf7d8788d99c3e97c67c4915e524ef7b7c3f,14416,0644
secworks_aes,rtl_source/src/rtl/aes_inv_sbox.v,2e64290bf10830008b6cb58427af39e2c6ae9dff5f4cfc282d3afba0cb8dbc35,11471,0644
secworks_aes,rtl_source/src/rtl/aes_key_mem.v,d5fbd6124f7b4ac2a50a2dcfaa2a02bfe65f8cb9a387b3488111a257e833ca55,12766,0644
secworks_aes,rtl_source/src/rtl/aes_sbox.v,60e7939de3a539176a8514c2e4a477f603173e6ae40512517ed6dfaaa7483fd9,10489,0644
secworks_chacha,CORPUS_METADATA.json,af70ff14836016797cdf8f70bb988e76c0d30989b25247b505fc197da08cc00b,963,0644
secworks_chacha,provenance/LICENSE,1d49794412fbcb73a87e6175a0a9c8c6f362dc0902b3e69b0f92fe8765c514ee,1303,0644
secworks_chacha,provenance/README.md,1124644da2c6028be53fbdf4e25ae69b4d3b75cdde4467a3c26899f01a9d70bb,3737,0644
secworks_chacha,provenance/chacha.core,731233406215398770c0d8877323f16042b0570fa208cfa83e213280edb13566,1233,0644
secworks_chacha,rtl_source/src/rtl/chacha.v,bfe1c8fff8161093fbdbc14ed236a8cd14b8f9b29046996aa17b93d5f6d6567c,9403,0644
secworks_chacha,rtl_source/src/rtl/chacha_core.v,498bde1d1e83793eb65d37378257e2df8ff9a46da0b783da0b7d2d4f59225844,21132,0644
secworks_chacha,rtl_source/src/rtl/chacha_qr.v,d6bef8c91bba0f113fcf3c69cd38aa56b3b788956e6dbcbbb2f760641e2dff65,3918,0644
secworks_sha256,CORPUS_METADATA.json,00bd98def000a139662664dce6936f06dda1ba783b3c8aae7a339c908aac35c1,966,0644
secworks_sha256,provenance/LICENSE,943866e8c0449b472dfebe4d10f0641240abb37778165eb4e68200ce1180890d,1303,0644
secworks_sha256,provenance/README.md,194d0241c7bfdf869bfc516ea31be9adcd5c65f90d07eb4664e9330cfc98f20e,6349,0644
secworks_sha256,provenance/sha256.core,e2ca9b859dda82abd2c2588851dade5b4aa8595d5e9a2ea7a8ae083a2ac749f5,1059,0644
secworks_sha256,rtl_source/src/rtl/sha256.v,091d2338614c2f14dd61f663fe172a912616c76ac4a78c31be7b55e93a89b1cd,8433,0644
secworks_sha256,rtl_source/src/rtl/sha256_core.v,81ea4b865b09ab42034ada6acfeaa2ea2880d39918878aaaa816852677840192,15492,0644
secworks_sha256,rtl_source/src/rtl/sha256_k_constants.v,78a9600a6968eb0dc04a3a9fdc6329d3b503044b5a2561263b1cdab18f657007,4885,0644
secworks_sha256,rtl_source/src/rtl/sha256_w_mem.v,0b4de636364625e34e771bb26363d24f4a4bcae6579d0f8cd3e86d7e5c14354a,7815,0644
serv_cpu,CORPUS_METADATA.json,6c6c151bbef3b4084641142f60ecdf5e443e56a1d5cf8c28e59c82d7d9fc48b5,942,0644
serv_cpu,provenance/.gitmodules,e3b0c44298fc1c149afbf4c8996fb92427ae41e4649b934ca495991b7852b855,0,0644
serv_cpu,provenance/LICENSE,d9a1bd691f04280a8369a4aa69b6be20c0e2ee6d164a17ad8a8ef49da8ea0ea9,740,0644
serv_cpu,provenance/README.md,a2a5ee34268479dd1a5a0bf18e1fcce5e12fb068ea6149d4ec75a8ae8221c16c,11644,0644
serv_cpu,provenance/serv.core,5a6b465868c29d3d9d030b239a81f5e805333a3e44f5f23404dbfd7611a4708c,2553,0644
serv_cpu,provenance/servant.core,b57dcf95c4ef37020bc24dd7c62203857b2fb2da3600a4e23af007df37862f6e,22532,0644
serv_cpu,provenance/servile.core,1b5eee36b39427047a54c49d38af00d979d2ab5a4784942640cf8ecc192a22e5,524,0644
serv_cpu,provenance/serving.core,256992cd2a8a736401a9a11a4ffa328d5a4bb354447c48b0d2c018a47755ecdf,490,0644
serv_cpu,rtl_source/rtl/serv_aligner.v,adeff8f442db6c93f48e551721146b40c398ab14dcb5b22339746329e7a24f3b,2470,0644
serv_cpu,rtl_source/rtl/serv_alu.v,2e0c31b5b992618e514083aacf10cb38c2229b68b3b1e93d6663104f32143332,2063,0644
serv_cpu,rtl_source/rtl/serv_bufreg.v,76404174ec92c6cf68e0042798dede84d77c5e454c7f428afc7b9f612a3c52d4,2692,0644
serv_cpu,rtl_source/rtl/serv_bufreg2.v,6586c95a64a064ff6f4d001996d33f15e0f6d452e01ebb4da6120db06ddd0a51,3491,0644
serv_cpu,rtl_source/rtl/serv_compdec.v,b1799ad9c5f10756fc336788d4bf871c5a6d4181c2f62568fad1b3bbe86504ae,8547,0644
serv_cpu,rtl_source/rtl/serv_csr.v,2dd7167ed44817d921318a5d463281b43820c25e476039a604e95948be567e62,4789,0644
serv_cpu,rtl_source/rtl/serv_ctrl.v,eb198ba7594f918da2784f9b6f8c82de1b95e3ffdd3383f2f533872999e9dab5,3446,0644
serv_cpu,rtl_source/rtl/serv_debug.v,815a6b0da1a49d41faa72edd8f397f89ec79334b292b94991f60002b0776082f,12293,0644
serv_cpu,rtl_source/rtl/serv_decode.v,eac5b2097ebd1f4587d2aa27aba130897d057dd8a28ba678edce0f2a3c9f640a,12954,0644
serv_cpu,rtl_source/rtl/serv_immdec.v,80ec5a265194eb40f3413742fc9da0a23ed78f8bdf5add3e58b45fa1850b2bd5,5990,0644
serv_cpu,rtl_source/rtl/serv_mem_if.v,a4fbd74579447710ed43e81dd80b4ea9415da0a3425a447f29446f9bd7a9aa6f,1498,0644
serv_cpu,rtl_source/rtl/serv_rf_if.v,63fd0d2ec2f89201b20690c467ebbcae964a85b4570254a95154f832cf0dcb2e,4258,0644
serv_cpu,rtl_source/rtl/serv_rf_ram.v,779ad3243dfa648f276240d260ff4ac1a1e83cc1364afb93d40c586905ce4338,1365,0644
serv_cpu,rtl_source/rtl/serv_rf_ram_if.v,abb39b6bdf4d335bd2f90f75ddb1a410500a1a51a3e9f170453cb491d98d8697,4568,0644
serv_cpu,rtl_source/rtl/serv_rf_top.v,89faedf7530c34305bfbffd261732d95016bf5627f10b7bbafaa8e1fd6cd49c9,6820,0644
serv_cpu,rtl_source/rtl/serv_state.v,f7f981a28ed92243d812b3e6d723a77ec9278c7690eb4a530edc136aed5319b3,8699,0644
serv_cpu,rtl_source/rtl/serv_synth_wrapper.v,ca429e8f6867acb12d702c9c7d1b592dbb81982c7915b75b6eed2962833ccdff,3892,0644
serv_cpu,rtl_source/rtl/serv_top.v,c35b88bed5732309069203b2d04421622eaae108d5bf5daef3de273daf43388e,18387,0644
