transaction_id,family_id,partition,family_vector_index,stimulus_class,pilot,valid_payload_bytes,cycle_budget,request_sha256,schedule_mode,timeout_canary,fault_identity_fields
0,opentitan_hmac_sha256,GENERALIZATION_TRAIN,0,ZERO,YES,64,4096,3b2cfff3b2068758996c42da3dbe874165d17a20b727c38c55373743775376ae,STANDARD,NO,0
1,opentitan_hmac_sha256,GENERALIZATION_TRAIN,1,ONES,YES,64,4096,a5eba43dc4955711159b7ee538a8511f28209ace34a74686e7018e3bef04d64b,STANDARD,NO,0
2,opentitan_hmac_sha256,GENERALIZATION_TRAIN,2,COUNTING,YES,64,4096,a1f8f1b30a64261f8e08eff351bb4881d2e0be592de0fb6bd86598517fcef43f,STANDARD,NO,0
3,opentitan_hmac_sha256,GENERALIZATION_TRAIN,3,ONEHOT,YES,64,4096,af396c3efa4179aceca0572b11a19d3d083d0f0082291e87fa8b649869a06420,STANDARD,NO,0
4,opentitan_hmac_sha256,GENERALIZATION_TRAIN,4,RANDOM,YES,64,4096,e25e81ee4a8b8de1e3dce9ce4d1d185e117f9454d224451f80c0923ce8a49053,STANDARD,NO,0
5,opentitan_hmac_sha256,GENERALIZATION_TRAIN,5,BOUNDARY_LENGTH,YES,96,4096,9c1222859468f9ba3004dbde7871518901277b0a67efcf4714b99bb87d1b3628,STANDARD,NO,0
6,opentitan_hmac_sha256,GENERALIZATION_TRAIN,6,ZERO,YES,64,4096,44ab8c3f1cd4df6ad3611db75692aef987c2411ae1766ed9fe5a90f0c998ed61,STANDARD,NO,0
7,opentitan_hmac_sha256,GENERALIZATION_TRAIN,7,ONES,YES,64,4096,358b63a6466db443c99d3b0686005f185e5e3ed08db4e41103e84b339952cd9e,BACK_TO_BACK,NO,0
8,opentitan_hmac_sha256,GENERALIZATION_TRAIN,8,COUNTING,YES,64,4096,e03dae08d6dce3dd758b2fc00bc9599ca026623e32b52aa93658c21dfd264bc3,STANDARD,NO,0
9,opentitan_hmac_sha256,GENERALIZATION_TRAIN,9,ONEHOT,YES,64,4096,2dfac303d7be194d8b163c5262fdeb63938989b9ea147c02399cbb5636fc0785,STANDARD,NO,0
10,opentitan_hmac_sha256,GENERALIZATION_TRAIN,10,RANDOM,YES,64,4096,b60836c5c3447ee7c5b999d82de11e9534b0279972105362df14a1489d4fd7d3,STANDARD,NO,0
11,opentitan_hmac_sha256,GENERALIZATION_TRAIN,11,BOUNDARY_LENGTH,YES,64,4096,3404debc8fe8e2b300815c6327d50301624022bf0c71dfa69ddbd5ebcebfb025,STANDARD,NO,0
12,opentitan_hmac_sha256,GENERALIZATION_TRAIN,12,ZERO,YES,64,4096,f3270fddc36fadd57b9d4e45639e9bbb8d2ae43ec52544c59d5adcae4ee981e1,STANDARD,NO,0
13,opentitan_hmac_sha256,GENERALIZATION_TRAIN,13,ONES,YES,64,4096,872454776b7f0502c0074ec176a3eff3436a4cc01b6e0c6bb6bc740d4a0348de,STANDARD,NO,0
14,opentitan_hmac_sha256,GENERALIZATION_TRAIN,14,COUNTING,YES,64,4096,36a490d14309bdceedcc283b058c631c88a1e761c83e7cce748fb1c36c7e41e4,STANDARD,NO,0
15,opentitan_hmac_sha256,GENERALIZATION_TRAIN,15,ONEHOT,YES,64,4096,a98bff9d0b7de5ec639387ed2ec66fa440fdfcf650d54c6fe6ee7a866409033e,BACK_TO_BACK,NO,0
16,opentitan_hmac_sha256,GENERALIZATION_TRAIN,16,RANDOM,NO,64,4096,1f89e097ccf11daf39a9e1333a3137c041f13a3a1693eb8f677822b1ef1faed7,STANDARD,NO,0
17,opentitan_hmac_sha256,GENERALIZATION_TRAIN,17,BOUNDARY_LENGTH,NO,33,4096,58792f1ce3d64e4362b1a885cdb8710ffcfb16b580162f2576597d5f5a536213,STANDARD,NO,0
18,opentitan_hmac_sha256,GENERALIZATION_TRAIN,18,ZERO,NO,64,4096,f39527a197cb582b1d4ce04cb8690a8ef2ab8ea2089badcc10426b79894b7ecb,STANDARD,NO,0
19,opentitan_hmac_sha256,GENERALIZATION_TRAIN,19,ONES,NO,64,4096,709c3d0091642ccb8504c3d92d63b515c911c5b3dfad6f7b3c0164590ef77679,STANDARD,NO,0
20,opentitan_hmac_sha256,GENERALIZATION_TRAIN,20,COUNTING,NO,64,4096,5629cd4594e2a546f73e90ea5bf46c12e1addd8a2bf69612e978f78a8d6ce2a5,STANDARD,NO,0
21,opentitan_hmac_sha256,GENERALIZATION_TRAIN,21,ONEHOT,NO,64,4096,6df46eed4075403ab375457d60b0e6f31b1a917cffe57b37ebb287af50279a7e,STANDARD,NO,0
22,opentitan_hmac_sha256,GENERALIZATION_TRAIN,22,RANDOM,NO,64,4096,eef28e8b6327b1d7ae08f3d77dbbfa990820f075190ada14cb50f6b8d8f2633d,STANDARD,NO,0
23,opentitan_hmac_sha256,GENERALIZATION_TRAIN,23,BOUNDARY_LENGTH,NO,160,4096,0d93b13303431e012e5a37cb023cbe115b13399015977cc832d9e0b0efb555f8,BACK_TO_BACK,NO,0
24,opentitan_hmac_sha256,GENERALIZATION_TRAIN,24,ZERO,NO,64,4096,f513ff814d6f9dcb42e1175abdefdc631f50d6c925254d692cf20779255e4d28,STANDARD,NO,0
25,opentitan_hmac_sha256,GENERALIZATION_TRAIN,25,ONES,NO,64,4096,b532780953e344a396bf46f346bfebb87e38b55d8c653176d73d5c405ac192b8,STANDARD,NO,0
26,opentitan_hmac_sha256,GENERALIZATION_TRAIN,26,COUNTING,NO,64,4096,4ef1e551ba95f252a2629697fadc1db5fb9cd23dd79ad1baf545a32e9ac58fbb,STANDARD,NO,0
27,opentitan_hmac_sha256,GENERALIZATION_TRAIN,27,ONEHOT,NO,64,4096,958436895754bc2b418b00af4c631f77a716c7d8101acc943e0cbb5d0ee3ffd0,STANDARD,NO,0
28,opentitan_hmac_sha256,GENERALIZATION_TRAIN,28,RANDOM,NO,64,4096,ce49ad4c6c67bb1b26f718820adee391c63b6d3d0ce3bfa38f2e912779aa8066,STANDARD,NO,0
29,opentitan_hmac_sha256,GENERALIZATION_TRAIN,29,BOUNDARY_LENGTH,NO,96,4096,e577bf6da78ae1aea1491bc2b2cc491e9cb428d00a367987e9e9330aca4647d3,STANDARD,NO,0
30,opentitan_hmac_sha256,GENERALIZATION_TRAIN,30,ZERO,NO,64,4096,6d9d70ff3172191b49bbc96a84b88c6cb20a5b5e52918554ceb2cc73d5547bfb,STANDARD,NO,0
31,opentitan_hmac_sha256,GENERALIZATION_TRAIN,31,ONES,NO,64,4096,4213824d1f16d321e5e6627cf951516af899dd904e014d5245af1be829d0cafd,BACK_TO_BACK,NO,0
32,opentitan_hmac_sha256,GENERALIZATION_TRAIN,32,COUNTING,NO,64,4096,3d1313a020a89a9cb7cd013dcab154d5307626514962d390698ba486208c9d5c,STANDARD,NO,0
33,opentitan_hmac_sha256,GENERALIZATION_TRAIN,33,ONEHOT,NO,64,4096,0a834aff59688e26a51fccbc608cac988801ce267d18c920859d4b93ed97155a,STANDARD,NO,0
34,opentitan_hmac_sha256,GENERALIZATION_TRAIN,34,RANDOM,NO,64,4096,2f80776819da6ff0f5a68ab0ce5d3a26f04be701f2ebef6257bc0dbcf2ff6a7a,STANDARD,NO,0
35,opentitan_hmac_sha256,GENERALIZATION_TRAIN,35,BOUNDARY_LENGTH,NO,64,4096,74507644f0284659c9a18c46946324d38e91ddb88ef0457348dee8a956549a2f,STANDARD,NO,0
36,opentitan_hmac_sha256,GENERALIZATION_TRAIN,36,ZERO,NO,64,4096,88d3d8140c3f5242bc10961dd2ac72ca781de4502b09084d2322b247fd7aae20,STANDARD,NO,0
37,opentitan_hmac_sha256,GENERALIZATION_TRAIN,37,ONES,NO,64,4096,025005cc546c993b966cba3577fab935f61638a05eb70abe468cbb93a8049329,STANDARD,NO,0
38,opentitan_hmac_sha256,GENERALIZATION_TRAIN,38,COUNTING,NO,64,4096,99d3eb14ddffcf63e72e80444d371c3b531b910cf28c7ec46b79dd7df569a4c9,STANDARD,NO,0
39,opentitan_hmac_sha256,GENERALIZATION_TRAIN,39,ONEHOT,NO,64,4096,5b6557ff65b920a25a2ef64923f5f3cbc3118f9c3c0c32492348d3cb6b63173b,BACK_TO_BACK,NO,0
40,opentitan_hmac_sha256,GENERALIZATION_TRAIN,40,RANDOM,NO,64,4096,0836e0ad71bd0b4e56aaf4a541e8afb323cc083d0d0e2d019c04986509a15ef8,STANDARD,NO,0
41,opentitan_hmac_sha256,GENERALIZATION_TRAIN,41,BOUNDARY_LENGTH,NO,33,4096,d8bc36bd6866c6c585304ed5549c6acf08d9d2004dfdd560c789e762f122ef83,STANDARD,NO,0
42,opentitan_hmac_sha256,GENERALIZATION_TRAIN,42,ZERO,NO,64,4096,ee4aedb6700c613de2ee739877215b2debed18cbfee82c4f17e6c518669db776,STANDARD,NO,0
43,opentitan_hmac_sha256,GENERALIZATION_TRAIN,43,ONES,NO,64,4096,e99076702f7fe0a59371c4a20e6b289c84fda45aa7516f31edf5500d394661de,STANDARD,NO,0
44,opentitan_hmac_sha256,GENERALIZATION_TRAIN,44,COUNTING,NO,64,4096,0d6ee47d09c9da1ee4bb1a323325b7e5bef8115d6798dd2884750c69dc10e544,STANDARD,NO,0
45,opentitan_hmac_sha256,GENERALIZATION_TRAIN,45,ONEHOT,NO,64,4096,ef6d45c40e5f9e2c46aee55d3e47722cab6ac0bbfac3b6a1e25523c3ae73809c,STANDARD,NO,0
46,opentitan_hmac_sha256,GENERALIZATION_TRAIN,46,RANDOM,NO,64,4096,d49cd5a9a36f58469fe6759afd678ab776770a1662575aa03334e1678684597a,STANDARD,NO,0
47,opentitan_hmac_sha256,GENERALIZATION_TRAIN,47,BOUNDARY_LENGTH,NO,160,4096,e7371d306a0c131b1ef51983daf35997bef30cf41953738ce0964f23404339f2,BACK_TO_BACK,NO,0
48,opentitan_hmac_sha256,GENERALIZATION_TRAIN,48,ZERO,NO,64,4096,3845085ced3f8cca8227f8b4ce8ecb7af9c77f75d24a55bea1e4bd2b1da37546,STANDARD,NO,0
49,opentitan_hmac_sha256,GENERALIZATION_TRAIN,49,ONES,NO,64,4096,65e35ddb822b08d37b7bd5f0d609fbf9cfe10a658eaf8e990fe53dc432d786ff,STANDARD,NO,0
50,opentitan_hmac_sha256,GENERALIZATION_TRAIN,50,COUNTING,NO,64,4096,d6b0be7f8a74680fa29a0bbfd237413778ca2733ebc8ea065c4f93a5382a0c7b,STANDARD,NO,0
51,opentitan_hmac_sha256,GENERALIZATION_TRAIN,51,ONEHOT,NO,64,4096,3e4fb76594434064103f8eba20f0da5eba62960a22e940738ac259e1a6b540f6,STANDARD,NO,0
52,opentitan_hmac_sha256,GENERALIZATION_TRAIN,52,RANDOM,NO,64,4096,4b8713d304ea737f7b64e07fdd27b5ee66121fe4822fbc413092b64d8fd28746,STANDARD,NO,0
53,opentitan_hmac_sha256,GENERALIZATION_TRAIN,53,BOUNDARY_LENGTH,NO,96,4096,40e2edbc8196881279ef843582a1ae75006c44a6fa589224d9cce03673890536,STANDARD,NO,0
54,opentitan_hmac_sha256,GENERALIZATION_TRAIN,54,ZERO,NO,64,4096,b7fd19da12ebe74ae73e712385f3854752c6acacaf68cb8003c48f0623952895,STANDARD,NO,0
55,opentitan_hmac_sha256,GENERALIZATION_TRAIN,55,ONES,NO,64,4096,6c795d8e9998bc20ea7c9b13208631c67b09dede67eeb8601294ddd5ac8a0f0f,BACK_TO_BACK,NO,0
56,opentitan_hmac_sha256,GENERALIZATION_TRAIN,56,COUNTING,NO,64,4096,825792bd2a85f4c5dbcd5b6cd8643efa1d1c03f7d6e45236fedaf22d9570f2b4,STANDARD,NO,0
57,opentitan_hmac_sha256,GENERALIZATION_TRAIN,57,ONEHOT,NO,64,4096,0c397361f94c38cf98ad23be37a41e4a768e87b67123863c793227a16d43abf5,STANDARD,NO,0
58,opentitan_hmac_sha256,GENERALIZATION_TRAIN,58,RANDOM,NO,64,4096,985b1308043f0c4603ec184df3426389776cd4395e5cd5b798209d85cbdcf684,STANDARD,NO,0
59,opentitan_hmac_sha256,GENERALIZATION_TRAIN,59,BOUNDARY_LENGTH,NO,64,4096,ff17019bfcf1c09e8bbc5e423dcdad15976bd7c18602c5e40555b063beda608c,STANDARD,NO,0
60,opentitan_hmac_sha256,GENERALIZATION_TRAIN,60,ZERO,NO,64,4096,fb98cdcdd8d2db60a01f6d1a619c39c3aaa5dca78e692bfe1dd78e66e3a75c9f,STANDARD,NO,0
61,opentitan_hmac_sha256,GENERALIZATION_TRAIN,61,ONES,NO,64,4096,ad3b05908578cd78fe10454afec53651877cb37adafc2cc3304b6ff40a10d1ed,STANDARD,NO,0
62,opentitan_hmac_sha256,GENERALIZATION_TRAIN,62,COUNTING,NO,64,4096,62d25cfa2c3edd4c5f17cbc469d73038713e44f25d40e3d7f0e7830d63bde9b8,STANDARD,NO,0
63,opentitan_hmac_sha256,GENERALIZATION_TRAIN,63,ONEHOT,NO,64,4096,6ba77d17c1e88e50e0f68625bc0adf4fc64c31318b23b7984f2b9fb417a6c45e,BACK_TO_BACK,YES,0
64,picorv32_cpu,GENERALIZATION_TRAIN,0,ALU,YES,68,8192,7fe9030cbe844acd681cb45274e5046063fd5a0a6cdc4964c7c17fbdc81f5b92,STANDARD,NO,0
65,picorv32_cpu,GENERALIZATION_TRAIN,1,BRANCH,YES,68,8192,a6026981acd52433a3328d9eb5e288cf1f657eefae253f2b08f62084a8cc95bb,STANDARD,NO,0
66,picorv32_cpu,GENERALIZATION_TRAIN,2,LOAD_STORE,YES,68,8192,2f99107f7f44bbb61aca8b081959932fc9486345338ce89776a593d394a00c62,STANDARD,NO,0
67,picorv32_cpu,GENERALIZATION_TRAIN,3,CSR,YES,68,8192,c461d7dc86f41b6b8e37a9b629c392a1eb3cb5e452738885fe6910ddc5dadd1d,STANDARD,NO,0
68,picorv32_cpu,GENERALIZATION_TRAIN,4,INTERRUPT,YES,68,8192,656120e3638d0777f3094a2f92c9b882429a9f191cd253868757859e034df53c,STANDARD,NO,0
69,picorv32_cpu,GENERALIZATION_TRAIN,5,MIXED,YES,68,8192,61a46450c0cf3d7b8059ffc524c7e41f2be944e6b702a619a9e3d70ab2f37d78,STANDARD,NO,0
70,picorv32_cpu,GENERALIZATION_TRAIN,6,ALU,YES,68,8192,74e230000dee7a7cba002e9e23900a16eedeab2ee885c1f9856f6c3c873ba761,STANDARD,NO,0
71,picorv32_cpu,GENERALIZATION_TRAIN,7,BRANCH,YES,68,8192,2c9dfff286628c92cb19bb42c5ad6efc17b6c72d9371c2e8de8fe953b5514b85,BACK_TO_BACK,NO,0
72,picorv32_cpu,GENERALIZATION_TRAIN,8,LOAD_STORE,YES,68,8192,e182f75b3295c51bab8172f6112e59871d5b72960b40e52dc9e4133c7d88b924,STANDARD,NO,0
73,picorv32_cpu,GENERALIZATION_TRAIN,9,CSR,YES,68,8192,63726bacbbcfbfb20e271886b977a2ae4458936abe1317fdd2820ef365063518,STANDARD,NO,0
74,picorv32_cpu,GENERALIZATION_TRAIN,10,INTERRUPT,YES,68,8192,fc4b5ca48e3f0cfc084b47641d34c7528f69d4279a70d88ae7a4a8fd932930be,STANDARD,NO,0
75,picorv32_cpu,GENERALIZATION_TRAIN,11,MIXED,YES,68,8192,95e81feb79f975dca17655fac71cd2a29f97681a5f59deb088e383ec222ca507,STANDARD,NO,0
76,picorv32_cpu,GENERALIZATION_TRAIN,12,ALU,NO,68,8192,544364b7c86434972af3107a08d78c55d8aa6f643e7f14a6e1ef4ceab840b80f,STANDARD,NO,0
77,picorv32_cpu,GENERALIZATION_TRAIN,13,BRANCH,NO,68,8192,71b262a12b95edaba4642a791b88d3044874ae198d80a1ef0c8a07d2d22d82b1,STANDARD,NO,0
78,picorv32_cpu,GENERALIZATION_TRAIN,14,LOAD_STORE,NO,68,8192,ce43771713f5ff0cf526c07d85d5a5f414ddcaec28d9bf1dbf6dd14d88904570,STANDARD,NO,0
79,picorv32_cpu,GENERALIZATION_TRAIN,15,CSR,NO,68,8192,b8da5a4307d478d66101beabfd3b0fe781f06665cbfec9e78ff1cad4470e93cb,BACK_TO_BACK,NO,0
80,picorv32_cpu,GENERALIZATION_TRAIN,16,INTERRUPT,NO,68,8192,41a060600f0aa863c5ca22ca300844af8d01e94f46c45e64bcc81bd7cb87135b,STANDARD,NO,0
81,picorv32_cpu,GENERALIZATION_TRAIN,17,MIXED,NO,68,8192,4c34f3249b220089996dd146b1e17de88721aa4057a4a4ca562fd55266613798,STANDARD,NO,0
82,picorv32_cpu,GENERALIZATION_TRAIN,18,ALU,NO,68,8192,64020b84fe689e490bbd76e070941efc4a2e41cfdeebceab9e43369ad16db701,STANDARD,NO,0
83,picorv32_cpu,GENERALIZATION_TRAIN,19,BRANCH,NO,68,8192,df2ad47b109a7e096ab4da8237801a56718d61e29c77e1e8535ec72e42aba301,STANDARD,NO,0
84,picorv32_cpu,GENERALIZATION_TRAIN,20,LOAD_STORE,NO,68,8192,1087d9ef14ed3a95deff6e9895e52553e6f2e8bad144b222e685ddd88618ce44,STANDARD,NO,0
85,picorv32_cpu,GENERALIZATION_TRAIN,21,CSR,NO,68,8192,27b240d0ca4da1091b6a3a25fdd733433def9701acfd02da5d53bc387d4af4b2,STANDARD,NO,0
86,picorv32_cpu,GENERALIZATION_TRAIN,22,INTERRUPT,NO,68,8192,c7bcfd0e48526fd773e60e1580fad66c4ba92129210f58db54c41cf75b3e82fd,STANDARD,NO,0
87,picorv32_cpu,GENERALIZATION_TRAIN,23,MIXED,NO,68,8192,4f8c74081ed828a8f445d6e9fb9dcc76eeae4272c7b6cef28e5da33a13b98bf4,BACK_TO_BACK,NO,0
88,picorv32_cpu,GENERALIZATION_TRAIN,24,ALU,NO,68,8192,17040b69d68bf33668f695d256b7dcbda1bdc9a027e0a133535b42d7a7ef69de,STANDARD,NO,0
89,picorv32_cpu,GENERALIZATION_TRAIN,25,BRANCH,NO,68,8192,3d958fe76976bfff2b956f10c9f461d8578bc84236677a53ba4b74455a6bb7a0,STANDARD,NO,0
90,picorv32_cpu,GENERALIZATION_TRAIN,26,LOAD_STORE,NO,68,8192,6045c79cd819e335b91b584097e9070df06b97ae37424c70149ada05cbacdccd,STANDARD,NO,0
91,picorv32_cpu,GENERALIZATION_TRAIN,27,CSR,NO,68,8192,232cfad98229ff8e82209bb00e039428df466ffd7a47f74b465f81e5a20ec246,STANDARD,NO,0
92,picorv32_cpu,GENERALIZATION_TRAIN,28,INTERRUPT,NO,68,8192,571e582584f6027f4c435925442231db6858d6b15a96de64f2089d975e37d743,STANDARD,NO,0
93,picorv32_cpu,GENERALIZATION_TRAIN,29,MIXED,NO,68,8192,ebec936e5c64371c7b5212e209a1cf100996d98a09b84ce691f3ab4a41dd5447,STANDARD,NO,0
94,picorv32_cpu,GENERALIZATION_TRAIN,30,ALU,NO,68,8192,b011e03a5c5a00891fa76f30234d4b9944025f57fc966ea456c2be69592319dc,STANDARD,NO,0
95,picorv32_cpu,GENERALIZATION_TRAIN,31,BRANCH,NO,68,8192,8a7d7bcca893b4b5d45c2f82618046feb088755797e5f8f25722090afb58b553,BACK_TO_BACK,NO,0
96,picorv32_cpu,GENERALIZATION_TRAIN,32,LOAD_STORE,NO,68,8192,364e04e40f63843aafb2dd9c0b36a2244c7280520ca59f7cf49d2f4817aa08e1,STANDARD,NO,0
97,picorv32_cpu,GENERALIZATION_TRAIN,33,CSR,NO,68,8192,a9d55a3073f8f85b379417782901fd637236bc53eefba41bdeb7a8888f6ad423,STANDARD,NO,0
98,picorv32_cpu,GENERALIZATION_TRAIN,34,INTERRUPT,NO,68,8192,88cd0dc771d73324fb95de2e01c935fc9eeae4f798fc0ebc62f0319429cf6023,STANDARD,NO,0
99,picorv32_cpu,GENERALIZATION_TRAIN,35,MIXED,NO,68,8192,34a93950580ea7c7bfa1d7ae70e36461f31eba9ff17610fdf28ba1965a26d48d,STANDARD,NO,0
100,picorv32_cpu,GENERALIZATION_TRAIN,36,ALU,NO,68,8192,d314341634899ebf994f1ac5d586bf068db2eb0b32771dde0c8c939bde2a20e5,STANDARD,NO,0
101,picorv32_cpu,GENERALIZATION_TRAIN,37,BRANCH,NO,68,8192,1ce4b7809216e4528ab448284ace16279ac43d444d7e4826e3e22336ec23007a,STANDARD,NO,0
102,picorv32_cpu,GENERALIZATION_TRAIN,38,LOAD_STORE,NO,68,8192,1517b6d1c449e13573f0c25ce4a96fd821c6ce5f7dbf7ccd86cad450a055c749,STANDARD,NO,0
103,picorv32_cpu,GENERALIZATION_TRAIN,39,CSR,NO,68,8192,5ad569b0f172b8723dd1a12152179855f4f76fd2f063b674fc632cfb628be570,BACK_TO_BACK,NO,0
104,picorv32_cpu,GENERALIZATION_TRAIN,40,INTERRUPT,NO,68,8192,4a099355b21caa0b7b46f6d42640de063a70f19ccfd4ef2980880189e2f9f478,STANDARD,NO,0
105,picorv32_cpu,GENERALIZATION_TRAIN,41,MIXED,NO,68,8192,c4bcf587fe520c8c3373acdf7e979fef3ddf57c5208470615d9e0a47ef64f44a,STANDARD,NO,0
106,picorv32_cpu,GENERALIZATION_TRAIN,42,ALU,NO,68,8192,2a335b61f7830e890979a226683e6073a8feb5970ec61c92d237cae24e30066a,STANDARD,NO,0
107,picorv32_cpu,GENERALIZATION_TRAIN,43,BRANCH,NO,68,8192,feabde3427ec993b712809925e0c4defe02e3a6dc35ea0421deaaf4065d4ee5e,STANDARD,NO,0
108,picorv32_cpu,GENERALIZATION_TRAIN,44,LOAD_STORE,NO,68,8192,d5e2c85da58147345a6f6f440215451d19475a4e209519465c4adf795bb7da67,STANDARD,NO,0
109,picorv32_cpu,GENERALIZATION_TRAIN,45,CSR,NO,68,8192,f154113a9c041da4064f1ac48811ada923c9fcdb6c262b8a4d7ad109cd77bc55,STANDARD,NO,0
110,picorv32_cpu,GENERALIZATION_TRAIN,46,INTERRUPT,NO,68,8192,fc557cdc352ffa13b0ec3ba371e0ed77e452bacb16ace874f67645a44e25fb02,STANDARD,NO,0
111,picorv32_cpu,GENERALIZATION_TRAIN,47,MIXED,NO,68,8192,eba41df050e4037e4a639b8ae3bbc09146a8c81b1998d9d06c32c57e4e812758,BACK_TO_BACK,YES,0
112,secworks_aes,GENERALIZATION_TRAIN,0,NIST_KAT,YES,48,2048,89ffa6841577df48bb197b284052676a84bbce73766815bd908f68a160b605f8,STANDARD,NO,0
113,secworks_aes,GENERALIZATION_TRAIN,1,ZERO,YES,48,2048,bda0521990c956da7417a20175b04b8b821a6b45c448b45c27858b131a6a3311,STANDARD,NO,0
114,secworks_aes,GENERALIZATION_TRAIN,2,ONES,YES,48,2048,36b90e9386d9bbea5fcde5f32dfbe0467a1ef33d2a4f72d185a2857a4a7c224a,STANDARD,NO,0
115,secworks_aes,GENERALIZATION_TRAIN,3,COUNTING,YES,48,2048,ab740fa2ed2cd910d83bdcc609c6fd493f629b84251ec59be665b0bfe4b93954,STANDARD,NO,0
116,secworks_aes,GENERALIZATION_TRAIN,4,AVALANCHE,YES,48,2048,3a8618773c83e9daa4091315e2da995ed30786ff59f1eee1e2e5c22b7316c66b,STANDARD,NO,0
117,secworks_aes,GENERALIZATION_TRAIN,5,RANDOM,YES,48,2048,d70ddaec353368d4351224b4c7ba4fbf470bf9b41a6a5d15b07a9f96a709c05a,STANDARD,NO,0
118,secworks_aes,GENERALIZATION_TRAIN,6,NIST_KAT,YES,48,2048,135efa76b1000a21d4f7650dfadcfbad17811213b9d449ac3c03f04711dae7d1,STANDARD,NO,0
119,secworks_aes,GENERALIZATION_TRAIN,7,ZERO,YES,48,2048,ea57b0524681f08fcdb13895d47cb9d6bc8b7b07d02202e99b1522006f91b95f,BACK_TO_BACK,NO,0
120,secworks_aes,GENERALIZATION_TRAIN,8,ONES,YES,48,2048,8abe1e1d9df6a8e94cc05f9d92b6825363b63df69d6cd9c060865f43c0d06909,STANDARD,NO,0
121,secworks_aes,GENERALIZATION_TRAIN,9,COUNTING,YES,48,2048,d007f467f8bb40d2e788aa8cc726473a3b458398d3383aec0e05a90e3fe175d7,STANDARD,NO,0
122,secworks_aes,GENERALIZATION_TRAIN,10,AVALANCHE,YES,48,2048,e8715419ed69cb887dde4ace1ff891ce2aace0e95ac8db15d78966e5b11a6fef,STANDARD,NO,0
123,secworks_aes,GENERALIZATION_TRAIN,11,RANDOM,YES,48,2048,4db3e4a2a6c37175daf28c6fef6e22d105a62143c02564059a4920a4d7f13213,STANDARD,NO,0
124,secworks_aes,GENERALIZATION_TRAIN,12,NIST_KAT,YES,48,2048,9bfac452b3672f42d3588564e05dac39d611a26b3de8cd375263a1500027cdd5,STANDARD,NO,0
125,secworks_aes,GENERALIZATION_TRAIN,13,ZERO,YES,48,2048,359832f21527941a2350cfca689ab22ffeb663091cfec5de50da1d76a495d1b1,STANDARD,NO,0
126,secworks_aes,GENERALIZATION_TRAIN,14,ONES,YES,48,2048,0be3465394098da1d521170d4724c27ef3a515aaed5ea0e50113594e29767389,STANDARD,NO,0
127,secworks_aes,GENERALIZATION_TRAIN,15,COUNTING,YES,48,2048,bdd001759f32e37455b7b6055eef36eecc90ce124f6dfd761394e65f2ddc5bb3,BACK_TO_BACK,NO,0
128,secworks_aes,GENERALIZATION_TRAIN,16,AVALANCHE,NO,48,2048,d9539838590ef26ca1fe5db28c86da4948f1d9e95f86646da455cca7484aed29,STANDARD,NO,0
129,secworks_aes,GENERALIZATION_TRAIN,17,RANDOM,NO,48,2048,cd17bc474d175a44c98cac5fda0457725e0396f3170207343532be346cfc76cb,STANDARD,NO,0
130,secworks_aes,GENERALIZATION_TRAIN,18,NIST_KAT,NO,48,2048,3fa27c56b43037e7f73208746d409d7e1574e6d825ba06ff1c67f1c7156f76b0,STANDARD,NO,0
131,secworks_aes,GENERALIZATION_TRAIN,19,ZERO,NO,48,2048,a51ead053c12bff1a81801c0d8f5286c78277aecbee86ebad496db90ce9e461f,STANDARD,NO,0
132,secworks_aes,GENERALIZATION_TRAIN,20,ONES,NO,48,2048,58489d81b82b18cb7078e07a524b9cbfbfd17bbbe06d2e8ca72b115e3a258b64,STANDARD,NO,0
133,secworks_aes,GENERALIZATION_TRAIN,21,COUNTING,NO,48,2048,34a88322b5d750f1b8b8f5ff4c04e53ac044d0295bebb3277052fcbe4475ec15,STANDARD,NO,0
134,secworks_aes,GENERALIZATION_TRAIN,22,AVALANCHE,NO,48,2048,53d4dc600719071af6e2d553051012c1487bfef7192cc2a0a1c0b71dd581c5c5,STANDARD,NO,0
135,secworks_aes,GENERALIZATION_TRAIN,23,RANDOM,NO,48,2048,1984b1307eac96367d2c51f27f117e79000047a2273a4d47127dc0b61914d7a5,BACK_TO_BACK,NO,0
136,secworks_aes,GENERALIZATION_TRAIN,24,NIST_KAT,NO,48,2048,fa98149016796c20b8a48fe348f5b673faf62f28b4b468e14bebfa8e25b66c32,STANDARD,NO,0
137,secworks_aes,GENERALIZATION_TRAIN,25,ZERO,NO,48,2048,55e26a72a02b3e81cb9dfde4bff9963102fc4fd1f66b5e6d0692d6dc11933574,STANDARD,NO,0
138,secworks_aes,GENERALIZATION_TRAIN,26,ONES,NO,48,2048,d349c025e8d5fb556ad0265c4b0d236e53d37cf2e43ed1fcc7dcc76d1791dd93,STANDARD,NO,0
139,secworks_aes,GENERALIZATION_TRAIN,27,COUNTING,NO,48,2048,2af46ead68578640f0c2ae6f8460aa50c84fb4863db96bc4165840cf75103cc4,STANDARD,NO,0
140,secworks_aes,GENERALIZATION_TRAIN,28,AVALANCHE,NO,48,2048,2d97c48828d0acd5f462e5c9cc323882ce7dd85d1732e8acb0cf142205733e51,STANDARD,NO,0
141,secworks_aes,GENERALIZATION_TRAIN,29,RANDOM,NO,48,2048,f1c17648269112204346f12a59f2db8d88594b2e1538b041384df24dc3597d9b,STANDARD,NO,0
142,secworks_aes,GENERALIZATION_TRAIN,30,NIST_KAT,NO,48,2048,6aebadedc5b241ee0f92da36e2481f565502c46bcff6c29538ae06d20ae6a82e,STANDARD,NO,0
143,secworks_aes,GENERALIZATION_TRAIN,31,ZERO,NO,48,2048,542dc09ea9f85599a091d55456723d6bada1aee16c4dc26a24a96215210d95d4,BACK_TO_BACK,NO,0
144,secworks_aes,GENERALIZATION_TRAIN,32,ONES,NO,48,2048,1a32c91ad4ef6033ff7cabe7d159194556e634f190427c6194a04594649b7836,STANDARD,NO,0
145,secworks_aes,GENERALIZATION_TRAIN,33,COUNTING,NO,48,2048,7676c01269c4625ba8353ca4d489b23841a0f05470bbfb0b156373c08b92a9f5,STANDARD,NO,0
146,secworks_aes,GENERALIZATION_TRAIN,34,AVALANCHE,NO,48,2048,debe387ee1b5ba34baa509b23b2fd7f0fde00ac83f7eb4c1131e9968f8503364,STANDARD,NO,0
147,secworks_aes,GENERALIZATION_TRAIN,35,RANDOM,NO,48,2048,5092b137c64bf39ffe8e39c10a7aa16ce789911b5af8b07fddd5b43b85d908a0,STANDARD,NO,0
148,secworks_aes,GENERALIZATION_TRAIN,36,NIST_KAT,NO,48,2048,eccc868fb64bd43c76b0d0d1a0d786ac969748a176d9c8bba5cca2272f3a3cb5,STANDARD,NO,0
149,secworks_aes,GENERALIZATION_TRAIN,37,ZERO,NO,48,2048,91ab2876b59116ca41b3a4816aa4416d4c42fc844b36f6a1f1beb73643241aae,STANDARD,NO,0
150,secworks_aes,GENERALIZATION_TRAIN,38,ONES,NO,48,2048,f40048f35c37cb582da5aeb6f87f870e114b3532df766f3b5803513467c80bde,STANDARD,NO,0
151,secworks_aes,GENERALIZATION_TRAIN,39,COUNTING,NO,48,2048,b212e74fbaa81dac62ba971eda210b72e08b8bee7c5d04f81f16e921479bea32,BACK_TO_BACK,NO,0
152,secworks_aes,GENERALIZATION_TRAIN,40,AVALANCHE,NO,48,2048,afe32bb4b681f9416eb893e03ac8d1c74b79d099eb5686f0bcc284ea4a7de984,STANDARD,NO,0
153,secworks_aes,GENERALIZATION_TRAIN,41,RANDOM,NO,48,2048,f0734452e02fed773911a382f842a32d38756f936e4e5be730639ec73fc399b6,STANDARD,NO,0
154,secworks_aes,GENERALIZATION_TRAIN,42,NIST_KAT,NO,48,2048,80f6de687e10c2a7a08c4a5330aa52632645c7fff3585ad761840aa24923c0fc,STANDARD,NO,0
155,secworks_aes,GENERALIZATION_TRAIN,43,ZERO,NO,48,2048,d452a5e53a2f3bab5273cac0bf49653364428fb2e97dba703a39f4b823ee0b65,STANDARD,NO,0
156,secworks_aes,GENERALIZATION_TRAIN,44,ONES,NO,48,2048,44f792ee9eb2d70db7415b702cec7497d4b3b19f5c006fbf2d4160a79fe08f2e,STANDARD,NO,0
157,secworks_aes,GENERALIZATION_TRAIN,45,COUNTING,NO,48,2048,0a9e863258910cb902da692980d8f829745d8c7b908fb5a8c8d2eba0b2cfea74,STANDARD,NO,0
158,secworks_aes,GENERALIZATION_TRAIN,46,AVALANCHE,NO,48,2048,6c6af8916a7804be6baf353d5f021713566e897f8574de64f35d8a447b23e63e,STANDARD,NO,0
159,secworks_aes,GENERALIZATION_TRAIN,47,RANDOM,NO,48,2048,6089a0a408f1c28ecafce1ba48d541e0f1d44bcabed0a2f3fb2bafe3e6407723,BACK_TO_BACK,NO,0
160,secworks_aes,GENERALIZATION_TRAIN,48,NIST_KAT,NO,48,2048,b45984647f8e7fef4b6e6833b0ebf89a427898885760de2ee61a419da6e60b12,STANDARD,NO,0
161,secworks_aes,GENERALIZATION_TRAIN,49,ZERO,NO,48,2048,ea1292f37b3e98a1a49a0e18b0720532d01217f899127bb542f8063c92dd4fc8,STANDARD,NO,0
162,secworks_aes,GENERALIZATION_TRAIN,50,ONES,NO,48,2048,c64ebe547dc02592fa8419a6be0a947eb374abb702abaab116868ec88396b7f6,STANDARD,NO,0
163,secworks_aes,GENERALIZATION_TRAIN,51,COUNTING,NO,48,2048,6e97ccb6d753684ff096431baaaa3430847da42dca8756053222caa40d666690,STANDARD,NO,0
164,secworks_aes,GENERALIZATION_TRAIN,52,AVALANCHE,NO,48,2048,7260d798cda6f66d14af974df12b38416e90adafd5b207b9c93a27bba30e3de3,STANDARD,NO,0
165,secworks_aes,GENERALIZATION_TRAIN,53,RANDOM,NO,48,2048,b377ee3b2347c99a78c0397091b4698e30efb5eaebf7fda468f762392985ac5d,STANDARD,NO,0
166,secworks_aes,GENERALIZATION_TRAIN,54,NIST_KAT,NO,48,2048,2c80a0e55ae80569af9983be2e9bf240dc504cf98722b2acc8a841a071bcbfd2,STANDARD,NO,0
167,secworks_aes,GENERALIZATION_TRAIN,55,ZERO,NO,48,2048,b42a9b06253ff1d86e0c4e5d148559213e77c6dc5a4aa875c41ba94f8912501e,BACK_TO_BACK,NO,0
168,secworks_aes,GENERALIZATION_TRAIN,56,ONES,NO,48,2048,12d1b34b6436110f622ddc9cb2ad41466a02d0be1d5743224cf28ec309cdbed8,STANDARD,NO,0
169,secworks_aes,GENERALIZATION_TRAIN,57,COUNTING,NO,48,2048,a6b670405e93a81266fb8d2523b3988126a0d6951d659fd6df18c5ece1efbaaa,STANDARD,NO,0
170,secworks_aes,GENERALIZATION_TRAIN,58,AVALANCHE,NO,48,2048,534dfdd3efe31529ee2a7ffd82764e75a3db197ef4aec06ab56c9f158fb92a4a,STANDARD,NO,0
171,secworks_aes,GENERALIZATION_TRAIN,59,RANDOM,NO,48,2048,67b59502417e4ba865714133ebf082b5499ba01a418602a0a657381070970558,STANDARD,NO,0
172,secworks_aes,GENERALIZATION_TRAIN,60,NIST_KAT,NO,48,2048,a42afcf022309884d21b29f3e6f6e059c87dd94d96f43740fb0fb64568003831,STANDARD,NO,0
173,secworks_aes,GENERALIZATION_TRAIN,61,ZERO,NO,48,2048,3988a35cfb28ea43cd3bbd6ff5cc450b29e5b6f3cfc0f2b660504ba3b68b67d2,STANDARD,NO,0
174,secworks_aes,GENERALIZATION_TRAIN,62,ONES,NO,48,2048,c1c3f150132a54040d864eae006264dc4f646da35754afe9c3cb36b1f5c36230,STANDARD,NO,0
175,secworks_aes,GENERALIZATION_TRAIN,63,COUNTING,NO,48,2048,733852fa5fefa09166ebee60fee2c53d9d196e9ce19bac2903bb61c0bb836e3b,BACK_TO_BACK,YES,0
176,secworks_sha256,GENERALIZATION_CALIBRATION,0,NIST_KAT,YES,64,4096,0fb084fbde006ae690e3ca194c2165b4b416609a1827ae716cd55218e9eb66ce,STANDARD,NO,0
177,secworks_sha256,GENERALIZATION_CALIBRATION,1,ZERO,YES,64,4096,1d6308e2574d798a5ca1cfc02094ad051239926963859ab4efaa284ee13919ad,STANDARD,NO,0
178,secworks_sha256,GENERALIZATION_CALIBRATION,2,ONES,YES,64,4096,8738828a8e8ad9cfabbfa036ca147cbe02739d7b1822f8511c74cd5e770e8885,STANDARD,NO,0
179,secworks_sha256,GENERALIZATION_CALIBRATION,3,COUNTING,YES,64,4096,87174af8e0ef232dfa105a8e15422a5b72b17c81f341c259e79ff2c7654c8705,STANDARD,NO,0
180,secworks_sha256,GENERALIZATION_CALIBRATION,4,AVALANCHE,YES,64,4096,74f1d96f2aa33e764bfe9784f66b0509b5f1851f37f2655bb774b51d55636abc,STANDARD,NO,0
181,secworks_sha256,GENERALIZATION_CALIBRATION,5,RANDOM,YES,64,4096,c971091ffa6f99695f269ee6eb5198b42f82e905722533bc0d44c2651219f3fd,STANDARD,NO,0
182,secworks_sha256,GENERALIZATION_CALIBRATION,6,NIST_KAT,YES,64,4096,8c5c56a714691d6b67fca994ceea9ec497d29fdffe685ab2c0f941703ba5fd90,STANDARD,NO,0
183,secworks_sha256,GENERALIZATION_CALIBRATION,7,ZERO,YES,64,4096,644c78218101d1adb9e2eb822260fc2246b4102b67d3fcd8171f84ba057020f8,BACK_TO_BACK,NO,0
184,secworks_sha256,GENERALIZATION_CALIBRATION,8,ONES,YES,64,4096,d9a9367ff8f415e2137a9654948cf6d5fccee70e43dc61266dcea2af74251949,STANDARD,NO,0
185,secworks_sha256,GENERALIZATION_CALIBRATION,9,COUNTING,YES,64,4096,8afaddc1af5fcb8a780d7d8b9817d25c39aab0c3298fb432897a18e4bcc21b5f,STANDARD,NO,0
186,secworks_sha256,GENERALIZATION_CALIBRATION,10,AVALANCHE,YES,64,4096,573925cdc19c2d42d869f3597f0bb4d29e982ab428ad367b0ac172bee2743582,STANDARD,NO,0
187,secworks_sha256,GENERALIZATION_CALIBRATION,11,RANDOM,YES,64,4096,88e162573a0930195791477c3f12d002b0bc1171e5f4aa683de5043f582f747f,STANDARD,NO,0
188,secworks_sha256,GENERALIZATION_CALIBRATION,12,NIST_KAT,YES,64,4096,26bacec39f8dd4a3588fe95afe12aeea1b24a4e24c1d2f41a6a3b06f0af02e10,STANDARD,NO,0
189,secworks_sha256,GENERALIZATION_CALIBRATION,13,ZERO,YES,64,4096,8a71423e52435c57ae3fd7a0d0c8f3ca3d133214adbddcae54fa7a8dfa97c0ae,STANDARD,NO,0
190,secworks_sha256,GENERALIZATION_CALIBRATION,14,ONES,YES,64,4096,ea7499c23f01d90081b2db90029ca488816e1dafe3ef18f133f8e61090bbcdfe,STANDARD,NO,0
191,secworks_sha256,GENERALIZATION_CALIBRATION,15,COUNTING,YES,64,4096,968830dac00136ef150f03e89ebdc562649cd04cb611180d9981b51791d45b51,BACK_TO_BACK,NO,0
192,secworks_sha256,GENERALIZATION_CALIBRATION,16,AVALANCHE,NO,64,4096,26b74b23563910d7385af958d95d3b7c9086cdbb94f85ef0db41048e670cd7a1,STANDARD,NO,0
193,secworks_sha256,GENERALIZATION_CALIBRATION,17,RANDOM,NO,64,4096,57f0713415c4bd151d8a551dce7715fb471ccabf43480d4c040286825f6ec82f,STANDARD,NO,0
194,secworks_sha256,GENERALIZATION_CALIBRATION,18,NIST_KAT,NO,64,4096,8b60a2b550003989c09b03514b9060544d51076307efda70856a5a523abb688d,STANDARD,NO,0
195,secworks_sha256,GENERALIZATION_CALIBRATION,19,ZERO,NO,64,4096,ccc59c6bdc6a4d7142334aa6ef6fcffb870da569c4c9d97dc1053f33529858ab,STANDARD,NO,0
196,secworks_sha256,GENERALIZATION_CALIBRATION,20,ONES,NO,64,4096,5ac21d03bb40c6471d3ca6741d5d80f6bf2e045767f4446b13463f677ba56ff1,STANDARD,NO,0
197,secworks_sha256,GENERALIZATION_CALIBRATION,21,COUNTING,NO,64,4096,8506cb8eb04f26cabfe10b116788f895ce9306ec9834674c5472aa4da6277716,STANDARD,NO,0
198,secworks_sha256,GENERALIZATION_CALIBRATION,22,AVALANCHE,NO,64,4096,cf4a8ace58af5e2541812045750d208779a73fccb59edde31b1c1250dbfa5b1c,STANDARD,NO,0
199,secworks_sha256,GENERALIZATION_CALIBRATION,23,RANDOM,NO,64,4096,57f81a77d164a4d7304a24b6f6d131195063acb8ea9e6316ef30a2ece96192c7,BACK_TO_BACK,NO,0
200,secworks_sha256,GENERALIZATION_CALIBRATION,24,NIST_KAT,NO,64,4096,7250fa318077aca672a0ca82a21ee8d05304143adf846f3ed9be35575d3f0947,STANDARD,NO,0
201,secworks_sha256,GENERALIZATION_CALIBRATION,25,ZERO,NO,64,4096,9ba327d8daf9725d273f3e2214ba9bd4292cb98a4b323a397ccc6e0f365885e5,STANDARD,NO,0
202,secworks_sha256,GENERALIZATION_CALIBRATION,26,ONES,NO,64,4096,8a6b1633acee5587048192a6e4dbce2ddcdb96f3ca48b6666175825b9964d71b,STANDARD,NO,0
203,secworks_sha256,GENERALIZATION_CALIBRATION,27,COUNTING,NO,64,4096,1a3d9a775cd78cebf1e36529b9d6b3657d4c1ce9da96d0322f844f0a46b0358f,STANDARD,NO,0
204,secworks_sha256,GENERALIZATION_CALIBRATION,28,AVALANCHE,NO,64,4096,45128c9d5fc7c7dd119b7bba4e567c95c549230617901b6458a29697d9a5f4e8,STANDARD,NO,0
205,secworks_sha256,GENERALIZATION_CALIBRATION,29,RANDOM,NO,64,4096,5f247fe6a99bef127a15fba223c67e6626cb55368b814d92b23d77ce0f45ce04,STANDARD,NO,0
206,secworks_sha256,GENERALIZATION_CALIBRATION,30,NIST_KAT,NO,64,4096,a3f0822c36c72d311398720b0fa6f42c3ff536fa6598c2eeb70f21784e47c5d8,STANDARD,NO,0
207,secworks_sha256,GENERALIZATION_CALIBRATION,31,ZERO,NO,64,4096,a9dd58b991855c49a3f2eefe4cf66bf15a39e386054e7fabd5d1767661940f99,BACK_TO_BACK,NO,0
208,secworks_sha256,GENERALIZATION_CALIBRATION,32,ONES,NO,64,4096,c1fad885190a4bf117453eab6ef5042f9ccf72c3cc14653f68772c904a049176,STANDARD,NO,0
209,secworks_sha256,GENERALIZATION_CALIBRATION,33,COUNTING,NO,64,4096,f4001b02405012236a73b21d84353a291c7ed376de0f7f28d486a6c23ba35735,STANDARD,NO,0
210,secworks_sha256,GENERALIZATION_CALIBRATION,34,AVALANCHE,NO,64,4096,a8121bab8b8286c82dc3971a352b23207bdf5f1476c081fa3ff492ae87a29ab2,STANDARD,NO,0
211,secworks_sha256,GENERALIZATION_CALIBRATION,35,RANDOM,NO,64,4096,c3c6a7345bfd6de39bf096df448baaae76b4471057320823789a7f69ecec9cf6,STANDARD,NO,0
212,secworks_sha256,GENERALIZATION_CALIBRATION,36,NIST_KAT,NO,64,4096,6f2ba85b8210fc7949ea0357333f34117825dda14f2e724b8f71681fc8be7025,STANDARD,NO,0
213,secworks_sha256,GENERALIZATION_CALIBRATION,37,ZERO,NO,64,4096,5fa74acdd872020c98184c8b7bfa0fb7ece139ab59011ef10c31f8384901428b,STANDARD,NO,0
214,secworks_sha256,GENERALIZATION_CALIBRATION,38,ONES,NO,64,4096,0972dc86907ad6bc8ebae33b65a042feeabfac05abe153658b2c8e2c5a76ba1a,STANDARD,NO,0
215,secworks_sha256,GENERALIZATION_CALIBRATION,39,COUNTING,NO,64,4096,cc8a38044d8f790ca34e023b017b220ce0b9a39e26ec52c50ca68c9a57a9ee0d,BACK_TO_BACK,NO,0
216,secworks_sha256,GENERALIZATION_CALIBRATION,40,AVALANCHE,NO,64,4096,f8c99ec07aa0ba3d8fe071cccb1e1853456247fe52b1e5fdcd7a7e2012a0544d,STANDARD,NO,0
217,secworks_sha256,GENERALIZATION_CALIBRATION,41,RANDOM,NO,64,4096,4ffb2daf3bc52b256e353a8d037e17fca2d4554b7b89be64268094b016b182ea,STANDARD,NO,0
218,secworks_sha256,GENERALIZATION_CALIBRATION,42,NIST_KAT,NO,64,4096,f5d89a7e2748b4a7259b6974667e069ca007f3ca1d0e62e2ade900907305c963,STANDARD,NO,0
219,secworks_sha256,GENERALIZATION_CALIBRATION,43,ZERO,NO,64,4096,d20c5c9b2e1037edadc09aeaa2fba706ca114afad28247aa8897e4b6d4a009f1,STANDARD,NO,0
220,secworks_sha256,GENERALIZATION_CALIBRATION,44,ONES,NO,64,4096,68ee659d2fa444f75638be80fa3ba08b81447b2295059e508ff49f428b533f7c,STANDARD,NO,0
221,secworks_sha256,GENERALIZATION_CALIBRATION,45,COUNTING,NO,64,4096,46a61abb0a806fc4a2005815d8413726341743d994b91b962239b46f77b6a4ac,STANDARD,NO,0
222,secworks_sha256,GENERALIZATION_CALIBRATION,46,AVALANCHE,NO,64,4096,1f09115a98cf3966473672fc163f6018b26db188b015b44586ba934feeb3df53,STANDARD,NO,0
223,secworks_sha256,GENERALIZATION_CALIBRATION,47,RANDOM,NO,64,4096,ae13a3a9f004ca2197c00cef8d76882b849fe914bd3bf5d8c7361982caa56b0d,BACK_TO_BACK,NO,0
224,secworks_sha256,GENERALIZATION_CALIBRATION,48,NIST_KAT,NO,64,4096,db8a17652818f404a2de5ff1b0847ced75a054ce36a10ec0ff89f1d556a3501b,STANDARD,NO,0
225,secworks_sha256,GENERALIZATION_CALIBRATION,49,ZERO,NO,64,4096,5a68771c8a89fc3074ee6667a581d42597e736d96bad4b2ae2eafbb3779329a2,STANDARD,NO,0
226,secworks_sha256,GENERALIZATION_CALIBRATION,50,ONES,NO,64,4096,f493dc66d245c9268e714f6cc1fb2aaaf90e326f8f2a19d4036cdc2a33583690,STANDARD,NO,0
227,secworks_sha256,GENERALIZATION_CALIBRATION,51,COUNTING,NO,64,4096,9f8a649b3da2b7572b42f525b90052f8313a3088efac5deab81023ce549813d3,STANDARD,NO,0
228,secworks_sha256,GENERALIZATION_CALIBRATION,52,AVALANCHE,NO,64,4096,f73d79f578aba113279345dbd6e9aef439cdab1c178291229c5ed2aba00dbf4f,STANDARD,NO,0
229,secworks_sha256,GENERALIZATION_CALIBRATION,53,RANDOM,NO,64,4096,6254ceff31c2d64a0c381a3da14a1759fa957158b640bc95409ca1f276781820,STANDARD,NO,0
230,secworks_sha256,GENERALIZATION_CALIBRATION,54,NIST_KAT,NO,64,4096,5efdc757441fc2bbcdc59012c5bb944930f10fa4be8d0f2393fe12dae401206d,STANDARD,NO,0
231,secworks_sha256,GENERALIZATION_CALIBRATION,55,ZERO,NO,64,4096,fa10ff2662ecb5f26168d2d3236809d7816911bafcde6a7a2e6a9eeb09491c50,BACK_TO_BACK,NO,0
232,secworks_sha256,GENERALIZATION_CALIBRATION,56,ONES,NO,64,4096,05f6d901ecfbee0a3342c11e24db621ef12d71a9a83709b312849379d433e570,STANDARD,NO,0
233,secworks_sha256,GENERALIZATION_CALIBRATION,57,COUNTING,NO,64,4096,69df8799869122908031a6144acc01d45d237ba82211bf983ccddca6202cb3d1,STANDARD,NO,0
234,secworks_sha256,GENERALIZATION_CALIBRATION,58,AVALANCHE,NO,64,4096,044cad2fcb6fab8467390a41467d8c619f288c19b01524a16769951e13f283f0,STANDARD,NO,0
235,secworks_sha256,GENERALIZATION_CALIBRATION,59,RANDOM,NO,64,4096,c1e65c276d480da14001bfd9062bdd6a5ccbe86a2d0265f5271ae3b4e363beee,STANDARD,NO,0
236,secworks_sha256,GENERALIZATION_CALIBRATION,60,NIST_KAT,NO,64,4096,f75b6519cbb56c22cdebf259ae73a5424f58fbda32b4615a14f5e09929fd38d7,STANDARD,NO,0
237,secworks_sha256,GENERALIZATION_CALIBRATION,61,ZERO,NO,64,4096,9767c88c681cc6c910971a2ffbf9a3b8974b068260a7e4f56f7d702119c4229f,STANDARD,NO,0
238,secworks_sha256,GENERALIZATION_CALIBRATION,62,ONES,NO,64,4096,bb43942b9db8c3a2fdbc81b39becd604c99d254b30975f07f5ee29a2bd06bcd5,STANDARD,NO,0
239,secworks_sha256,GENERALIZATION_CALIBRATION,63,COUNTING,NO,64,4096,fc91d9b966aeda201ecec48bb44280d9f8f7021a4b47801758f08b6c998d3ea8,BACK_TO_BACK,YES,0
