replicate,all_injected_detection_recall,all_injected_exact_site_rate
0,0.56549072,0.42889404
1,0.56604004,0.43121338
2,0.57336426,0.43603516
3,0.56909180,0.43322754
4,0.56427002,0.42663574
5,0.56494141,0.42706299
6,0.56433105,0.43029785
7,0.58319092,0.44409180
8,0.56982422,0.43048096
9,0.57287598,0.43707275
10,0.56115723,0.42852783
11,0.57116699,0.43395996
12,0.56640625,0.43347168
13,0.57141113,0.43713379
14,0.57318115,0.43640137
15,0.56787109,0.43341064
16,0.57128906,0.43249512
17,0.58117676,0.44055176
18,0.57128906,0.43206787
19,0.57043457,0.43603516
20,0.57299805,0.43768311
21,0.56903076,0.43572998
22,0.57110596,0.43157959
23,0.57562256,0.43872070
24,0.56726074,0.43524170
25,0.57324219,0.43939209
26,0.57385254,0.43695068
27,0.57861328,0.44604492
28,0.57324219,0.43194580
29,0.56945801,0.43072510
30,0.57562256,0.43786621
31,0.56976318,0.43640137
32,0.57733154,0.44012451
33,0.57092285,0.43774414
34,0.56451416,0.42810059
35,0.57482910,0.43463135
36,0.58422852,0.44635010
37,0.58264160,0.44647217
38,0.57580566,0.44293213
39,0.56933594,0.43548584
40,0.57519531,0.43475342
41,0.56573486,0.42773438
42,0.57360840,0.43737793
43,0.57690430,0.44134521
44,0.57421875,0.43359375
45,0.57794189,0.44390869
46,0.56420898,0.43060303
47,0.57202148,0.43682861
48,0.57568359,0.44610596
49,0.58087158,0.44537354
50,0.57049561,0.43420410
51,0.57562256,0.43774414
52,0.57324219,0.43701172
53,0.56573486,0.43133545
54,0.57519531,0.43298340
55,0.56372070,0.42871094
56,0.57043457,0.43939209
57,0.56152344,0.42626953
58,0.57269287,0.44500732
59,0.56799316,0.42578125
60,0.56060791,0.42431641
61,0.56707764,0.42895508
62,0.57287598,0.43859863
63,0.57641602,0.43768311
64,0.57214355,0.43383789
65,0.57775879,0.43798828
66,0.57000732,0.43811035
67,0.57751465,0.44262695
68,0.56658936,0.43054199
69,0.56451416,0.43011475
70,0.56225586,0.42492676
71,0.57373047,0.44073486
72,0.56860352,0.43218994
73,0.56365967,0.42810059
74,0.57470703,0.43719482
75,0.57427979,0.43994141
76,0.56787109,0.42834473
77,0.57843018,0.44445801
78,0.57397461,0.43713379
79,0.57019043,0.42840576
80,0.56634521,0.42974854
81,0.57684326,0.44030762
82,0.57885742,0.44287109
83,0.57769775,0.43469238
84,0.56854248,0.43164062
85,0.56982422,0.43493652
86,0.56726074,0.43743896
87,0.58209229,0.44909668
88,0.57031250,0.43713379
89,0.57067871,0.43658447
90,0.57128906,0.43157959
91,0.56481934,0.43719482
92,0.56988525,0.43249512
93,0.57434082,0.44079590
94,0.57843018,0.44073486
95,0.57562256,0.44464111
96,0.58105469,0.44152832
97,0.57098389,0.43536377
98,0.56237793,0.42687988
99,0.56280518,0.42633057
100,0.57098389,0.43554688
101,0.57843018,0.43969727
102,0.56939697,0.43505859
103,0.56744385,0.42755127
104,0.56549072,0.43182373
105,0.57879639,0.44042969
106,0.56707764,0.43078613
107,0.57769775,0.44018555
108,0.56884766,0.43066406
109,0.56555176,0.42529297
110,0.57226562,0.43060303
111,0.56378174,0.43206787
112,0.57397461,0.43670654
113,0.56024170,0.42773438
114,0.57556152,0.44018555
115,0.56494141,0.43054199
116,0.56719971,0.43139648
117,0.57580566,0.44128418
118,0.56292725,0.42321777
119,0.56506348,0.42871094
120,0.58374023,0.44964600
121,0.57489014,0.44189453
122,0.57147217,0.43798828
123,0.56787109,0.42584229
124,0.56536865,0.43072510
125,0.56384277,0.42724609
126,0.57147217,0.44061279
127,0.58807373,0.44921875
128,0.56793213,0.43353271
129,0.57128906,0.43316650
130,0.56634521,0.43243408
131,0.57434082,0.44390869
132,0.56787109,0.43255615
133,0.55938721,0.42474365
134,0.57788086,0.43884277
135,0.57397461,0.44085693
136,0.57397461,0.43731689
137,0.57421875,0.43444824
138,0.56256104,0.42663574
139,0.55883789,0.42559814
140,0.56939697,0.43609619
141,0.56945801,0.43847656
142,0.56018066,0.42431641
143,0.56445312,0.42834473
144,0.57958984,0.44592285
145,0.57153320,0.42956543
146,0.56756592,0.43103027
147,0.57128906,0.43640137
148,0.57019043,0.43487549
149,0.57501221,0.44183350
150,0.57794189,0.43597412
151,0.56542969,0.42803955
152,0.56402588,0.42742920
153,0.57080078,0.43475342
154,0.56457520,0.43341064
155,0.56170654,0.42657471
156,0.57806396,0.44409180
157,0.57287598,0.43634033
158,0.56109619,0.42987061
159,0.56793213,0.43444824
160,0.57086182,0.43341064
161,0.57928467,0.44726562
162,0.56921387,0.43365479
163,0.56781006,0.43566895
164,0.57165527,0.43701172
165,0.56463623,0.42749023
166,0.56469727,0.42913818
167,0.57629395,0.44061279
168,0.56787109,0.43054199
169,0.57574463,0.44152832
170,0.57159424,0.43371582
171,0.56335449,0.43316650
172,0.56280518,0.42987061
173,0.58190918,0.44219971
174,0.57122803,0.43267822
175,0.56365967,0.43286133
176,0.57897949,0.43975830
177,0.57159424,0.43719482
178,0.56585693,0.43157959
179,0.57177734,0.43322754
180,0.57543945,0.43878174
181,0.57403564,0.44219971
182,0.57452393,0.43200684
183,0.56188965,0.43243408
184,0.57208252,0.43487549
185,0.57867432,0.44342041
186,0.57196045,0.43255615
187,0.57269287,0.43719482
188,0.56988525,0.43438721
189,0.57055664,0.43695068
190,0.57238770,0.43719482
191,0.57238770,0.43621826
192,0.56854248,0.43237305
193,0.57080078,0.43920898
194,0.57550049,0.43554688
195,0.57360840,0.43487549
196,0.56622314,0.43359375
197,0.57470703,0.43560791
198,0.55786133,0.42248535
199,0.56469727,0.43188477
200,0.56140137,0.43133545
201,0.57141113,0.43786621
202,0.57934570,0.44738770
203,0.57159424,0.43975830
204,0.56665039,0.43151855
205,0.56738281,0.43652344
206,0.57666016,0.44482422
207,0.57232666,0.43450928
208,0.56420898,0.42779541
209,0.56872559,0.43298340
210,0.57458496,0.43835449
211,0.57550049,0.43731689
212,0.57250977,0.43469238
213,0.57244873,0.43872070
214,0.57202148,0.43872070
215,0.57073975,0.43572998
216,0.56207275,0.43005371
217,0.56634521,0.43359375
218,0.57604980,0.44488525
219,0.56616211,0.42926025
220,0.56317139,0.42834473
221,0.56982422,0.43841553
222,0.56304932,0.42602539
223,0.56976318,0.43768311
224,0.57232666,0.43353271
225,0.56939697,0.43377686
226,0.56506348,0.43035889
227,0.55889893,0.42950439
228,0.56658936,0.43304443
229,0.57183838,0.43865967
230,0.57110596,0.43341064
231,0.57165527,0.43267822
232,0.56317139,0.42639160
233,0.56170654,0.42462158
234,0.57946777,0.44677734
235,0.57647705,0.44250488
236,0.57177734,0.43524170
237,0.56781006,0.43444824
238,0.57061768,0.43780518
239,0.56512451,0.43127441
240,0.57000732,0.43688965
241,0.57354736,0.43890381
242,0.57067871,0.43304443
243,0.56524658,0.42797852
244,0.56567383,0.42901611
245,0.57458496,0.44287109
246,0.56726074,0.43316650
247,0.56573486,0.43194580
248,0.57556152,0.43756104
249,0.57043457,0.42993164
250,0.57568359,0.44207764
251,0.56372070,0.42449951
252,0.57501221,0.43560791
253,0.56652832,0.43286133
254,0.57446289,0.43682861
255,0.57684326,0.44122314
256,0.58123779,0.44134521
257,0.57580566,0.43463135
258,0.57348633,0.44232178
259,0.55847168,0.42504883
260,0.57843018,0.44012451
261,0.57208252,0.43603516
262,0.56146240,0.42565918
263,0.57080078,0.43841553
264,0.57067871,0.43933105
265,0.56079102,0.42358398
266,0.56848145,0.43621826
267,0.57183838,0.43621826
268,0.57464600,0.43811035
269,0.56774902,0.42730713
270,0.56915283,0.43377686
271,0.57421875,0.44036865
272,0.57232666,0.43609619
273,0.57080078,0.43994141
274,0.56512451,0.43353271
275,0.57531738,0.43914795
276,0.56756592,0.42999268
277,0.57226562,0.43511963
278,0.57647705,0.43774414
279,0.57257080,0.43902588
280,0.57452393,0.44226074
281,0.57165527,0.43341064
282,0.57348633,0.44055176
283,0.56042480,0.42285156
284,0.57067871,0.43066406
285,0.57806396,0.44042969
286,0.57330322,0.43280029
287,0.56896973,0.43280029
288,0.56475830,0.42553711
289,0.57269287,0.44018555
290,0.56188965,0.42749023
291,0.57958984,0.44403076
292,0.56872559,0.43731689
293,0.56964111,0.43780518
294,0.56420898,0.43078613
295,0.56884766,0.42480469
296,0.57025146,0.43444824
297,0.57843018,0.44366455
298,0.55920410,0.42340088
299,0.57128906,0.44091797
300,0.57513428,0.43725586
301,0.56304932,0.42950439
302,0.57604980,0.44384766
303,0.56915283,0.43218994
304,0.57110596,0.42962646
305,0.56274414,0.42742920
306,0.56524658,0.43572998
307,0.57147217,0.44213867
308,0.56732178,0.43206787
309,0.56799316,0.42449951
310,0.56347656,0.42877197
311,0.56085205,0.42749023
312,0.56756592,0.43664551
313,0.56927490,0.43487549
314,0.57232666,0.43499756
315,0.56939697,0.44006348
316,0.57067871,0.43817139
317,0.57110596,0.43463135
318,0.57690430,0.44049072
319,0.57177734,0.43652344
320,0.57843018,0.44476318
321,0.57006836,0.43505859
322,0.57690430,0.43572998
323,0.57183838,0.43054199
324,0.57678223,0.44134521
325,0.55908203,0.42169189
326,0.57623291,0.44244385
327,0.57318115,0.43798828
328,0.58123779,0.44079590
329,0.56231689,0.42633057
330,0.56512451,0.43048096
331,0.56805420,0.43676758
332,0.57202148,0.44049072
333,0.56658936,0.42761230
334,0.56488037,0.42700195
335,0.57287598,0.43566895
336,0.56353760,0.42919922
337,0.57507324,0.44091797
338,0.56695557,0.42956543
339,0.57073975,0.43469238
340,0.57788086,0.43731689
341,0.57226562,0.43304443
342,0.58190918,0.44671631
343,0.56469727,0.42834473
344,0.57061768,0.43023682
345,0.56896973,0.43786621
346,0.56726074,0.42810059
347,0.55804443,0.42828369
348,0.56427002,0.43548584
349,0.56805420,0.43682861
350,0.57147217,0.43688965
351,0.56903076,0.43475342
352,0.57812500,0.44042969
353,0.56835938,0.43560791
354,0.57403564,0.43365479
355,0.56500244,0.42877197
356,0.57208252,0.43542480
357,0.58325195,0.44689941
358,0.56787109,0.43542480
359,0.56866455,0.43115234
360,0.57940674,0.44561768
361,0.56939697,0.43182373
362,0.56793213,0.43652344
363,0.57745361,0.43957520
364,0.56658936,0.43176270
365,0.57312012,0.43725586
366,0.57788086,0.43835449
367,0.57849121,0.43896484
368,0.57470703,0.43963623
369,0.56604004,0.43151855
370,0.56597900,0.43243408
371,0.57977295,0.44573975
372,0.56976318,0.43560791
373,0.57415771,0.43707275
374,0.56518555,0.42773438
375,0.56103516,0.42681885
376,0.56591797,0.42645264
377,0.57012939,0.43847656
378,0.57263184,0.43920898
379,0.56726074,0.43328857
380,0.57153320,0.43780518
381,0.56787109,0.43713379
382,0.57312012,0.44012451
383,0.57482910,0.43969727
384,0.57067871,0.43829346
385,0.57244873,0.43902588
386,0.57073975,0.43835449
387,0.56652832,0.42803955
388,0.56524658,0.42950439
389,0.56329346,0.42791748
390,0.56793213,0.43566895
391,0.56787109,0.43939209
392,0.56695557,0.43115234
393,0.56896973,0.43408203
394,0.56890869,0.43463135
395,0.57397461,0.43969727
396,0.56072998,0.42346191
397,0.57751465,0.44006348
398,0.56945801,0.43298340
399,0.57757568,0.44073486
400,0.57543945,0.43756104
401,0.56213379,0.42956543
402,0.57019043,0.43554688
403,0.57232666,0.44036865
404,0.57080078,0.43389893
405,0.56182861,0.43096924
406,0.56427002,0.42700195
407,0.57067871,0.43475342
408,0.57727051,0.44122314
409,0.56854248,0.43090820
410,0.56323242,0.42651367
411,0.57666016,0.44458008
412,0.57781982,0.43823242
413,0.56774902,0.43481445
414,0.56542969,0.42968750
415,0.57537842,0.44232178
416,0.56359863,0.43048096
417,0.57885742,0.43957520
418,0.58087158,0.44415283
419,0.57403564,0.43688965
420,0.57952881,0.44232178
421,0.57293701,0.43859863
422,0.56805420,0.42889404
423,0.56927490,0.43414307
424,0.56854248,0.43402100
425,0.56475830,0.42938232
426,0.56762695,0.43084717
427,0.55883789,0.42553711
428,0.56616211,0.42742920
429,0.57098389,0.43823242
430,0.56878662,0.43084717
431,0.56768799,0.43194580
432,0.58062744,0.44281006
433,0.56323242,0.42816162
434,0.56835938,0.44000244
435,0.56005859,0.42755127
436,0.57208252,0.42993164
437,0.56665039,0.42773438
438,0.57373047,0.43768311
439,0.56390381,0.43121338
440,0.56451416,0.43292236
441,0.58111572,0.44659424
442,0.57031250,0.42913818
443,0.56646729,0.43139648
444,0.57031250,0.43121338
445,0.56591797,0.43017578
446,0.57489014,0.43646240
447,0.56622314,0.43151855
448,0.56494141,0.43420410
449,0.57659912,0.44238281
450,0.57312012,0.43664551
451,0.57250977,0.43511963
452,0.56372070,0.42852783
453,0.56262207,0.42169189
454,0.56884766,0.43566895
455,0.57580566,0.43884277
456,0.56396484,0.42755127
457,0.56842041,0.43328857
458,0.57727051,0.43695068
459,0.56799316,0.43212891
460,0.56597900,0.43090820
461,0.57550049,0.43273926
462,0.58050537,0.44561768
463,0.56213379,0.42425537
464,0.56408691,0.42633057
465,0.56976318,0.43475342
466,0.55438232,0.42218018
467,0.57012939,0.43090820
468,0.56634521,0.42993164
469,0.56396484,0.42999268
470,0.57244873,0.43920898
471,0.56164551,0.42401123
472,0.57727051,0.44464111
473,0.58038330,0.44689941
474,0.57104492,0.43103027
475,0.57501221,0.43615723
476,0.56768799,0.43585205
477,0.56738281,0.43078613
478,0.56903076,0.43127441
479,0.57086182,0.44085693
480,0.56781006,0.43127441
481,0.56976318,0.43609619
482,0.57055664,0.43969727
483,0.56573486,0.42852783
484,0.56292725,0.42474365
485,0.57952881,0.44097900
486,0.57788086,0.43847656
487,0.57080078,0.43499756
488,0.57000732,0.44055176
489,0.57189941,0.43035889
490,0.57238770,0.43835449
491,0.56848145,0.43725586
492,0.57989502,0.44482422
493,0.56671143,0.43176270
494,0.57714844,0.44061279
495,0.56896973,0.43798828
496,0.56933594,0.43499756
497,0.58367920,0.44714355
498,0.57531738,0.43872070
499,0.56634521,0.43127441
500,0.57421875,0.44201660
501,0.56683350,0.43103027
502,0.56250000,0.42480469
503,0.56481934,0.43127441
504,0.57635498,0.44311523
505,0.56945801,0.43640137
506,0.56463623,0.42858887
507,0.57006836,0.43566895
508,0.57275391,0.44110107
509,0.57586670,0.44110107
510,0.56842041,0.43817139
511,0.57495117,0.44116211
512,0.57409668,0.43554688
513,0.56878662,0.43054199
514,0.56457520,0.42657471
515,0.57208252,0.42993164
516,0.56610107,0.43029785
517,0.57153320,0.43542480
518,0.57141113,0.43811035
519,0.56781006,0.43084717
520,0.57513428,0.43835449
521,0.58074951,0.44360352
522,0.56951904,0.43243408
523,0.56286621,0.42529297
524,0.57775879,0.43762207
525,0.56878662,0.43591309
526,0.57037354,0.43353271
527,0.56359863,0.42639160
528,0.56427002,0.42895508
529,0.56115723,0.42724609
530,0.57263184,0.43426514
531,0.55230713,0.42108154
532,0.56390381,0.42816162
533,0.57049561,0.43750000
534,0.56787109,0.43157959
535,0.56439209,0.43255615
536,0.57330322,0.43109131
537,0.57043457,0.43603516
538,0.56427002,0.42987061
539,0.56701660,0.42877197
540,0.56921387,0.43505859
541,0.57592773,0.43957520
542,0.57391357,0.43334961
543,0.56457520,0.43072510
544,0.57104492,0.43994141
545,0.56848145,0.43646240
546,0.58245850,0.44732666
547,0.57489014,0.43695068
548,0.57336426,0.43884277
549,0.56475830,0.42962646
550,0.56683350,0.43066406
551,0.56964111,0.43261719
552,0.57196045,0.43469238
553,0.57128906,0.43579102
554,0.56878662,0.42883301
555,0.57080078,0.43511963
556,0.56536865,0.43225098
557,0.57116699,0.43548584
558,0.56561279,0.42980957
559,0.56359863,0.42407227
560,0.56634521,0.43127441
561,0.56597900,0.43005371
562,0.57098389,0.42938232
563,0.56597900,0.42919922
564,0.56848145,0.43249512
565,0.57867432,0.43817139
566,0.57263184,0.43505859
567,0.57434082,0.43566895
568,0.55981445,0.42395020
569,0.56091309,0.43011475
570,0.56799316,0.43060303
571,0.57232666,0.44055176
572,0.57653809,0.43835449
573,0.56414795,0.42749023
574,0.56964111,0.43371582
575,0.57086182,0.44177246
576,0.56658936,0.43249512
577,0.57769775,0.44787598
578,0.57183838,0.43652344
579,0.57409668,0.43457031
580,0.56958008,0.43591309
581,0.57110596,0.43896484
582,0.57135010,0.43670654
583,0.57360840,0.43750000
584,0.57226562,0.43707275
585,0.57049561,0.43743896
586,0.56726074,0.43212891
587,0.56671143,0.43145752
588,0.55993652,0.42486572
589,0.56884766,0.43243408
590,0.57366943,0.43841553
591,0.57043457,0.43756104
592,0.57250977,0.43939209
593,0.57141113,0.43920898
594,0.56854248,0.43444824
595,0.56512451,0.42816162
596,0.57104492,0.43865967
597,0.56549072,0.43176270
598,0.56750488,0.43322754
599,0.57604980,0.43756104
600,0.56719971,0.43109131
601,0.57000732,0.43670654
602,0.56756592,0.43066406
603,0.57012939,0.43518066
604,0.56958008,0.43548584
605,0.57031250,0.43377686
606,0.57165527,0.43530273
607,0.57855225,0.44421387
608,0.56970215,0.43328857
609,0.56604004,0.43432617
610,0.56921387,0.43151855
611,0.57672119,0.44287109
612,0.56805420,0.43328857
613,0.57470703,0.43389893
614,0.57147217,0.43286133
615,0.57135010,0.43389893
616,0.57287598,0.43426514
617,0.56823730,0.42828369
618,0.56353760,0.43164062
619,0.57489014,0.44030762
620,0.57525635,0.43811035
621,0.57452393,0.43884277
622,0.56988525,0.43084717
623,0.56793213,0.43365479
624,0.56811523,0.43200684
625,0.57238770,0.43823242
626,0.56066895,0.42993164
627,0.57714844,0.44122314
628,0.57189941,0.43322754
629,0.57159424,0.43518066
630,0.56573486,0.42706299
631,0.57305908,0.43969727
632,0.56927490,0.43353271
633,0.56988525,0.43591309
634,0.57043457,0.43676758
635,0.57781982,0.44171143
636,0.56481934,0.43115234
637,0.57891846,0.44354248
638,0.56951904,0.43566895
639,0.56762695,0.43041992
640,0.56640625,0.43353271
641,0.57580566,0.43707275
642,0.56994629,0.43072510
643,0.57977295,0.44415283
644,0.56878662,0.42962646
645,0.56121826,0.42285156
646,0.57391357,0.43811035
647,0.58001709,0.44165039
648,0.57006836,0.43310547
649,0.57708740,0.43939209
650,0.56835938,0.43048096
651,0.56396484,0.42614746
652,0.57067871,0.43640137
653,0.57073975,0.43310547
654,0.57489014,0.43878174
655,0.56713867,0.43084717
656,0.57348633,0.44006348
657,0.57391357,0.43420410
658,0.57684326,0.43859863
659,0.56451416,0.42706299
660,0.55389404,0.41821289
661,0.57543945,0.43359375
662,0.57684326,0.44506836
663,0.57336426,0.43621826
664,0.56805420,0.43005371
665,0.57501221,0.43841553
666,0.57379150,0.43237305
667,0.56646729,0.43280029
668,0.57385254,0.43914795
669,0.56964111,0.43395996
670,0.57305908,0.43750000
671,0.56146240,0.42816162
672,0.57232666,0.43145752
673,0.57818604,0.44213867
674,0.56628418,0.43035889
675,0.57684326,0.44189453
676,0.56237793,0.42993164
677,0.57275391,0.43048096
678,0.56732178,0.43194580
679,0.57824707,0.44000244
680,0.57171631,0.43103027
681,0.57202148,0.43640137
682,0.57305908,0.43151855
683,0.56878662,0.43481445
684,0.57348633,0.43829346
685,0.57531738,0.43273926
686,0.57391357,0.43395996
687,0.57086182,0.43231201
688,0.56866455,0.43103027
689,0.57067871,0.43402100
690,0.57257080,0.43713379
691,0.57318115,0.43847656
692,0.56561279,0.43164062
693,0.56463623,0.43395996
694,0.56365967,0.43023682
695,0.57659912,0.44219971
696,0.57958984,0.44091797
697,0.56787109,0.42889404
698,0.57318115,0.43457031
699,0.57073975,0.43273926
700,0.56536865,0.42791748
701,0.57244873,0.43487549
702,0.57281494,0.43615723
703,0.57214355,0.43707275
704,0.56921387,0.43170166
705,0.57647705,0.43872070
706,0.56622314,0.42932129
707,0.57556152,0.43853760
708,0.56372070,0.43249512
709,0.57470703,0.44000244
710,0.57360840,0.43786621
711,0.56628418,0.43438721
712,0.57415771,0.44317627
713,0.57257080,0.43566895
714,0.56610107,0.43273926
715,0.56829834,0.43206787
716,0.56933594,0.43847656
717,0.58349609,0.44995117
718,0.56536865,0.43353271
719,0.57366943,0.44055176
720,0.57257080,0.43804932
721,0.56915283,0.43316650
722,0.56719971,0.42431641
723,0.57672119,0.43841553
724,0.56732178,0.43292236
725,0.57269287,0.43780518
726,0.57629395,0.43750000
727,0.56823730,0.43121338
728,0.56610107,0.42938232
729,0.57440186,0.43731689
730,0.57006836,0.43170166
731,0.56781006,0.43383789
732,0.56964111,0.43090820
733,0.56817627,0.43609619
734,0.56890869,0.43560791
735,0.56909180,0.43115234
736,0.56353760,0.43066406
737,0.56750488,0.43176270
738,0.56347656,0.43237305
739,0.56823730,0.43035889
740,0.57104492,0.43609619
741,0.55908203,0.42498779
742,0.58081055,0.44592285
743,0.56475830,0.43347168
744,0.57531738,0.43957520
745,0.56909180,0.43701172
746,0.56384277,0.43218994
747,0.57055664,0.43395996
748,0.57342529,0.43817139
749,0.57720947,0.44183350
750,0.57324219,0.42993164
751,0.58038330,0.44378662
752,0.57012939,0.42987061
753,0.57220459,0.43719482
754,0.57012939,0.43383789
755,0.56146240,0.42578125
756,0.56890869,0.43298340
757,0.56127930,0.42828369
758,0.56127930,0.42620850
759,0.57385254,0.43994141
760,0.57238770,0.43817139
761,0.56750488,0.43469238
762,0.58111572,0.44848633
763,0.57250977,0.43627930
764,0.57727051,0.43933105
765,0.56457520,0.42974854
766,0.57415771,0.43402100
767,0.57031250,0.43469238
768,0.57263184,0.43542480
769,0.57165527,0.43017578
770,0.57568359,0.43591309
771,0.58105469,0.44152832
772,0.57153320,0.44024658
773,0.57476807,0.43560791
774,0.58062744,0.44671631
775,0.56524658,0.42889404
776,0.57037354,0.43225098
777,0.56860352,0.42944336
778,0.58233643,0.44628906
779,0.57226562,0.43469238
780,0.57232666,0.44030762
781,0.57800293,0.43963623
782,0.56939697,0.43829346
783,0.56549072,0.43072510
784,0.55511475,0.41979980
785,0.57531738,0.44213867
786,0.56176758,0.42620850
787,0.57745361,0.44030762
788,0.56359863,0.43090820
789,0.57635498,0.44348145
790,0.57073975,0.43347168
791,0.56469727,0.42626953
792,0.56774902,0.43664551
793,0.57214355,0.43646240
794,0.56854248,0.43292236
795,0.56909180,0.43719482
796,0.56640625,0.42779541
797,0.57043457,0.43908691
798,0.57550049,0.43566895
799,0.57238770,0.43670654
800,0.57672119,0.44409180
801,0.57476807,0.44116211
802,0.57122803,0.43652344
803,0.56860352,0.43603516
804,0.56835938,0.42956543
805,0.57458496,0.43560791
806,0.57128906,0.44018555
807,0.57214355,0.43542480
808,0.57189941,0.43408203
809,0.57220459,0.43969727
810,0.56707764,0.43206787
811,0.56939697,0.42822266
812,0.56665039,0.42797852
813,0.56982422,0.43371582
814,0.57855225,0.43829346
815,0.57720947,0.43835449
816,0.58184814,0.44677734
817,0.56555176,0.43389893
818,0.57379150,0.44104004
819,0.56762695,0.43206787
820,0.57464600,0.43731689
821,0.56811523,0.43133545
822,0.57379150,0.43902588
823,0.57220459,0.43487549
824,0.57653809,0.44104004
825,0.57952881,0.44281006
826,0.57489014,0.43627930
827,0.56823730,0.43109131
828,0.56848145,0.42724609
829,0.56469727,0.43188477
830,0.56958008,0.43298340
831,0.57873535,0.44287109
832,0.57141113,0.43762207
833,0.57110596,0.43530273
834,0.56878662,0.43365479
835,0.57061768,0.43884277
836,0.56573486,0.42687988
837,0.57073975,0.43432617
838,0.57489014,0.43798828
839,0.56854248,0.42895508
840,0.56939697,0.43060303
841,0.57226562,0.43646240
842,0.57305908,0.43872070
843,0.56335449,0.42901611
844,0.56793213,0.43096924
845,0.57818604,0.44317627
846,0.56896973,0.43286133
847,0.56481934,0.42791748
848,0.56634521,0.43249512
849,0.56365967,0.42578125
850,0.56475830,0.43273926
851,0.56451416,0.43054199
852,0.57476807,0.43981934
853,0.57135010,0.43927002
854,0.56658936,0.42877197
855,0.56939697,0.43109131
856,0.56835938,0.43365479
857,0.57043457,0.42913818
858,0.57214355,0.43719482
859,0.56964111,0.43536377
860,0.57482910,0.43939209
861,0.56781006,0.42944336
862,0.56939697,0.43127441
863,0.56622314,0.42840576
864,0.57287598,0.43029785
865,0.57299805,0.43823242
866,0.57122803,0.43383789
867,0.56958008,0.43389893
868,0.56854248,0.42773438
869,0.57092285,0.43145752
870,0.56951904,0.43139648
871,0.56536865,0.42926025
872,0.56488037,0.43225098
873,0.57153320,0.43603516
874,0.55847168,0.42376709
875,0.56927490,0.43127441
876,0.56726074,0.43188477
877,0.56298828,0.42639160
878,0.56500244,0.42669678
879,0.58123779,0.44006348
880,0.56872559,0.43280029
881,0.57379150,0.43902588
882,0.56976318,0.43542480
883,0.56744385,0.42932129
884,0.57202148,0.44146729
885,0.56195068,0.43310547
886,0.57220459,0.43591309
887,0.56909180,0.43719482
888,0.56610107,0.43383789
889,0.56268311,0.42938232
890,0.57025146,0.42944336
891,0.57281494,0.43280029
892,0.56512451,0.43200684
893,0.56860352,0.42858887
894,0.57482910,0.44146729
895,0.57501221,0.43603516
896,0.56854248,0.43420410
897,0.57586670,0.43884277
898,0.57397461,0.44024658
899,0.57928467,0.44476318
900,0.56225586,0.42834473
901,0.56713867,0.43249512
902,0.57568359,0.43963623
903,0.57812500,0.44274902
904,0.57238770,0.44140625
905,0.57391357,0.43621826
906,0.57324219,0.43914795
907,0.57183838,0.43371582
908,0.56524658,0.43005371
909,0.56958008,0.43658447
910,0.56488037,0.42504883
911,0.57550049,0.44226074
912,0.57324219,0.43988037
913,0.56610107,0.43511963
914,0.56530762,0.42926025
915,0.56701660,0.43200684
916,0.57299805,0.43823242
917,0.57458496,0.43798828
918,0.57427979,0.43731689
919,0.57458496,0.43859863
920,0.56762695,0.43359375
921,0.56878662,0.43469238
922,0.57116699,0.43786621
923,0.57080078,0.43054199
924,0.56988525,0.43493652
925,0.55810547,0.42590332
926,0.57061768,0.43280029
927,0.57141113,0.43139648
928,0.56579590,0.42657471
929,0.57434082,0.43829346
930,0.57476807,0.44024658
931,0.56945801,0.43017578
932,0.56451416,0.42895508
933,0.56988525,0.43109131
934,0.55932617,0.42510986
935,0.56488037,0.42504883
936,0.57769775,0.44403076
937,0.58001709,0.44116211
938,0.57208252,0.43536377
939,0.57489014,0.43780518
940,0.57513428,0.43646240
941,0.56854248,0.42742920
942,0.58013916,0.44335938
943,0.56585693,0.43225098
944,0.57141113,0.43200684
945,0.57122803,0.43621826
946,0.56689453,0.43176270
947,0.56958008,0.43371582
948,0.57745361,0.44122314
949,0.56787109,0.43389893
950,0.56195068,0.42297363
951,0.57751465,0.44091797
952,0.57531738,0.43853760
953,0.57531738,0.43847656
954,0.58325195,0.44232178
955,0.57055664,0.43896484
956,0.57092285,0.43823242
957,0.55981445,0.43048096
958,0.56939697,0.43737793
959,0.57153320,0.44024658
960,0.56549072,0.42675781
961,0.57244873,0.43591309
962,0.57141113,0.43817139
963,0.57928467,0.44549561
964,0.57299805,0.44366455
965,0.57617188,0.43988037
966,0.57214355,0.43682861
967,0.56823730,0.42840576
968,0.57385254,0.43933105
969,0.57098389,0.43414307
970,0.57196045,0.43524170
971,0.56738281,0.42926025
972,0.57073975,0.43298340
973,0.58178711,0.44476318
974,0.57562256,0.44165039
975,0.56823730,0.42962646
976,0.56280518,0.42834473
977,0.57604980,0.44097900
978,0.57196045,0.43841553
979,0.57055664,0.43994141
980,0.57537842,0.43786621
981,0.56561279,0.43237305
982,0.57635498,0.43798828
983,0.56146240,0.42816162
984,0.56774902,0.43402100
985,0.57214355,0.43646240
986,0.57556152,0.43676758
987,0.57525635,0.43646240
988,0.56756592,0.42669678
989,0.56884766,0.43304443
990,0.56048584,0.42303467
991,0.57141113,0.43212891
992,0.57171631,0.43585205
993,0.57354736,0.43676758
994,0.57318115,0.43499756
995,0.57257080,0.43731689
996,0.57855225,0.44458008
997,0.57049561,0.43786621
998,0.57098389,0.43286133
999,0.57891846,0.44317627
