node,stuck_value,probability,above_threshold
15975,0,0.999939,YES
15975,1,0.999889,YES
11137,0,0.111053,NO
11137,1,0.095289,NO
21744,0,0.999831,YES
21744,1,0.996385,YES
21944,0,0.978246,YES
21944,1,0.800406,YES
6291,0,0.612451,YES
6291,1,0.99838,YES
3021,0,0.378067,NO
3021,1,0.612221,YES
6899,0,0.998816,YES
6899,1,0.999878,YES
568,0,0.561198,YES
568,1,0.807458,YES
9547,0,0.021068,NO
9547,1,0.00477,NO
3056,0,0.903474,YES
3056,1,0.611736,YES
4112,0,0.90654,YES
4112,1,0.952506,YES
14221,0,0.054815,NO
14221,1,0.797907,YES
17340,0,0.242694,NO
17340,1,0.902222,YES
20739,0,2e-06,NO
20739,1,5e-05,NO
13920,0,0.999617,YES
13920,1,0.999337,YES
22786,0,0.991958,YES
22786,1,0.997363,YES
3240,0,0.000613,NO
3240,1,0.032273,NO
21567,0,0.903524,YES
21567,1,0.808352,YES
8696,0,0.996853,YES
8696,1,0.508265,YES
22228,0,0.526136,YES
22228,1,0.954618,YES
19905,0,0.25526,NO
19905,1,0.024569,NO
21133,0,5e-06,NO
21133,1,0.0,NO
15984,0,0.837881,YES
15984,1,0.980228,YES
16841,0,0.267013,NO
16841,1,0.242701,NO
12870,0,0.5792,YES
12870,1,0.751463,YES
1391,0,0.999367,YES
1391,1,0.991035,YES
17277,0,0.177773,NO
17277,1,0.204515,NO
3048,0,0.127681,NO
3048,1,0.741039,YES
7661,0,0.000282,NO
7661,1,0.113473,NO
5031,0,0.000749,NO
5031,1,0.056626,NO
22335,0,0.993722,YES
22335,1,0.995651,YES
959,0,0.745734,YES
959,1,0.804869,YES
1506,0,0.999518,YES
1506,1,0.999848,YES
229,0,0.642627,YES
229,1,0.478509,NO
13942,0,0.95639,YES
13942,1,0.998178,YES
16392,0,0.066331,NO
16392,1,0.114903,NO
14929,0,0.235224,NO
14929,1,0.839063,YES
1748,0,0.000373,NO
1748,1,0.001418,NO
20048,0,1e-06,NO
20048,1,0.004673,NO
10841,0,0.918708,YES
10841,1,0.504115,YES
5430,0,0.906065,YES
5430,1,0.836456,YES
10357,0,0.221063,NO
10357,1,0.370391,NO
16601,0,0.082643,NO
16601,1,0.156949,NO
20520,0,2.4e-05,NO
20520,1,0.00013,NO
19765,0,0.99971,YES
19765,1,0.730581,YES
10723,0,0.059439,NO
10723,1,0.758537,YES
9608,0,0.61807,YES
9608,1,0.670924,YES
14782,0,0.543788,YES
14782,1,0.95707,YES
22599,0,0.911943,YES
22599,1,0.927755,YES
13348,0,0.654322,YES
13348,1,0.450215,NO
17034,0,0.167881,NO
17034,1,0.172875,NO
19545,0,0.978605,YES
19545,1,0.994513,YES
15011,0,0.970426,YES
15011,1,0.982,YES
8645,0,0.000888,NO
8645,1,0.003586,NO
18963,0,0.889622,YES
18963,1,0.912975,YES
1793,0,0.999275,YES
1793,1,0.999997,YES
14686,0,0.636314,YES
14686,1,0.995292,YES
146,0,0.64575,YES
146,1,0.509239,YES
1191,0,1e-05,NO
1191,1,0.037786,NO
4390,0,0.93212,YES
4390,1,0.92982,YES
21016,0,0.000706,NO
21016,1,0.000266,NO
18585,0,0.384815,NO
18585,1,0.999596,YES
6934,0,0.046869,NO
6934,1,0.652386,YES
4906,0,0.966352,YES
4906,1,0.001957,NO
6719,0,0.997736,YES
6719,1,0.998144,YES
16622,0,0.09115,NO
16622,1,0.387449,NO
9977,0,0.75787,YES
9977,1,0.05367,NO
1314,0,0.005633,NO
1314,1,0.9501,YES
20932,0,1.7e-05,NO
20932,1,9e-06,NO
17943,0,0.793682,YES
17943,1,0.850403,YES
12353,0,0.036772,NO
12353,1,0.068687,NO
11681,0,0.999991,YES
11681,1,0.999589,YES
13023,0,0.981828,YES
13023,1,0.413481,NO
8872,0,0.99426,YES
8872,1,0.988019,YES
22367,0,0.633856,YES
22367,1,0.596214,YES
12993,0,0.931516,YES
12993,1,0.0982,NO
12338,0,0.227028,NO
12338,1,0.140978,NO
11522,0,0.399591,NO
11522,1,0.150496,NO
5945,0,0.361821,NO
5945,1,0.581185,YES
7347,0,0.985022,YES
7347,1,0.607229,YES
21725,0,0.952788,YES
21725,1,0.966335,YES
6518,0,0.0003,NO
6518,1,0.01231,NO
19173,0,0.741109,YES
19173,1,0.981331,YES
17587,0,0.05519,NO
17587,1,0.152403,NO
11544,0,0.564054,YES
11544,1,0.320614,NO
2011,0,0.987715,YES
2011,1,0.979477,YES
16912,0,0.702259,YES
16912,1,0.088857,NO
3042,0,0.54281,YES
3042,1,0.589866,YES
16019,0,0.2754,NO
16019,1,0.629289,YES
10662,0,0.339552,NO
10662,1,0.560739,YES
4456,0,0.996797,YES
4456,1,0.999552,YES
893,0,0.587874,YES
893,1,0.31473,NO
11286,0,0.706611,YES
11286,1,0.966267,YES
10038,0,0.17838,NO
10038,1,0.017533,NO
11218,0,0.037228,NO
11218,1,0.103342,NO
4538,0,0.148152,NO
4538,1,0.00168,NO
1570,0,0.031196,NO
1570,1,0.0009,NO
13665,0,0.836422,YES
13665,1,0.598975,YES
7858,0,0.292222,NO
7858,1,0.960778,YES
11851,0,0.067008,NO
11851,1,0.080733,NO
22755,0,0.999997,YES
22755,1,0.999931,YES
15152,0,0.327068,NO
15152,1,0.946254,YES
11573,0,0.233115,NO
11573,1,0.260356,NO
9810,0,0.337508,NO
9810,1,0.130277,NO
3621,0,0.246424,NO
3621,1,0.592986,YES
17731,0,0.423182,NO
17731,1,0.07496,NO
3667,0,0.768403,YES
3667,1,0.471224,NO
19676,0,0.447599,NO
19676,1,0.431195,NO
18486,0,0.994354,YES
18486,1,0.999684,YES
7445,0,0.000585,NO
7445,1,0.490965,NO
20050,0,6.7e-05,NO
20050,1,0.000593,NO
19031,0,0.627868,YES
19031,1,0.958911,YES
18864,0,0.99921,YES
18864,1,0.997053,YES
2271,0,0.99606,YES
2271,1,0.996312,YES
19751,0,0.201899,NO
19751,1,0.743789,YES
4146,0,0.620715,YES
4146,1,0.658637,YES
19029,0,0.794938,YES
19029,1,0.860324,YES
11358,0,0.006025,NO
11358,1,0.964653,YES
19624,0,0.999416,YES
19624,1,0.990995,YES
21164,0,1.0,YES
21164,1,1.0,YES
18984,0,0.384995,NO
18984,1,0.809499,YES
16011,0,0.556991,YES
16011,1,0.056658,NO
7046,0,0.001277,NO
7046,1,0.001422,NO
19981,0,2.9e-05,NO
19981,1,0.006757,NO
11501,0,0.290969,NO
11501,1,0.228663,NO
9945,0,0.002277,NO
9945,1,0.17767,NO
9169,0,0.018314,NO
9169,1,0.022419,NO
11257,0,0.462396,NO
11257,1,0.023984,NO
6858,0,0.008712,NO
6858,1,0.034435,NO
4592,0,0.94778,YES
4592,1,0.806223,YES
3839,0,0.716179,YES
3839,1,0.687355,YES
346,0,0.0,NO
346,1,1e-06,NO
12038,0,0.381778,NO
12038,1,0.741487,YES
22287,0,0.999097,YES
22287,1,0.980684,YES
21513,0,0.902429,YES
21513,1,0.733986,YES
2148,0,0.99998,YES
2148,1,0.999972,YES
9388,0,0.985618,YES
9388,1,0.974503,YES
3231,0,0.00055,NO
3231,1,0.377567,NO
17477,0,0.735526,YES
17477,1,0.307133,NO
21027,0,4e-06,NO
21027,1,5.6e-05,NO
12702,0,0.009755,NO
12702,1,0.317028,NO
4751,0,0.997395,YES
4751,1,0.964448,YES
4963,0,0.993728,YES
4963,1,0.854331,YES
9479,0,7.4e-05,NO
9479,1,0.982192,YES
1919,0,0.998909,YES
1919,1,0.999746,YES
3883,0,0.708216,YES
3883,1,0.685885,YES
1440,0,0.000174,NO
1440,1,0.222791,NO
15136,0,0.03435,NO
15136,1,0.385456,NO
16472,0,0.003635,NO
16472,1,0.719897,YES
6885,0,0.99605,YES
6885,1,0.997477,YES
13181,0,0.560093,YES
13181,1,0.426435,NO
16248,0,0.791242,YES
16248,1,0.974059,YES
15996,0,0.086451,NO
15996,1,0.585889,YES
6668,0,0.994269,YES
6668,1,0.214997,NO
20248,0,2e-06,NO
20248,1,0.003959,NO
15442,0,0.572731,YES
15442,1,0.203463,NO
18145,0,0.994173,YES
18145,1,0.976973,YES
18208,0,0.939435,YES
18208,1,0.844031,YES
2045,0,0.930609,YES
2045,1,0.977929,YES
13806,0,0.407315,NO
13806,1,0.013661,NO
21792,0,0.177467,NO
21792,1,0.994393,YES
11669,0,0.999931,YES
11669,1,0.998025,YES
8773,0,0.927384,YES
8773,1,0.042059,NO
21232,0,0.99611,YES
21232,1,0.993892,YES
8321,0,0.012077,NO
8321,1,0.08102,NO
3951,0,0.515779,YES
3951,1,0.466798,NO
11691,0,0.944129,YES
11691,1,0.017658,NO
14309,0,0.723004,YES
14309,1,0.343654,NO
7580,0,0.961153,YES
7580,1,0.958261,YES
2164,0,0.999891,YES
2164,1,0.999993,YES
18696,0,0.744959,YES
18696,1,0.999906,YES
12019,0,0.345172,NO
12019,1,0.992041,YES
14603,0,0.082841,NO
14603,1,0.90612,YES
4371,0,0.999968,YES
4371,1,0.999529,YES
14469,0,0.004023,NO
14469,1,0.642996,YES
3127,0,0.951359,YES
3127,1,0.917932,YES
5892,0,0.484428,NO
5892,1,0.604959,YES
2641,0,0.021787,NO
2641,1,0.446904,NO
2114,0,0.000357,NO
2114,1,0.000576,NO
9380,0,0.974623,YES
9380,1,0.291102,NO
22006,0,0.999689,YES
22006,1,0.999979,YES
14333,0,0.197932,NO
14333,1,0.512838,YES
5647,0,0.606031,YES
5647,1,0.780606,YES
18345,0,0.941549,YES
18345,1,0.957786,YES
20899,0,1.9e-05,NO
20899,1,6e-06,NO
20967,0,0.0,NO
20967,1,1e-06,NO
5033,0,0.000463,NO
5033,1,0.000332,NO
12977,0,0.938381,YES
12977,1,0.567029,YES
18203,0,0.999825,YES
18203,1,0.999623,YES
20605,0,0.93672,YES
20605,1,0.939587,YES
330,0,0.0,NO
330,1,7e-06,NO
2043,0,0.974719,YES
2043,1,0.835829,YES
10438,0,0.574997,YES
10438,1,0.321782,NO
19395,0,0.866746,YES
19395,1,0.656998,YES
14200,0,0.00894,NO
14200,1,0.010323,NO
6046,0,0.997169,YES
6046,1,0.996882,YES
2676,0,0.679532,YES
2676,1,0.423435,NO
8594,0,0.002085,NO
8594,1,0.000685,NO
5676,0,0.394574,NO
5676,1,0.581264,YES
1932,0,0.997546,YES
1932,1,0.998204,YES
