batch_id,site_start,site_count,faults,rows,expected_rows,raw_sha256,status
5,512,128,256,16384,16384,a128bc4bfc02bed7d300aca9c659aca1abe520df6d41a43b649a594798673baf,PASS
8,896,128,256,16384,16384,0f2f57cb3f8f5097c4f5d0a319cdcbbe39d0aa31f655d7884c61f32f5536baf7,PASS
9,1024,128,256,16384,16384,26381c379ac6b579906bfc5339eca4f4a8971cba0672aeed8753468b8d526a39,PASS
7,768,128,256,16384,16384,496f03d9cb632a282ebc6c413e39d3ca607da6fef32b56b202896cd6b89d428f,PASS
4,384,128,256,16384,16384,e7e6f893c195b26020bda5c7d6b12a75629616543167090f140f5888e64f8bcd,PASS
10,1152,128,256,16384,16384,c628357eb0249b64dfa60f24d7a89db15cd7503893b4e4d0c64fb84f0481f3e1,PASS
1,0,128,256,16384,16384,67cfa6b3bfd7b82e7322f0aa605a50041ad9cd1b832cbb570ebe8757af04275b,PASS
6,640,128,256,16384,16384,8fa9c61e8de3cd368ed0cd77ec3ece3c5427da7dcd859bdae770e7623ba34123,PASS
2,128,128,256,16384,16384,6cb7172d9ec09a181af4aab3b55585bb5aeec1e58ff7f93669ffb8987d6884a8,PASS
3,256,128,256,16384,16384,7d7dcc9596c978b8ba3f4571df8059fb0e86bc61f28316b77bb0ad7f901bc32d,PASS
14,1664,128,256,16384,16384,0e1a2b2386a0e8ac57deacaedbe339b3207f540e1d5b2ef6e22ba4b725242585,PASS
13,1536,128,256,16384,16384,c9fa1d47f9758cf403709d94e701698a54e59a854d3b74381c282004ea57a11e,PASS
16,1920,128,256,16384,16384,30a48d7e9217ff19337c4d9636305ec206f378361c8894ac98969e9ca1381a63,PASS
11,1280,128,256,16384,16384,039a47a7ea64814d3aea49cc2622cc1f27fdecd27a9ac4124b75f98ea000dc1b,PASS
15,1792,128,256,16384,16384,98784a3de771305b4fff8f7e3f975f01241edd9b99e1d4a2ef2935edb682f5b8,PASS
12,1408,128,256,16384,16384,a5ed72468b5f1d99a5621f1aad5eafb182efcfbe5b349ada95f572db8e1b6f52,PASS
18,2176,128,256,16384,16384,70d210a3b64dab3ef75901cb3be2aba357bf306ed9d44160ac146fd88fedda81,PASS
17,2048,128,256,16384,16384,05e58a81ae8ab8b5db2e12ff1d7a434fada1610c7de7308574411eb9eab569cf,PASS
19,2304,128,256,16384,16384,5e7aad174ce5b7c9767874c1b2be5020d0cd5dba9601f4b16b065afc44ea5923,PASS
20,2432,128,256,16384,16384,0a98e1d75dd4e4bbfa10791020a174fe57ef998cf53d51190ca2ca7255582024,PASS
22,2688,128,256,16384,16384,dc2e9e466bcaa845b42851a2ba358f103dce2f75408fe1382150df8965382dc3,PASS
24,2944,128,256,16384,16384,8d07b4646534d03af5d78365e73629610f62a39b52198ccdccdc6cff74a87d6d,PASS
23,2816,128,256,16384,16384,39fe23665d70ceb044fffd577ef422ea07fb9ca673606c0d516d5f3e146fb13f,PASS
21,2560,128,256,16384,16384,b711036150b7eb7cccdc32ded1b5dd1227b919a91add2aac7af257ba2e365d77,PASS
25,3072,128,256,16384,16384,7b6bbfa492a47f5dc4cfae2b2d1e5674259735c2905f5396ff3fee0553909917,PASS
26,3200,128,256,16384,16384,e41f9e593a9216362975a10d120dfcbfd92049451063bbab60f9d73f5141ed22,PASS
27,3328,128,256,16384,16384,55698e8473267d7a5414378e51ff163c2d9496853cb95c3dc800506d817c718f,PASS
28,3456,128,256,16384,16384,93979afcab1a5a5688d444e8ea9a42657423905d91d1d2bc99020985aea78daf,PASS
29,3584,128,256,16384,16384,e127f78ac1f4968b966824d32bbf35a7662f82c8c1d25a1ff332a702f8124ede,PASS
30,3712,128,256,16384,16384,0de441a9d8c38fdcc2e584aff57322202647babafba913d7c9aad7b63cde3346,PASS
32,3968,128,256,16384,16384,97d912736878e6b6046198a289f6da0c0fb2a9a65b4e03e4697d075895202f37,PASS
33,4096,128,256,16384,16384,4f0a4124963444632c92eb88bf6b636a9762133c920e4ae9efafc4fb7c144ae1,PASS
31,3840,128,256,16384,16384,147af3ff16cee8e6c09802a18d51ce736ecd72e21f921162f39c63409a847c1b,PASS
35,4352,128,256,16384,16384,5c629e184be7f68b4e6e83f1130f22995d0317c9637d8ad89c5bf53915ae3101,PASS
34,4224,128,256,16384,16384,f8928a0f8d838763d2a96f739ceff0f6c50ee81f143441698e233aafa0425c23,PASS
36,4480,128,256,16384,16384,4779a548f9e02eb055120aa85d52b616f451d1c9bb31f87a40f69ff4290d474b,PASS
37,4608,128,256,16384,16384,d63cac510efa5b68301e3448694d385940ab21cee1a1e2f820bb380ee79d3512,PASS
40,4992,128,256,16384,16384,434b4252fd97db23a3de155607ebd7f85d17c16e674ca4fe8a92f1794a637e9f,PASS
38,4736,128,256,16384,16384,0827df08cb2842ca2946550fab59e80d50cd2a76039c01f8e340227c48ae116b,PASS
39,4864,128,256,16384,16384,50a63031f50bfb476617999177bc95cbfd82c97ef4bf8bad42707bca0cc7e4c4,PASS
41,5120,128,256,16384,16384,28bb0f261fdd18acc8dc98d1bd61766e258930dd429aa543dcd7ea69f4d6e579,PASS
45,5632,128,256,16384,16384,a776fc7e83c44110d345ab9e100e975380c008edaa88f2178f8cdb6275badcdb,PASS
43,5376,128,256,16384,16384,375fd0a4dbad2e70b2e87f00b646157c1b584f6440a7dda603c27904e747cf86,PASS
42,5248,128,256,16384,16384,74bb8dc94c6fc22dc0c171e25101e9df2ec6d6250cc08f2a2f921b46e36503ee,PASS
44,5504,128,256,16384,16384,6a17f85970769b6daa3d943abf3ff6fd1ae6aa308d6d86eb04791c944c085c99,PASS
46,5760,128,256,16384,16384,149124da044f0ccde1d2812901a032cdf784b03377a19e01096705409f045579,PASS
47,5888,128,256,16384,16384,fcb70f25882be1d26daf56bce2a01ebfd473c13fd9f0406be352e448235781d1,PASS
49,6144,128,256,16384,16384,1569f7357da042e9e17f393668f3ad3ca5557a0a86a39e1c926f1b8c2f6a26c7,PASS
48,6016,128,256,16384,16384,df6ac5cfec4e08657ac83fd80c5bf3494ad8fafbfab509a817eb6ae19d079cc5,PASS
50,6272,128,256,16384,16384,6d00a2ed0825ab1aab623f000d0cd875d850c2b7b16985e3f5307a82e03c2fb2,PASS
51,6400,128,256,16384,16384,a09501a12569c824e55de3e647d2d4af963f51ff5906b077ba9fb5ad145fef8a,PASS
52,6528,128,256,16384,16384,cc5b2d9b9c7d5b88b6a29e6d00df9b970ae7d91fcca3a41608908aa6ddccdd18,PASS
55,6912,128,256,16384,16384,5dae048593821475adbdfc69f4cb2bce9efac8c52fe8da07bd975ae845306280,PASS
54,6784,128,256,16384,16384,47af3a8601594bb38188bb9e5058cb905bdb1b90091d0119b035c2b20ee8e3e4,PASS
53,6656,128,256,16384,16384,4d18a0bf687cc08e186d81b13427c215f77a8246ce43056d5a14e2b03f44e425,PASS
58,7296,128,256,16384,16384,9e2790fccd666acd15efe46081f8d07fad86106bb86995b3fca772866a66274d,PASS
57,7168,128,256,16384,16384,f3093d3c8babf15a6b292ee7d45df778291b735abbf37d0f2f97291561f5022a,PASS
56,7040,128,256,16384,16384,f8a6fed7e8bfd8f9d45afe3cbc367a79eb2589fa470598cfd01ef84622b39ad3,PASS
59,7424,128,256,16384,16384,911e015a119b5e5c6b1502377a4a5e54f5260df3a132c925e34d68b520746c04,PASS
60,7552,128,256,16384,16384,6c3f3557942155f881cf8d68b882dbb1d80116da7a3f39ed4959794ce55a8cb1,PASS
61,7680,128,256,16384,16384,f8cd8d48b3d7f2bbb5c2e8edb248ea2dedbad22cc5cd05128db9adf190dc5055,PASS
62,7808,128,256,16384,16384,0ac42249ae4288fe589e0d7f6d1dc12ce94991b401c5f8d1fca379956d78c91f,PASS
63,7936,128,256,16384,16384,d37796b2e0ccd3166eaa38773209c659c7a9b3ddaa26e75696683bf49da2296e,PASS
64,8064,128,256,16384,16384,c23d1989be2882445a7eaced21f1f93bdde4f73f227e12188841932480541228,PASS
65,8192,128,256,16384,16384,e530d05daa04c6c89f0d009c27ddfe652e85a8fcb898c724a16ca9c36e0525e9,PASS
66,8320,128,256,16384,16384,3cab665d47cfbefeaddf03622338462f20950f6ef0589c5ea59e73986790100a,PASS
67,8448,128,256,16384,16384,1ee584f84e4b3b1b5cf83cb2f2503a7eb50fc8246851fedaf6a8ac796fe33927,PASS
68,8576,128,256,16384,16384,92fd98411c6035dcaf184354368e907baafb4574718e855080ed7153ae00e43d,PASS
70,8832,128,256,16384,16384,b5076186ab774762247ee14eec502806faabfe45f93824815c313e166e865f46,PASS
69,8704,128,256,16384,16384,f13aea62c676b68cae47f215428c20fa2ddeadfcedfc5656c1e70cd2d656ccab,PASS
71,8960,128,256,16384,16384,e7b876a94db813a9216f90194887713a819c00386bd58e34283f168489d63f8c,PASS
74,9344,128,256,16384,16384,568d5912d9ede4766b671d245241121a718318c3354be554687f65a3eb4b8b54,PASS
72,9088,128,256,16384,16384,92af867e06869c534cd2d101c3ab84b40e4119aa0c81964c6068afb1d71ca773,PASS
76,9600,128,256,16384,16384,4e7ca3da3138ec03d26d0e5bb013c339e8514dc9792edcdda07ca62bfbe52d89,PASS
73,9216,128,256,16384,16384,1cc02b93c4e8186ca74e4530d45d90c17adbee00368469e2512519b767fe3b18,PASS
75,9472,128,256,16384,16384,da2b7da7de1bea97f82058ea6ce01737f14002fe6a76c76b57f283010cbc8c59,PASS
77,9728,128,256,16384,16384,54cb4669a754a53e42cd51cc4de635b024fe5a1357a1ef91f61a27b15ecb1170,PASS
78,9856,128,256,16384,16384,87f26aa92c55bfb10d954f9e0e46da7849e975ae2108019d36bfbd5bb75ddbd1,PASS
79,9984,127,254,16256,16256,db721243dca0e3c585af280b0112f0cf36e8e10bbc92e58682607b6462574da9,PASS
