transaction_id,family_id,partition,family_vector_index,stimulus_class,pilot,cycle_budget,seed_sha256,seed_domain,fault_identity_fields
0,secworks_chacha,INDEPENDENT_CIRCUIT_TEST,0,NIST_KAT,YES,4096,0eb42b4cb8ff5ac4f8f27733d3114fa7660b005edd0665717543ba28d91b2064,CIRCUITSAGE-HMAC-V2.2/12C-1F/VECTOR,0
1,secworks_chacha,INDEPENDENT_CIRCUIT_TEST,1,ZERO,YES,4096,3afde3719e4a76a7213fbbbbc128665082b4f29c4667180f2d60bd783d9d4e7d,CIRCUITSAGE-HMAC-V2.2/12C-1F/VECTOR,0
2,secworks_chacha,INDEPENDENT_CIRCUIT_TEST,2,ONES,YES,4096,1f07a14cadfc58b675bd0896b32833e4ad021904a8874c359b764f742057e62c,CIRCUITSAGE-HMAC-V2.2/12C-1F/VECTOR,0
3,secworks_chacha,INDEPENDENT_CIRCUIT_TEST,3,COUNTING,YES,4096,b16128f3868e876019bf80d5d61f64246073419cf800de050614522df0c88ef4,CIRCUITSAGE-HMAC-V2.2/12C-1F/VECTOR,0
4,secworks_chacha,INDEPENDENT_CIRCUIT_TEST,4,AVALANCHE,YES,4096,c60633db11641e4702795d0771f75fe5e7cf36fd3246f04e6510f09cf04b2197,CIRCUITSAGE-HMAC-V2.2/12C-1F/VECTOR,0
5,secworks_chacha,INDEPENDENT_CIRCUIT_TEST,5,RANDOM,YES,4096,3303188150675dfb225ac66fb55b115151ff521f0fd48db4b28e4c3cfb70e79a,CIRCUITSAGE-HMAC-V2.2/12C-1F/VECTOR,0
6,secworks_chacha,INDEPENDENT_CIRCUIT_TEST,6,NIST_KAT,YES,4096,98438912070eb41f0a2e0dfdf3744f8ba88fc7cc81bedf0e79d8a9d4d062b686,CIRCUITSAGE-HMAC-V2.2/12C-1F/VECTOR,0
7,secworks_chacha,INDEPENDENT_CIRCUIT_TEST,7,ZERO,YES,4096,5bede4ee89007b54b75e794bf44b343085b1fa5f63db76bcc75716226a9fa47a,CIRCUITSAGE-HMAC-V2.2/12C-1F/VECTOR,0
8,secworks_chacha,INDEPENDENT_CIRCUIT_TEST,8,ONES,YES,4096,fb1373e4fa511a9e3f78f55fb1b260f48141a7651a104bfd31f2cdf92581e8c4,CIRCUITSAGE-HMAC-V2.2/12C-1F/VECTOR,0
9,secworks_chacha,INDEPENDENT_CIRCUIT_TEST,9,COUNTING,YES,4096,ee452deb1a2f5130b595f2a3ebc543b6eb931aac8dac3564d29d4c206dff1db3,CIRCUITSAGE-HMAC-V2.2/12C-1F/VECTOR,0
10,secworks_chacha,INDEPENDENT_CIRCUIT_TEST,10,AVALANCHE,YES,4096,2d6ab394bc3e3a7db251bc3eee53c7f54d1a27f64ed644c12ce6d67f572c0f6b,CIRCUITSAGE-HMAC-V2.2/12C-1F/VECTOR,0
11,secworks_chacha,INDEPENDENT_CIRCUIT_TEST,11,RANDOM,YES,4096,fbbafa15f3e7f9eb69f01ebcc9dd5b46107e909322c3b1cdb99332f662304242,CIRCUITSAGE-HMAC-V2.2/12C-1F/VECTOR,0
12,secworks_chacha,INDEPENDENT_CIRCUIT_TEST,12,NIST_KAT,YES,4096,ffc8fa3ba130f2f22075e652feeb1f82588fab469e40bb92147c8dcb490d9109,CIRCUITSAGE-HMAC-V2.2/12C-1F/VECTOR,0
13,secworks_chacha,INDEPENDENT_CIRCUIT_TEST,13,ZERO,YES,4096,1d54b715a5b877e70811871b3d7d376585a00b86aad9051ce091d140434c5481,CIRCUITSAGE-HMAC-V2.2/12C-1F/VECTOR,0
14,secworks_chacha,INDEPENDENT_CIRCUIT_TEST,14,ONES,YES,4096,53f0212dbff9be700df859337e40476b504e9ffa15118ff42670f6b9b8a7dce5,CIRCUITSAGE-HMAC-V2.2/12C-1F/VECTOR,0
15,secworks_chacha,INDEPENDENT_CIRCUIT_TEST,15,COUNTING,YES,4096,2e8032f38cd296db90667b67bdb86928ec941166ab41c0ce2d00ad6246b8719d,CIRCUITSAGE-HMAC-V2.2/12C-1F/VECTOR,0
16,secworks_chacha,INDEPENDENT_CIRCUIT_TEST,16,AVALANCHE,NO,4096,efc9fb2e36ec91165d644e718f8a3c0db7aec52bcd82a453b33d8cb1371f5253,CIRCUITSAGE-HMAC-V2.2/12C-1F/VECTOR,0
17,secworks_chacha,INDEPENDENT_CIRCUIT_TEST,17,RANDOM,NO,4096,8c5eec83863da7047c3e2e70edb663e75b8bcaf58a0fdc3bfeb9e698ccfbcdde,CIRCUITSAGE-HMAC-V2.2/12C-1F/VECTOR,0
18,secworks_chacha,INDEPENDENT_CIRCUIT_TEST,18,NIST_KAT,NO,4096,b2f229332cb98291fad368ad2d24396f1325126197a8b90389a7f82b38592459,CIRCUITSAGE-HMAC-V2.2/12C-1F/VECTOR,0
19,secworks_chacha,INDEPENDENT_CIRCUIT_TEST,19,ZERO,NO,4096,955748665693422e4bd15b4fc77a094b7488c058d605b5842afafde0a6b3eb8e,CIRCUITSAGE-HMAC-V2.2/12C-1F/VECTOR,0
20,secworks_chacha,INDEPENDENT_CIRCUIT_TEST,20,ONES,NO,4096,954a9cbfc2babd17c803855cc82e957f8a03f383a612090675530159728f72d7,CIRCUITSAGE-HMAC-V2.2/12C-1F/VECTOR,0
21,secworks_chacha,INDEPENDENT_CIRCUIT_TEST,21,COUNTING,NO,4096,3b88d89d0f259232bbab4d86de796cf7e9826ee068b9496d78ce0e95993ffe88,CIRCUITSAGE-HMAC-V2.2/12C-1F/VECTOR,0
22,secworks_chacha,INDEPENDENT_CIRCUIT_TEST,22,AVALANCHE,NO,4096,236b7f88e4529ebe2e6b290152ae69720b8adb4e70a465eebd7483c62a3a3428,CIRCUITSAGE-HMAC-V2.2/12C-1F/VECTOR,0
23,secworks_chacha,INDEPENDENT_CIRCUIT_TEST,23,RANDOM,NO,4096,bf0f98035cece7548e7af93e31251cfa42ef2d542a956dc90463076438fdde10,CIRCUITSAGE-HMAC-V2.2/12C-1F/VECTOR,0
24,secworks_chacha,INDEPENDENT_CIRCUIT_TEST,24,NIST_KAT,NO,4096,778f1e22ea51d4be3a6d95622d9eb816f931bb956bc299aa72815af0d392ddf2,CIRCUITSAGE-HMAC-V2.2/12C-1F/VECTOR,0
25,secworks_chacha,INDEPENDENT_CIRCUIT_TEST,25,ZERO,NO,4096,af3113e55541857e56b0d4ea7b6bb34640ac8a8a8da674bbc21546a520f17358,CIRCUITSAGE-HMAC-V2.2/12C-1F/VECTOR,0
26,secworks_chacha,INDEPENDENT_CIRCUIT_TEST,26,ONES,NO,4096,d36aec5f98e0bbece90a5b7a71b2797ece00da9fa17dd21421ad8419863facf9,CIRCUITSAGE-HMAC-V2.2/12C-1F/VECTOR,0
27,secworks_chacha,INDEPENDENT_CIRCUIT_TEST,27,COUNTING,NO,4096,a9e6212ab745e41216986c8ef2f26a53f5394c76ed57fefbcc07a5972eb3ee34,CIRCUITSAGE-HMAC-V2.2/12C-1F/VECTOR,0
28,secworks_chacha,INDEPENDENT_CIRCUIT_TEST,28,AVALANCHE,NO,4096,90160bb20ef4f4bf0955185340015b352badc481fa68a10aa91a3b0ef8c708db,CIRCUITSAGE-HMAC-V2.2/12C-1F/VECTOR,0
29,secworks_chacha,INDEPENDENT_CIRCUIT_TEST,29,RANDOM,NO,4096,6f0f4078d8904d975b755a2ff14d7508aedfbc639be91ef21d80d60d0f9cf7f7,CIRCUITSAGE-HMAC-V2.2/12C-1F/VECTOR,0
30,secworks_chacha,INDEPENDENT_CIRCUIT_TEST,30,NIST_KAT,NO,4096,4c2882bb66efb2bb113b7ea3611be32e22b9dc2853a6b4491d31c4686a4d10b2,CIRCUITSAGE-HMAC-V2.2/12C-1F/VECTOR,0
31,secworks_chacha,INDEPENDENT_CIRCUIT_TEST,31,ZERO,NO,4096,1afdd99b437f9eec7545fbc532ca39d672cc88b382ecd4671e86b02a02bf12dc,CIRCUITSAGE-HMAC-V2.2/12C-1F/VECTOR,0
32,secworks_chacha,INDEPENDENT_CIRCUIT_TEST,32,ONES,NO,4096,7f786aa1a80aea11473365b0b66f5b8e289eb03c3962b458cc16ad02d5e0a5bf,CIRCUITSAGE-HMAC-V2.2/12C-1F/VECTOR,0
33,secworks_chacha,INDEPENDENT_CIRCUIT_TEST,33,COUNTING,NO,4096,0488684dd9335dff0524a0df07da58bf161b5b3ab4dde9b1f57504dec34b067b,CIRCUITSAGE-HMAC-V2.2/12C-1F/VECTOR,0
34,secworks_chacha,INDEPENDENT_CIRCUIT_TEST,34,AVALANCHE,NO,4096,56f51ab10f5c78ae0d420bd709d3acffb4e8a3ca902411064b6c3aa836bbd211,CIRCUITSAGE-HMAC-V2.2/12C-1F/VECTOR,0
35,secworks_chacha,INDEPENDENT_CIRCUIT_TEST,35,RANDOM,NO,4096,3f8a35e97d54715dc6cf1a32d5f3695ed93581f4a64f2b87a74dbf1018279bcf,CIRCUITSAGE-HMAC-V2.2/12C-1F/VECTOR,0
36,secworks_chacha,INDEPENDENT_CIRCUIT_TEST,36,NIST_KAT,NO,4096,36e9d454da43cac642f44acd82488f4fe7675086d92c2cf6a4c77f872bfca0a5,CIRCUITSAGE-HMAC-V2.2/12C-1F/VECTOR,0
37,secworks_chacha,INDEPENDENT_CIRCUIT_TEST,37,ZERO,NO,4096,5404da73dd9a88f4fa2ac8b8519820f2cc677a30d34ee00c54a5acbcb677634d,CIRCUITSAGE-HMAC-V2.2/12C-1F/VECTOR,0
38,secworks_chacha,INDEPENDENT_CIRCUIT_TEST,38,ONES,NO,4096,ca36c6b70aa33e6607edcdc01a07568faabc54e609ea4e94fc7c666600bf2847,CIRCUITSAGE-HMAC-V2.2/12C-1F/VECTOR,0
39,secworks_chacha,INDEPENDENT_CIRCUIT_TEST,39,COUNTING,NO,4096,94c1b00ece03f98c12fa2beb334be8f419e422a7d5afe9512f0a21c7ef184866,CIRCUITSAGE-HMAC-V2.2/12C-1F/VECTOR,0
40,secworks_chacha,INDEPENDENT_CIRCUIT_TEST,40,AVALANCHE,NO,4096,ab1dcb5d972254c15f45e8fcb1c328d4737810376ad1ec20ebdd2c46d39086eb,CIRCUITSAGE-HMAC-V2.2/12C-1F/VECTOR,0
41,secworks_chacha,INDEPENDENT_CIRCUIT_TEST,41,RANDOM,NO,4096,9fd9e0bd7b4d968c51c6722563d08cbe7c405793935319514fbbf8cc42a03613,CIRCUITSAGE-HMAC-V2.2/12C-1F/VECTOR,0
42,secworks_chacha,INDEPENDENT_CIRCUIT_TEST,42,NIST_KAT,NO,4096,4c74176e1b83afc80499b84dff9e8fe80360b4836ee60797cb3e4a2016bedcd5,CIRCUITSAGE-HMAC-V2.2/12C-1F/VECTOR,0
43,secworks_chacha,INDEPENDENT_CIRCUIT_TEST,43,ZERO,NO,4096,128a47c6570800d327fe88baef804c8133c5430cdae0ecfd00c6e07cf4a1e5d6,CIRCUITSAGE-HMAC-V2.2/12C-1F/VECTOR,0
44,secworks_chacha,INDEPENDENT_CIRCUIT_TEST,44,ONES,NO,4096,3acbb11be3ea97e0ee409f81bb88374bad2b8dd2fd15d3ae70be68c706645b58,CIRCUITSAGE-HMAC-V2.2/12C-1F/VECTOR,0
45,secworks_chacha,INDEPENDENT_CIRCUIT_TEST,45,COUNTING,NO,4096,6be3eef0b65c13ad5b0e64bd7ade5f32cb62a71fa32156c001b4a8c4fb2fa6a4,CIRCUITSAGE-HMAC-V2.2/12C-1F/VECTOR,0
46,secworks_chacha,INDEPENDENT_CIRCUIT_TEST,46,AVALANCHE,NO,4096,f178b379c313a815bfcea90ed43e75a24d446a8a090d7d8de1fb85fe965bdf84,CIRCUITSAGE-HMAC-V2.2/12C-1F/VECTOR,0
47,secworks_chacha,INDEPENDENT_CIRCUIT_TEST,47,RANDOM,NO,4096,b95ecb710ed1196d580b0dbe2ea98cfb8758c22e66ddc0de2ce3670cbe042271,CIRCUITSAGE-HMAC-V2.2/12C-1F/VECTOR,0
48,secworks_chacha,INDEPENDENT_CIRCUIT_TEST,48,NIST_KAT,NO,4096,b426e508f47aaa827a7055fdc8910d06a6943230ba5de1f8fa57c0c1e83d5af9,CIRCUITSAGE-HMAC-V2.2/12C-1F/VECTOR,0
49,secworks_chacha,INDEPENDENT_CIRCUIT_TEST,49,ZERO,NO,4096,bae67960be278220acea267d019ac73b2abd05c24a27dad4052b9a1f24cd02d4,CIRCUITSAGE-HMAC-V2.2/12C-1F/VECTOR,0
50,secworks_chacha,INDEPENDENT_CIRCUIT_TEST,50,ONES,NO,4096,ef45552150e2047ed06206095c719ca061f056300412bb7221b4a7987519d0ef,CIRCUITSAGE-HMAC-V2.2/12C-1F/VECTOR,0
51,secworks_chacha,INDEPENDENT_CIRCUIT_TEST,51,COUNTING,NO,4096,a8114fbd423dc21b793235cf6bf79029df6b7b5b43092fc54407dde4db58b5f7,CIRCUITSAGE-HMAC-V2.2/12C-1F/VECTOR,0
52,secworks_chacha,INDEPENDENT_CIRCUIT_TEST,52,AVALANCHE,NO,4096,00921e9c83d3e0af4b3a87d66135bf5abdecb30c5f6a3523b62a601d409e36d0,CIRCUITSAGE-HMAC-V2.2/12C-1F/VECTOR,0
53,secworks_chacha,INDEPENDENT_CIRCUIT_TEST,53,RANDOM,NO,4096,5aa705b74924533b13446845736b95922343cbc1936343ef73a305e70bdf83a5,CIRCUITSAGE-HMAC-V2.2/12C-1F/VECTOR,0
54,secworks_chacha,INDEPENDENT_CIRCUIT_TEST,54,NIST_KAT,NO,4096,2a6c195ac28c8fbaeaaa079cf4f72da53c66670dc53a69eeadfdf1ce61c09926,CIRCUITSAGE-HMAC-V2.2/12C-1F/VECTOR,0
55,secworks_chacha,INDEPENDENT_CIRCUIT_TEST,55,ZERO,NO,4096,87b7565be54797db3c2bd7ad44ec74c73b687b5935b18c5efad49cfee818ff7d,CIRCUITSAGE-HMAC-V2.2/12C-1F/VECTOR,0
56,secworks_chacha,INDEPENDENT_CIRCUIT_TEST,56,ONES,NO,4096,8156b1f726ffa018a1414b83403cfa93a09bbead8ade069226bf204b9ee77ed4,CIRCUITSAGE-HMAC-V2.2/12C-1F/VECTOR,0
57,secworks_chacha,INDEPENDENT_CIRCUIT_TEST,57,COUNTING,NO,4096,ded9f7a21d1f147e842462db9fcda5c71bde0448c60d92288f0c150390c8c004,CIRCUITSAGE-HMAC-V2.2/12C-1F/VECTOR,0
58,secworks_chacha,INDEPENDENT_CIRCUIT_TEST,58,AVALANCHE,NO,4096,4b9d2f266c2027ff6647b4f230fc1216881793e348ec1046e047fee65d7c247b,CIRCUITSAGE-HMAC-V2.2/12C-1F/VECTOR,0
59,secworks_chacha,INDEPENDENT_CIRCUIT_TEST,59,RANDOM,NO,4096,1ae5daa3e10efd6d760ded4a9bb987fae12c8e154c6c07a6b2d5de77220c72a3,CIRCUITSAGE-HMAC-V2.2/12C-1F/VECTOR,0
60,secworks_chacha,INDEPENDENT_CIRCUIT_TEST,60,NIST_KAT,NO,4096,4d2857be07786e73a18c76a529dd6fb1b845704293223b8f5d6f9ef269e0c8a6,CIRCUITSAGE-HMAC-V2.2/12C-1F/VECTOR,0
61,secworks_chacha,INDEPENDENT_CIRCUIT_TEST,61,ZERO,NO,4096,adc65e44cb41d842087273bd19f89c3774a6fc65ddf2a1ba37e91b8fc2f92728,CIRCUITSAGE-HMAC-V2.2/12C-1F/VECTOR,0
62,secworks_chacha,INDEPENDENT_CIRCUIT_TEST,62,ONES,NO,4096,76fe93db7ec097202b02ebf993e6f9578502d767893101ec233927c71d2a097e,CIRCUITSAGE-HMAC-V2.2/12C-1F/VECTOR,0
63,secworks_chacha,INDEPENDENT_CIRCUIT_TEST,63,COUNTING,NO,4096,7b5efa9b7a5da42d5055cfcefec6954d94cc14bdca16c742aefbf515cde169ee,CIRCUITSAGE-HMAC-V2.2/12C-1F/VECTOR,0
