pilot_rank,site_id,site_index,repair_partition_rank,fault_polarities
0,HMAC-STEM-020594,20594,0,SA0|SA1
1,HMAC-STEM-022829,22829,1,SA0|SA1
2,HMAC-STEM-022132,22132,2,SA0|SA1
3,HMAC-STEM-021800,21800,3,SA0|SA1
4,HMAC-STEM-021655,21655,4,SA0|SA1
5,HMAC-STEM-019482,19482,5,SA0|SA1
6,HMAC-STEM-020800,20800,6,SA0|SA1
7,HMAC-STEM-009596,9596,7,SA0|SA1
8,HMAC-STEM-003487,3487,8,SA0|SA1
9,HMAC-STEM-014745,14745,9,SA0|SA1
10,HMAC-STEM-020557,20557,10,SA0|SA1
11,HMAC-STEM-021521,21521,11,SA0|SA1
12,HMAC-STEM-007867,7867,12,SA0|SA1
13,HMAC-STEM-002601,2601,13,SA0|SA1
14,HMAC-STEM-008245,8245,14,SA0|SA1
15,HMAC-STEM-001851,1851,15,SA0|SA1
16,HMAC-STEM-000364,364,16,SA0|SA1
17,HMAC-STEM-019721,19721,17,SA0|SA1
18,HMAC-STEM-001837,1837,18,SA0|SA1
19,HMAC-STEM-005565,5565,19,SA0|SA1
20,HMAC-STEM-006635,6635,20,SA0|SA1
21,HMAC-STEM-002896,2896,21,SA0|SA1
22,HMAC-STEM-006593,6593,22,SA0|SA1
23,HMAC-STEM-016693,16693,23,SA0|SA1
24,HMAC-STEM-001419,1419,24,SA0|SA1
25,HMAC-STEM-003591,3591,25,SA0|SA1
26,HMAC-STEM-019579,19579,26,SA0|SA1
27,HMAC-STEM-010080,10080,27,SA0|SA1
28,HMAC-STEM-017389,17389,28,SA0|SA1
29,HMAC-STEM-001398,1398,29,SA0|SA1
30,HMAC-STEM-000967,967,30,SA0|SA1
31,HMAC-STEM-007958,7958,31,SA0|SA1
32,HMAC-STEM-003811,3811,32,SA0|SA1
33,HMAC-STEM-001099,1099,33,SA0|SA1
34,HMAC-STEM-001464,1464,34,SA0|SA1
35,HMAC-STEM-012877,12877,35,SA0|SA1
36,HMAC-STEM-014029,14029,36,SA0|SA1
37,HMAC-STEM-015180,15180,37,SA0|SA1
38,HMAC-STEM-021465,21465,38,SA0|SA1
39,HMAC-STEM-020723,20723,39,SA0|SA1
40,HMAC-STEM-013577,13577,40,SA0|SA1
41,HMAC-STEM-002696,2696,41,SA0|SA1
42,HMAC-STEM-000205,205,42,SA0|SA1
43,HMAC-STEM-004060,4060,43,SA0|SA1
44,HMAC-STEM-012516,12516,44,SA0|SA1
45,HMAC-STEM-012584,12584,45,SA0|SA1
46,HMAC-STEM-019085,19085,46,SA0|SA1
47,HMAC-STEM-014988,14988,47,SA0|SA1
48,HMAC-STEM-006404,6404,48,SA0|SA1
49,HMAC-STEM-018494,18494,49,SA0|SA1
50,HMAC-STEM-005227,5227,50,SA0|SA1
51,HMAC-STEM-019199,19199,51,SA0|SA1
52,HMAC-STEM-007606,7606,52,SA0|SA1
53,HMAC-STEM-022189,22189,53,SA0|SA1
54,HMAC-STEM-017721,17721,54,SA0|SA1
55,HMAC-STEM-022172,22172,55,SA0|SA1
56,HMAC-STEM-014500,14500,56,SA0|SA1
57,HMAC-STEM-020181,20181,57,SA0|SA1
58,HMAC-STEM-014434,14434,58,SA0|SA1
59,HMAC-STEM-001823,1823,59,SA0|SA1
60,HMAC-STEM-022773,22773,60,SA0|SA1
61,HMAC-STEM-001595,1595,61,SA0|SA1
62,HMAC-STEM-019304,19304,62,SA0|SA1
63,HMAC-STEM-015699,15699,63,SA0|SA1
64,HMAC-STEM-007420,7420,64,SA0|SA1
65,HMAC-STEM-006711,6711,65,SA0|SA1
66,HMAC-STEM-022776,22776,66,SA0|SA1
67,HMAC-STEM-019290,19290,67,SA0|SA1
68,HMAC-STEM-016227,16227,68,SA0|SA1
69,HMAC-STEM-010055,10055,69,SA0|SA1
70,HMAC-STEM-015446,15446,70,SA0|SA1
71,HMAC-STEM-000565,565,71,SA0|SA1
72,HMAC-STEM-010249,10249,72,SA0|SA1
73,HMAC-STEM-002829,2829,73,SA0|SA1
74,HMAC-STEM-002243,2243,74,SA0|SA1
75,HMAC-STEM-005984,5984,75,SA0|SA1
76,HMAC-STEM-002274,2274,76,SA0|SA1
77,HMAC-STEM-000053,53,77,SA0|SA1
78,HMAC-STEM-005634,5634,78,SA0|SA1
79,HMAC-STEM-000955,955,79,SA0|SA1
80,HMAC-STEM-001288,1288,80,SA0|SA1
81,HMAC-STEM-018329,18329,81,SA0|SA1
82,HMAC-STEM-011307,11307,82,SA0|SA1
83,HMAC-STEM-017024,17024,83,SA0|SA1
84,HMAC-STEM-009745,9745,84,SA0|SA1
85,HMAC-STEM-010154,10154,85,SA0|SA1
86,HMAC-STEM-021685,21685,86,SA0|SA1
87,HMAC-STEM-013962,13962,87,SA0|SA1
88,HMAC-STEM-009538,9538,88,SA0|SA1
89,HMAC-STEM-019054,19054,89,SA0|SA1
90,HMAC-STEM-006816,6816,90,SA0|SA1
91,HMAC-STEM-004684,4684,91,SA0|SA1
92,HMAC-STEM-000789,789,92,SA0|SA1
93,HMAC-STEM-004699,4699,93,SA0|SA1
94,HMAC-STEM-001409,1409,94,SA0|SA1
95,HMAC-STEM-011080,11080,95,SA0|SA1
96,HMAC-STEM-011027,11027,96,SA0|SA1
97,HMAC-STEM-002048,2048,97,SA0|SA1
98,HMAC-STEM-021686,21686,98,SA0|SA1
99,HMAC-STEM-001407,1407,99,SA0|SA1
100,HMAC-STEM-005094,5094,100,SA0|SA1
101,HMAC-STEM-012988,12988,101,SA0|SA1
102,HMAC-STEM-007246,7246,102,SA0|SA1
103,HMAC-STEM-003138,3138,103,SA0|SA1
104,HMAC-STEM-007801,7801,104,SA0|SA1
105,HMAC-STEM-012352,12352,105,SA0|SA1
106,HMAC-STEM-021088,21088,106,SA0|SA1
107,HMAC-STEM-012910,12910,107,SA0|SA1
108,HMAC-STEM-002787,2787,108,SA0|SA1
109,HMAC-STEM-010096,10096,109,SA0|SA1
110,HMAC-STEM-008151,8151,110,SA0|SA1
111,HMAC-STEM-001543,1543,111,SA0|SA1
112,HMAC-STEM-015139,15139,112,SA0|SA1
113,HMAC-STEM-003403,3403,113,SA0|SA1
114,HMAC-STEM-016860,16860,114,SA0|SA1
115,HMAC-STEM-019202,19202,115,SA0|SA1
116,HMAC-STEM-008492,8492,116,SA0|SA1
117,HMAC-STEM-012253,12253,117,SA0|SA1
118,HMAC-STEM-016623,16623,118,SA0|SA1
119,HMAC-STEM-004794,4794,119,SA0|SA1
120,HMAC-STEM-009840,9840,120,SA0|SA1
121,HMAC-STEM-014739,14739,121,SA0|SA1
122,HMAC-STEM-002262,2262,122,SA0|SA1
123,HMAC-STEM-001242,1242,123,SA0|SA1
124,HMAC-STEM-004586,4586,124,SA0|SA1
125,HMAC-STEM-006734,6734,125,SA0|SA1
126,HMAC-STEM-006924,6924,126,SA0|SA1
127,HMAC-STEM-021411,21411,127,SA0|SA1
128,HMAC-STEM-008354,8354,128,SA0|SA1
129,HMAC-STEM-001482,1482,129,SA0|SA1
130,HMAC-STEM-018197,18197,130,SA0|SA1
131,HMAC-STEM-017049,17049,131,SA0|SA1
132,HMAC-STEM-002565,2565,132,SA0|SA1
133,HMAC-STEM-004487,4487,133,SA0|SA1
134,HMAC-STEM-007743,7743,134,SA0|SA1
135,HMAC-STEM-006714,6714,135,SA0|SA1
136,HMAC-STEM-003813,3813,136,SA0|SA1
137,HMAC-STEM-000273,273,137,SA0|SA1
138,HMAC-STEM-015590,15590,138,SA0|SA1
139,HMAC-STEM-005949,5949,139,SA0|SA1
140,HMAC-STEM-015958,15958,140,SA0|SA1
141,HMAC-STEM-015966,15966,141,SA0|SA1
142,HMAC-STEM-014155,14155,142,SA0|SA1
143,HMAC-STEM-006023,6023,143,SA0|SA1
144,HMAC-STEM-015824,15824,144,SA0|SA1
145,HMAC-STEM-018975,18975,145,SA0|SA1
146,HMAC-STEM-007733,7733,146,SA0|SA1
147,HMAC-STEM-008035,8035,147,SA0|SA1
148,HMAC-STEM-004988,4988,148,SA0|SA1
149,HMAC-STEM-012913,12913,149,SA0|SA1
150,HMAC-STEM-005535,5535,150,SA0|SA1
151,HMAC-STEM-005437,5437,151,SA0|SA1
152,HMAC-STEM-008714,8714,152,SA0|SA1
153,HMAC-STEM-021289,21289,153,SA0|SA1
154,HMAC-STEM-005586,5586,154,SA0|SA1
155,HMAC-STEM-013042,13042,155,SA0|SA1
156,HMAC-STEM-013574,13574,156,SA0|SA1
157,HMAC-STEM-022610,22610,157,SA0|SA1
158,HMAC-STEM-012714,12714,158,SA0|SA1
159,HMAC-STEM-003766,3766,159,SA0|SA1
160,HMAC-STEM-004405,4405,160,SA0|SA1
161,HMAC-STEM-006804,6804,161,SA0|SA1
162,HMAC-STEM-019846,19846,162,SA0|SA1
163,HMAC-STEM-019106,19106,163,SA0|SA1
164,HMAC-STEM-017791,17791,164,SA0|SA1
165,HMAC-STEM-010125,10125,165,SA0|SA1
166,HMAC-STEM-005287,5287,166,SA0|SA1
167,HMAC-STEM-017284,17284,167,SA0|SA1
168,HMAC-STEM-007637,7637,168,SA0|SA1
169,HMAC-STEM-001086,1086,169,SA0|SA1
170,HMAC-STEM-012031,12031,170,SA0|SA1
171,HMAC-STEM-019254,19254,171,SA0|SA1
172,HMAC-STEM-010618,10618,172,SA0|SA1
173,HMAC-STEM-019400,19400,173,SA0|SA1
174,HMAC-STEM-021373,21373,174,SA0|SA1
175,HMAC-STEM-002698,2698,175,SA0|SA1
176,HMAC-STEM-011382,11382,176,SA0|SA1
177,HMAC-STEM-010069,10069,177,SA0|SA1
178,HMAC-STEM-011598,11598,178,SA0|SA1
179,HMAC-STEM-017029,17029,179,SA0|SA1
180,HMAC-STEM-011094,11094,180,SA0|SA1
181,HMAC-STEM-005034,5034,181,SA0|SA1
182,HMAC-STEM-008999,8999,182,SA0|SA1
183,HMAC-STEM-010068,10068,183,SA0|SA1
184,HMAC-STEM-000963,963,184,SA0|SA1
185,HMAC-STEM-005267,5267,185,SA0|SA1
186,HMAC-STEM-011232,11232,186,SA0|SA1
187,HMAC-STEM-014448,14448,187,SA0|SA1
188,HMAC-STEM-015472,15472,188,SA0|SA1
189,HMAC-STEM-003191,3191,189,SA0|SA1
190,HMAC-STEM-008735,8735,190,SA0|SA1
191,HMAC-STEM-010244,10244,191,SA0|SA1
192,HMAC-STEM-017788,17788,192,SA0|SA1
193,HMAC-STEM-005127,5127,193,SA0|SA1
194,HMAC-STEM-010639,10639,194,SA0|SA1
195,HMAC-STEM-021847,21847,195,SA0|SA1
196,HMAC-STEM-016299,16299,196,SA0|SA1
197,HMAC-STEM-021237,21237,197,SA0|SA1
198,HMAC-STEM-016027,16027,198,SA0|SA1
199,HMAC-STEM-008595,8595,199,SA0|SA1
200,HMAC-STEM-014141,14141,200,SA0|SA1
201,HMAC-STEM-000629,629,201,SA0|SA1
202,HMAC-STEM-014962,14962,202,SA0|SA1
203,HMAC-STEM-002360,2360,203,SA0|SA1
204,HMAC-STEM-007244,7244,204,SA0|SA1
205,HMAC-STEM-014125,14125,205,SA0|SA1
206,HMAC-STEM-010076,10076,206,SA0|SA1
207,HMAC-STEM-005440,5440,207,SA0|SA1
208,HMAC-STEM-019643,19643,208,SA0|SA1
209,HMAC-STEM-021506,21506,209,SA0|SA1
210,HMAC-STEM-011275,11275,210,SA0|SA1
211,HMAC-STEM-012679,12679,211,SA0|SA1
212,HMAC-STEM-002442,2442,212,SA0|SA1
213,HMAC-STEM-002762,2762,213,SA0|SA1
214,HMAC-STEM-012266,12266,214,SA0|SA1
215,HMAC-STEM-007943,7943,215,SA0|SA1
216,HMAC-STEM-012654,12654,216,SA0|SA1
217,HMAC-STEM-017509,17509,217,SA0|SA1
218,HMAC-STEM-019705,19705,218,SA0|SA1
219,HMAC-STEM-021605,21605,219,SA0|SA1
220,HMAC-STEM-016339,16339,220,SA0|SA1
221,HMAC-STEM-003127,3127,221,SA0|SA1
222,HMAC-STEM-007851,7851,222,SA0|SA1
223,HMAC-STEM-006562,6562,223,SA0|SA1
224,HMAC-STEM-007144,7144,224,SA0|SA1
225,HMAC-STEM-004400,4400,225,SA0|SA1
226,HMAC-STEM-004563,4563,226,SA0|SA1
227,HMAC-STEM-014888,14888,227,SA0|SA1
228,HMAC-STEM-009487,9487,228,SA0|SA1
229,HMAC-STEM-007194,7194,229,SA0|SA1
230,HMAC-STEM-019156,19156,230,SA0|SA1
231,HMAC-STEM-003280,3280,231,SA0|SA1
232,HMAC-STEM-017970,17970,232,SA0|SA1
233,HMAC-STEM-014990,14990,233,SA0|SA1
234,HMAC-STEM-008529,8529,234,SA0|SA1
235,HMAC-STEM-014783,14783,235,SA0|SA1
236,HMAC-STEM-021587,21587,236,SA0|SA1
237,HMAC-STEM-018560,18560,237,SA0|SA1
238,HMAC-STEM-014686,14686,238,SA0|SA1
239,HMAC-STEM-000116,116,239,SA0|SA1
240,HMAC-STEM-020486,20486,240,SA0|SA1
241,HMAC-STEM-016189,16189,241,SA0|SA1
242,HMAC-STEM-008166,8166,242,SA0|SA1
243,HMAC-STEM-017364,17364,243,SA0|SA1
244,HMAC-STEM-012535,12535,244,SA0|SA1
245,HMAC-STEM-016906,16906,245,SA0|SA1
246,HMAC-STEM-014677,14677,246,SA0|SA1
247,HMAC-STEM-019817,19817,247,SA0|SA1
248,HMAC-STEM-020630,20630,248,SA0|SA1
249,HMAC-STEM-001927,1927,249,SA0|SA1
250,HMAC-STEM-004287,4287,250,SA0|SA1
251,HMAC-STEM-011679,11679,251,SA0|SA1
252,HMAC-STEM-018138,18138,252,SA0|SA1
253,HMAC-STEM-005143,5143,253,SA0|SA1
254,HMAC-STEM-010194,10194,254,SA0|SA1
255,HMAC-STEM-000324,324,255,SA0|SA1
256,HMAC-STEM-000660,660,256,SA0|SA1
257,HMAC-STEM-021349,21349,257,SA0|SA1
258,HMAC-STEM-001110,1110,258,SA0|SA1
259,HMAC-STEM-022665,22665,259,SA0|SA1
260,HMAC-STEM-019043,19043,260,SA0|SA1
261,HMAC-STEM-015812,15812,261,SA0|SA1
262,HMAC-STEM-001365,1365,262,SA0|SA1
263,HMAC-STEM-007236,7236,263,SA0|SA1
264,HMAC-STEM-021796,21796,264,SA0|SA1
265,HMAC-STEM-021696,21696,265,SA0|SA1
266,HMAC-STEM-015058,15058,266,SA0|SA1
267,HMAC-STEM-019888,19888,267,SA0|SA1
268,HMAC-STEM-021829,21829,268,SA0|SA1
269,HMAC-STEM-001285,1285,269,SA0|SA1
270,HMAC-STEM-008929,8929,270,SA0|SA1
271,HMAC-STEM-021502,21502,271,SA0|SA1
272,HMAC-STEM-012094,12094,272,SA0|SA1
273,HMAC-STEM-020147,20147,273,SA0|SA1
274,HMAC-STEM-011062,11062,274,SA0|SA1
275,HMAC-STEM-007972,7972,275,SA0|SA1
276,HMAC-STEM-007477,7477,276,SA0|SA1
277,HMAC-STEM-008399,8399,277,SA0|SA1
278,HMAC-STEM-000954,954,278,SA0|SA1
279,HMAC-STEM-010541,10541,279,SA0|SA1
280,HMAC-STEM-021234,21234,280,SA0|SA1
281,HMAC-STEM-017087,17087,281,SA0|SA1
282,HMAC-STEM-004049,4049,282,SA0|SA1
283,HMAC-STEM-016628,16628,283,SA0|SA1
284,HMAC-STEM-007330,7330,284,SA0|SA1
285,HMAC-STEM-008372,8372,285,SA0|SA1
286,HMAC-STEM-014148,14148,286,SA0|SA1
287,HMAC-STEM-004771,4771,287,SA0|SA1
288,HMAC-STEM-000164,164,288,SA0|SA1
289,HMAC-STEM-017111,17111,289,SA0|SA1
290,HMAC-STEM-006699,6699,290,SA0|SA1
291,HMAC-STEM-017516,17516,291,SA0|SA1
292,HMAC-STEM-015238,15238,292,SA0|SA1
293,HMAC-STEM-016897,16897,293,SA0|SA1
294,HMAC-STEM-003055,3055,294,SA0|SA1
295,HMAC-STEM-006090,6090,295,SA0|SA1
296,HMAC-STEM-000892,892,296,SA0|SA1
297,HMAC-STEM-015267,15267,297,SA0|SA1
298,HMAC-STEM-000604,604,298,SA0|SA1
299,HMAC-STEM-009904,9904,299,SA0|SA1
300,HMAC-STEM-015304,15304,300,SA0|SA1
301,HMAC-STEM-016390,16390,301,SA0|SA1
302,HMAC-STEM-004239,4239,302,SA0|SA1
303,HMAC-STEM-003552,3552,303,SA0|SA1
304,HMAC-STEM-007125,7125,304,SA0|SA1
305,HMAC-STEM-002397,2397,305,SA0|SA1
306,HMAC-STEM-007428,7428,306,SA0|SA1
307,HMAC-STEM-001233,1233,307,SA0|SA1
308,HMAC-STEM-007103,7103,308,SA0|SA1
309,HMAC-STEM-012353,12353,309,SA0|SA1
310,HMAC-STEM-007179,7179,310,SA0|SA1
311,HMAC-STEM-014794,14794,311,SA0|SA1
312,HMAC-STEM-003224,3224,312,SA0|SA1
313,HMAC-STEM-015033,15033,313,SA0|SA1
314,HMAC-STEM-014349,14349,314,SA0|SA1
315,HMAC-STEM-008441,8441,315,SA0|SA1
316,HMAC-STEM-008935,8935,316,SA0|SA1
317,HMAC-STEM-014586,14586,317,SA0|SA1
318,HMAC-STEM-002057,2057,318,SA0|SA1
319,HMAC-STEM-012602,12602,319,SA0|SA1
320,HMAC-STEM-002932,2932,320,SA0|SA1
321,HMAC-STEM-016019,16019,321,SA0|SA1
322,HMAC-STEM-021315,21315,322,SA0|SA1
323,HMAC-STEM-015012,15012,323,SA0|SA1
324,HMAC-STEM-005312,5312,324,SA0|SA1
325,HMAC-STEM-016698,16698,325,SA0|SA1
326,HMAC-STEM-000758,758,326,SA0|SA1
327,HMAC-STEM-009409,9409,327,SA0|SA1
328,HMAC-STEM-006070,6070,328,SA0|SA1
329,HMAC-STEM-005659,5659,329,SA0|SA1
330,HMAC-STEM-001844,1844,330,SA0|SA1
331,HMAC-STEM-001370,1370,331,SA0|SA1
332,HMAC-STEM-021014,21014,332,SA0|SA1
333,HMAC-STEM-001334,1334,333,SA0|SA1
334,HMAC-STEM-006127,6127,334,SA0|SA1
335,HMAC-STEM-004184,4184,335,SA0|SA1
336,HMAC-STEM-015389,15389,336,SA0|SA1
337,HMAC-STEM-005690,5690,337,SA0|SA1
338,HMAC-STEM-003498,3498,338,SA0|SA1
339,HMAC-STEM-012908,12908,339,SA0|SA1
340,HMAC-STEM-019181,19181,340,SA0|SA1
341,HMAC-STEM-004196,4196,341,SA0|SA1
342,HMAC-STEM-011523,11523,342,SA0|SA1
343,HMAC-STEM-015500,15500,343,SA0|SA1
344,HMAC-STEM-011456,11456,344,SA0|SA1
345,HMAC-STEM-001584,1584,345,SA0|SA1
346,HMAC-STEM-004001,4001,346,SA0|SA1
347,HMAC-STEM-013280,13280,347,SA0|SA1
348,HMAC-STEM-000524,524,348,SA0|SA1
349,HMAC-STEM-004840,4840,349,SA0|SA1
350,HMAC-STEM-001432,1432,350,SA0|SA1
351,HMAC-STEM-018831,18831,351,SA0|SA1
352,HMAC-STEM-002281,2281,352,SA0|SA1
353,HMAC-STEM-021798,21798,353,SA0|SA1
354,HMAC-STEM-000671,671,354,SA0|SA1
355,HMAC-STEM-000677,677,355,SA0|SA1
356,HMAC-STEM-010875,10875,356,SA0|SA1
357,HMAC-STEM-002652,2652,357,SA0|SA1
358,HMAC-STEM-005777,5777,358,SA0|SA1
359,HMAC-STEM-007503,7503,359,SA0|SA1
360,HMAC-STEM-021086,21086,360,SA0|SA1
361,HMAC-STEM-013405,13405,361,SA0|SA1
362,HMAC-STEM-009303,9303,362,SA0|SA1
363,HMAC-STEM-004870,4870,363,SA0|SA1
364,HMAC-STEM-012727,12727,364,SA0|SA1
365,HMAC-STEM-016892,16892,365,SA0|SA1
366,HMAC-STEM-000188,188,366,SA0|SA1
367,HMAC-STEM-010056,10056,367,SA0|SA1
368,HMAC-STEM-018262,18262,368,SA0|SA1
369,HMAC-STEM-016430,16430,369,SA0|SA1
370,HMAC-STEM-011898,11898,370,SA0|SA1
371,HMAC-STEM-002955,2955,371,SA0|SA1
372,HMAC-STEM-001368,1368,372,SA0|SA1
373,HMAC-STEM-018667,18667,373,SA0|SA1
374,HMAC-STEM-003985,3985,374,SA0|SA1
375,HMAC-STEM-002907,2907,375,SA0|SA1
376,HMAC-STEM-013221,13221,376,SA0|SA1
377,HMAC-STEM-010119,10119,377,SA0|SA1
378,HMAC-STEM-002432,2432,378,SA0|SA1
379,HMAC-STEM-019187,19187,379,SA0|SA1
380,HMAC-STEM-000057,57,380,SA0|SA1
381,HMAC-STEM-009170,9170,381,SA0|SA1
382,HMAC-STEM-001025,1025,382,SA0|SA1
383,HMAC-STEM-021196,21196,383,SA0|SA1
384,HMAC-STEM-012150,12150,384,SA0|SA1
385,HMAC-STEM-014000,14000,385,SA0|SA1
386,HMAC-STEM-010497,10497,386,SA0|SA1
387,HMAC-STEM-018461,18461,387,SA0|SA1
388,HMAC-STEM-006691,6691,388,SA0|SA1
389,HMAC-STEM-014255,14255,389,SA0|SA1
390,HMAC-STEM-001519,1519,390,SA0|SA1
391,HMAC-STEM-012880,12880,391,SA0|SA1
392,HMAC-STEM-018979,18979,392,SA0|SA1
393,HMAC-STEM-016668,16668,393,SA0|SA1
394,HMAC-STEM-021529,21529,394,SA0|SA1
395,HMAC-STEM-016900,16900,395,SA0|SA1
396,HMAC-STEM-000721,721,396,SA0|SA1
397,HMAC-STEM-020257,20257,397,SA0|SA1
398,HMAC-STEM-014212,14212,398,SA0|SA1
399,HMAC-STEM-016837,16837,399,SA0|SA1
400,HMAC-STEM-017201,17201,400,SA0|SA1
401,HMAC-STEM-007921,7921,401,SA0|SA1
402,HMAC-STEM-018580,18580,402,SA0|SA1
403,HMAC-STEM-004389,4389,403,SA0|SA1
404,HMAC-STEM-009050,9050,404,SA0|SA1
405,HMAC-STEM-002007,2007,405,SA0|SA1
406,HMAC-STEM-016184,16184,406,SA0|SA1
407,HMAC-STEM-008814,8814,407,SA0|SA1
408,HMAC-STEM-021495,21495,408,SA0|SA1
409,HMAC-STEM-009016,9016,409,SA0|SA1
410,HMAC-STEM-019460,19460,410,SA0|SA1
411,HMAC-STEM-019511,19511,411,SA0|SA1
412,HMAC-STEM-004159,4159,412,SA0|SA1
413,HMAC-STEM-019985,19985,413,SA0|SA1
414,HMAC-STEM-007100,7100,414,SA0|SA1
415,HMAC-STEM-011146,11146,415,SA0|SA1
416,HMAC-STEM-006524,6524,416,SA0|SA1
417,HMAC-STEM-016393,16393,417,SA0|SA1
418,HMAC-STEM-022513,22513,418,SA0|SA1
419,HMAC-STEM-001685,1685,419,SA0|SA1
420,HMAC-STEM-008635,8635,420,SA0|SA1
421,HMAC-STEM-007337,7337,421,SA0|SA1
422,HMAC-STEM-013813,13813,422,SA0|SA1
423,HMAC-STEM-004454,4454,423,SA0|SA1
424,HMAC-STEM-018153,18153,424,SA0|SA1
425,HMAC-STEM-016557,16557,425,SA0|SA1
426,HMAC-STEM-019080,19080,426,SA0|SA1
427,HMAC-STEM-008014,8014,427,SA0|SA1
428,HMAC-STEM-009944,9944,428,SA0|SA1
429,HMAC-STEM-017304,17304,429,SA0|SA1
430,HMAC-STEM-013502,13502,430,SA0|SA1
431,HMAC-STEM-020765,20765,431,SA0|SA1
432,HMAC-STEM-004092,4092,432,SA0|SA1
433,HMAC-STEM-004156,4156,433,SA0|SA1
434,HMAC-STEM-017861,17861,434,SA0|SA1
435,HMAC-STEM-006683,6683,435,SA0|SA1
436,HMAC-STEM-007787,7787,436,SA0|SA1
437,HMAC-STEM-005845,5845,437,SA0|SA1
438,HMAC-STEM-004504,4504,438,SA0|SA1
439,HMAC-STEM-005682,5682,439,SA0|SA1
440,HMAC-STEM-018311,18311,440,SA0|SA1
441,HMAC-STEM-009804,9804,441,SA0|SA1
442,HMAC-STEM-000266,266,442,SA0|SA1
443,HMAC-STEM-004033,4033,443,SA0|SA1
444,HMAC-STEM-015069,15069,444,SA0|SA1
445,HMAC-STEM-015992,15992,445,SA0|SA1
446,HMAC-STEM-008181,8181,446,SA0|SA1
447,HMAC-STEM-002100,2100,447,SA0|SA1
448,HMAC-STEM-008607,8607,448,SA0|SA1
449,HMAC-STEM-017256,17256,449,SA0|SA1
450,HMAC-STEM-000223,223,450,SA0|SA1
451,HMAC-STEM-013175,13175,451,SA0|SA1
452,HMAC-STEM-000296,296,452,SA0|SA1
453,HMAC-STEM-013194,13194,453,SA0|SA1
454,HMAC-STEM-018053,18053,454,SA0|SA1
455,HMAC-STEM-018548,18548,455,SA0|SA1
456,HMAC-STEM-019564,19564,456,SA0|SA1
457,HMAC-STEM-006006,6006,457,SA0|SA1
458,HMAC-STEM-006051,6051,458,SA0|SA1
459,HMAC-STEM-004798,4798,459,SA0|SA1
460,HMAC-STEM-000953,953,460,SA0|SA1
461,HMAC-STEM-006806,6806,461,SA0|SA1
462,HMAC-STEM-003218,3218,462,SA0|SA1
463,HMAC-STEM-020065,20065,463,SA0|SA1
464,HMAC-STEM-007086,7086,464,SA0|SA1
465,HMAC-STEM-016851,16851,465,SA0|SA1
466,HMAC-STEM-011612,11612,466,SA0|SA1
467,HMAC-STEM-004540,4540,467,SA0|SA1
468,HMAC-STEM-018967,18967,468,SA0|SA1
469,HMAC-STEM-002215,2215,469,SA0|SA1
470,HMAC-STEM-016084,16084,470,SA0|SA1
471,HMAC-STEM-010375,10375,471,SA0|SA1
472,HMAC-STEM-018518,18518,472,SA0|SA1
473,HMAC-STEM-005764,5764,473,SA0|SA1
474,HMAC-STEM-019354,19354,474,SA0|SA1
475,HMAC-STEM-021546,21546,475,SA0|SA1
476,HMAC-STEM-007431,7431,476,SA0|SA1
477,HMAC-STEM-003538,3538,477,SA0|SA1
478,HMAC-STEM-007024,7024,478,SA0|SA1
479,HMAC-STEM-011513,11513,479,SA0|SA1
480,HMAC-STEM-009666,9666,480,SA0|SA1
481,HMAC-STEM-019474,19474,481,SA0|SA1
482,HMAC-STEM-012612,12612,482,SA0|SA1
483,HMAC-STEM-009593,9593,483,SA0|SA1
484,HMAC-STEM-012340,12340,484,SA0|SA1
485,HMAC-STEM-021064,21064,485,SA0|SA1
486,HMAC-STEM-001821,1821,486,SA0|SA1
487,HMAC-STEM-004762,4762,487,SA0|SA1
488,HMAC-STEM-022494,22494,488,SA0|SA1
489,HMAC-STEM-011426,11426,489,SA0|SA1
490,HMAC-STEM-020980,20980,490,SA0|SA1
491,HMAC-STEM-010603,10603,491,SA0|SA1
492,HMAC-STEM-000782,782,492,SA0|SA1
493,HMAC-STEM-002081,2081,493,SA0|SA1
494,HMAC-STEM-009941,9941,494,SA0|SA1
495,HMAC-STEM-015166,15166,495,SA0|SA1
496,HMAC-STEM-007888,7888,496,SA0|SA1
497,HMAC-STEM-020309,20309,497,SA0|SA1
498,HMAC-STEM-018034,18034,498,SA0|SA1
499,HMAC-STEM-004903,4903,499,SA0|SA1
500,HMAC-STEM-002237,2237,500,SA0|SA1
501,HMAC-STEM-012757,12757,501,SA0|SA1
502,HMAC-STEM-000497,497,502,SA0|SA1
503,HMAC-STEM-019568,19568,503,SA0|SA1
504,HMAC-STEM-014057,14057,504,SA0|SA1
505,HMAC-STEM-000978,978,505,SA0|SA1
506,HMAC-STEM-018954,18954,506,SA0|SA1
507,HMAC-STEM-004888,4888,507,SA0|SA1
508,HMAC-STEM-005710,5710,508,SA0|SA1
509,HMAC-STEM-014574,14574,509,SA0|SA1
510,HMAC-STEM-017242,17242,510,SA0|SA1
511,HMAC-STEM-010354,10354,511,SA0|SA1
512,HMAC-STEM-003328,3328,512,SA0|SA1
513,HMAC-STEM-014795,14795,513,SA0|SA1
514,HMAC-STEM-005606,5606,514,SA0|SA1
515,HMAC-STEM-013672,13672,515,SA0|SA1
516,HMAC-STEM-003188,3188,516,SA0|SA1
517,HMAC-STEM-011102,11102,517,SA0|SA1
518,HMAC-STEM-013553,13553,518,SA0|SA1
519,HMAC-STEM-013217,13217,519,SA0|SA1
520,HMAC-STEM-022297,22297,520,SA0|SA1
521,HMAC-STEM-016942,16942,521,SA0|SA1
522,HMAC-STEM-014352,14352,522,SA0|SA1
523,HMAC-STEM-017875,17875,523,SA0|SA1
524,HMAC-STEM-004032,4032,524,SA0|SA1
525,HMAC-STEM-021018,21018,525,SA0|SA1
526,HMAC-STEM-015719,15719,526,SA0|SA1
527,HMAC-STEM-006202,6202,527,SA0|SA1
528,HMAC-STEM-015322,15322,528,SA0|SA1
529,HMAC-STEM-014572,14572,529,SA0|SA1
530,HMAC-STEM-009660,9660,530,SA0|SA1
531,HMAC-STEM-008528,8528,531,SA0|SA1
532,HMAC-STEM-003378,3378,532,SA0|SA1
533,HMAC-STEM-002206,2206,533,SA0|SA1
534,HMAC-STEM-019904,19904,534,SA0|SA1
535,HMAC-STEM-000097,97,535,SA0|SA1
536,HMAC-STEM-002679,2679,536,SA0|SA1
537,HMAC-STEM-015885,15885,537,SA0|SA1
538,HMAC-STEM-008817,8817,538,SA0|SA1
539,HMAC-STEM-011536,11536,539,SA0|SA1
540,HMAC-STEM-014970,14970,540,SA0|SA1
541,HMAC-STEM-013626,13626,541,SA0|SA1
542,HMAC-STEM-010246,10246,542,SA0|SA1
543,HMAC-STEM-004921,4921,543,SA0|SA1
544,HMAC-STEM-013229,13229,544,SA0|SA1
545,HMAC-STEM-009911,9911,545,SA0|SA1
546,HMAC-STEM-011432,11432,546,SA0|SA1
547,HMAC-STEM-016717,16717,547,SA0|SA1
548,HMAC-STEM-003950,3950,548,SA0|SA1
549,HMAC-STEM-002546,2546,549,SA0|SA1
550,HMAC-STEM-019979,19979,550,SA0|SA1
551,HMAC-STEM-016876,16876,551,SA0|SA1
552,HMAC-STEM-006980,6980,552,SA0|SA1
553,HMAC-STEM-010505,10505,553,SA0|SA1
554,HMAC-STEM-020592,20592,554,SA0|SA1
555,HMAC-STEM-002824,2824,555,SA0|SA1
556,HMAC-STEM-012765,12765,556,SA0|SA1
557,HMAC-STEM-021682,21682,557,SA0|SA1
558,HMAC-STEM-015732,15732,558,SA0|SA1
559,HMAC-STEM-006790,6790,559,SA0|SA1
560,HMAC-STEM-010432,10432,560,SA0|SA1
561,HMAC-STEM-017286,17286,561,SA0|SA1
562,HMAC-STEM-016953,16953,562,SA0|SA1
563,HMAC-STEM-021852,21852,563,SA0|SA1
564,HMAC-STEM-004426,4426,564,SA0|SA1
565,HMAC-STEM-014102,14102,565,SA0|SA1
566,HMAC-STEM-001417,1417,566,SA0|SA1
567,HMAC-STEM-004576,4576,567,SA0|SA1
568,HMAC-STEM-005930,5930,568,SA0|SA1
569,HMAC-STEM-001691,1691,569,SA0|SA1
570,HMAC-STEM-002831,2831,570,SA0|SA1
571,HMAC-STEM-004550,4550,571,SA0|SA1
572,HMAC-STEM-012820,12820,572,SA0|SA1
573,HMAC-STEM-021608,21608,573,SA0|SA1
574,HMAC-STEM-002059,2059,574,SA0|SA1
575,HMAC-STEM-018589,18589,575,SA0|SA1
576,HMAC-STEM-008466,8466,576,SA0|SA1
577,HMAC-STEM-021449,21449,577,SA0|SA1
578,HMAC-STEM-006584,6584,578,SA0|SA1
579,HMAC-STEM-008546,8546,579,SA0|SA1
580,HMAC-STEM-004958,4958,580,SA0|SA1
581,HMAC-STEM-011256,11256,581,SA0|SA1
582,HMAC-STEM-011358,11358,582,SA0|SA1
583,HMAC-STEM-008467,8467,583,SA0|SA1
584,HMAC-STEM-003133,3133,584,SA0|SA1
585,HMAC-STEM-011234,11234,585,SA0|SA1
586,HMAC-STEM-014653,14653,586,SA0|SA1
587,HMAC-STEM-015378,15378,587,SA0|SA1
588,HMAC-STEM-011705,11705,588,SA0|SA1
589,HMAC-STEM-007767,7767,589,SA0|SA1
590,HMAC-STEM-018205,18205,590,SA0|SA1
591,HMAC-STEM-012558,12558,591,SA0|SA1
592,HMAC-STEM-020118,20118,592,SA0|SA1
593,HMAC-STEM-019483,19483,593,SA0|SA1
594,HMAC-STEM-009188,9188,594,SA0|SA1
595,HMAC-STEM-013404,13404,595,SA0|SA1
596,HMAC-STEM-013034,13034,596,SA0|SA1
597,HMAC-STEM-010141,10141,597,SA0|SA1
598,HMAC-STEM-022014,22014,598,SA0|SA1
599,HMAC-STEM-001916,1916,599,SA0|SA1
600,HMAC-STEM-008981,8981,600,SA0|SA1
601,HMAC-STEM-013892,13892,601,SA0|SA1
602,HMAC-STEM-006879,6879,602,SA0|SA1
603,HMAC-STEM-011923,11923,603,SA0|SA1
604,HMAC-STEM-022554,22554,604,SA0|SA1
605,HMAC-STEM-014124,14124,605,SA0|SA1
606,HMAC-STEM-020991,20991,606,SA0|SA1
607,HMAC-STEM-021464,21464,607,SA0|SA1
608,HMAC-STEM-005329,5329,608,SA0|SA1
609,HMAC-STEM-006671,6671,609,SA0|SA1
610,HMAC-STEM-013907,13907,610,SA0|SA1
611,HMAC-STEM-019135,19135,611,SA0|SA1
612,HMAC-STEM-022469,22469,612,SA0|SA1
613,HMAC-STEM-021563,21563,613,SA0|SA1
614,HMAC-STEM-015435,15435,614,SA0|SA1
615,HMAC-STEM-004425,4425,615,SA0|SA1
616,HMAC-STEM-022414,22414,616,SA0|SA1
617,HMAC-STEM-007332,7332,617,SA0|SA1
618,HMAC-STEM-001984,1984,618,SA0|SA1
619,HMAC-STEM-017025,17025,619,SA0|SA1
620,HMAC-STEM-016620,16620,620,SA0|SA1
621,HMAC-STEM-000304,304,621,SA0|SA1
622,HMAC-STEM-006996,6996,622,SA0|SA1
623,HMAC-STEM-000027,27,623,SA0|SA1
624,HMAC-STEM-004465,4465,624,SA0|SA1
625,HMAC-STEM-011103,11103,625,SA0|SA1
626,HMAC-STEM-000817,817,626,SA0|SA1
627,HMAC-STEM-015768,15768,627,SA0|SA1
628,HMAC-STEM-006335,6335,628,SA0|SA1
629,HMAC-STEM-010839,10839,629,SA0|SA1
630,HMAC-STEM-018710,18710,630,SA0|SA1
631,HMAC-STEM-021035,21035,631,SA0|SA1
632,HMAC-STEM-015605,15605,632,SA0|SA1
633,HMAC-STEM-003427,3427,633,SA0|SA1
634,HMAC-STEM-006330,6330,634,SA0|SA1
635,HMAC-STEM-018400,18400,635,SA0|SA1
636,HMAC-STEM-013223,13223,636,SA0|SA1
637,HMAC-STEM-020504,20504,637,SA0|SA1
638,HMAC-STEM-010930,10930,638,SA0|SA1
639,HMAC-STEM-015803,15803,639,SA0|SA1
640,HMAC-STEM-015597,15597,640,SA0|SA1
641,HMAC-STEM-008396,8396,641,SA0|SA1
642,HMAC-STEM-017660,17660,642,SA0|SA1
643,HMAC-STEM-006869,6869,643,SA0|SA1
644,HMAC-STEM-010270,10270,644,SA0|SA1
645,HMAC-STEM-009910,9910,645,SA0|SA1
646,HMAC-STEM-010108,10108,646,SA0|SA1
647,HMAC-STEM-009397,9397,647,SA0|SA1
648,HMAC-STEM-016375,16375,648,SA0|SA1
649,HMAC-STEM-022449,22449,649,SA0|SA1
650,HMAC-STEM-016931,16931,650,SA0|SA1
651,HMAC-STEM-006892,6892,651,SA0|SA1
652,HMAC-STEM-014296,14296,652,SA0|SA1
653,HMAC-STEM-012645,12645,653,SA0|SA1
654,HMAC-STEM-015370,15370,654,SA0|SA1
655,HMAC-STEM-017561,17561,655,SA0|SA1
656,HMAC-STEM-019708,19708,656,SA0|SA1
657,HMAC-STEM-015278,15278,657,SA0|SA1
658,HMAC-STEM-016875,16875,658,SA0|SA1
659,HMAC-STEM-007043,7043,659,SA0|SA1
660,HMAC-STEM-022646,22646,660,SA0|SA1
661,HMAC-STEM-005753,5753,661,SA0|SA1
662,HMAC-STEM-014660,14660,662,SA0|SA1
663,HMAC-STEM-018193,18193,663,SA0|SA1
664,HMAC-STEM-001070,1070,664,SA0|SA1
665,HMAC-STEM-010758,10758,665,SA0|SA1
666,HMAC-STEM-019013,19013,666,SA0|SA1
667,HMAC-STEM-019305,19305,667,SA0|SA1
668,HMAC-STEM-010039,10039,668,SA0|SA1
669,HMAC-STEM-022134,22134,669,SA0|SA1
670,HMAC-STEM-003267,3267,670,SA0|SA1
671,HMAC-STEM-015468,15468,671,SA0|SA1
672,HMAC-STEM-007519,7519,672,SA0|SA1
673,HMAC-STEM-002306,2306,673,SA0|SA1
674,HMAC-STEM-017849,17849,674,SA0|SA1
675,HMAC-STEM-022736,22736,675,SA0|SA1
676,HMAC-STEM-022238,22238,676,SA0|SA1
677,HMAC-STEM-012899,12899,677,SA0|SA1
678,HMAC-STEM-006461,6461,678,SA0|SA1
679,HMAC-STEM-014270,14270,679,SA0|SA1
680,HMAC-STEM-016946,16946,680,SA0|SA1
681,HMAC-STEM-017403,17403,681,SA0|SA1
682,HMAC-STEM-010025,10025,682,SA0|SA1
683,HMAC-STEM-000893,893,683,SA0|SA1
684,HMAC-STEM-006331,6331,684,SA0|SA1
685,HMAC-STEM-010003,10003,685,SA0|SA1
686,HMAC-STEM-002947,2947,686,SA0|SA1
687,HMAC-STEM-007049,7049,687,SA0|SA1
688,HMAC-STEM-022605,22605,688,SA0|SA1
689,HMAC-STEM-004648,4648,689,SA0|SA1
690,HMAC-STEM-018332,18332,690,SA0|SA1
691,HMAC-STEM-014815,14815,691,SA0|SA1
692,HMAC-STEM-014629,14629,692,SA0|SA1
693,HMAC-STEM-002105,2105,693,SA0|SA1
694,HMAC-STEM-003443,3443,694,SA0|SA1
695,HMAC-STEM-020361,20361,695,SA0|SA1
696,HMAC-STEM-022162,22162,696,SA0|SA1
697,HMAC-STEM-020140,20140,697,SA0|SA1
698,HMAC-STEM-014961,14961,698,SA0|SA1
699,HMAC-STEM-014570,14570,699,SA0|SA1
700,HMAC-STEM-017239,17239,700,SA0|SA1
701,HMAC-STEM-006095,6095,701,SA0|SA1
702,HMAC-STEM-016716,16716,702,SA0|SA1
703,HMAC-STEM-010617,10617,703,SA0|SA1
704,HMAC-STEM-019044,19044,704,SA0|SA1
705,HMAC-STEM-010232,10232,705,SA0|SA1
706,HMAC-STEM-019364,19364,706,SA0|SA1
707,HMAC-STEM-015332,15332,707,SA0|SA1
708,HMAC-STEM-020042,20042,708,SA0|SA1
709,HMAC-STEM-001995,1995,709,SA0|SA1
710,HMAC-STEM-015714,15714,710,SA0|SA1
711,HMAC-STEM-005019,5019,711,SA0|SA1
712,HMAC-STEM-000230,230,712,SA0|SA1
713,HMAC-STEM-020037,20037,713,SA0|SA1
714,HMAC-STEM-021859,21859,714,SA0|SA1
715,HMAC-STEM-006896,6896,715,SA0|SA1
716,HMAC-STEM-018533,18533,716,SA0|SA1
717,HMAC-STEM-014243,14243,717,SA0|SA1
718,HMAC-STEM-015519,15519,718,SA0|SA1
719,HMAC-STEM-020454,20454,719,SA0|SA1
720,HMAC-STEM-020758,20758,720,SA0|SA1
721,HMAC-STEM-008258,8258,721,SA0|SA1
722,HMAC-STEM-012255,12255,722,SA0|SA1
723,HMAC-STEM-007706,7706,723,SA0|SA1
724,HMAC-STEM-005489,5489,724,SA0|SA1
725,HMAC-STEM-017882,17882,725,SA0|SA1
726,HMAC-STEM-021703,21703,726,SA0|SA1
727,HMAC-STEM-002588,2588,727,SA0|SA1
728,HMAC-STEM-009179,9179,728,SA0|SA1
729,HMAC-STEM-008320,8320,729,SA0|SA1
730,HMAC-STEM-018692,18692,730,SA0|SA1
731,HMAC-STEM-019255,19255,731,SA0|SA1
732,HMAC-STEM-018423,18423,732,SA0|SA1
733,HMAC-STEM-013777,13777,733,SA0|SA1
734,HMAC-STEM-012691,12691,734,SA0|SA1
735,HMAC-STEM-007667,7667,735,SA0|SA1
736,HMAC-STEM-004795,4795,736,SA0|SA1
737,HMAC-STEM-006475,6475,737,SA0|SA1
738,HMAC-STEM-015750,15750,738,SA0|SA1
739,HMAC-STEM-008599,8599,739,SA0|SA1
740,HMAC-STEM-021820,21820,740,SA0|SA1
741,HMAC-STEM-009471,9471,741,SA0|SA1
742,HMAC-STEM-007790,7790,742,SA0|SA1
743,HMAC-STEM-007099,7099,743,SA0|SA1
744,HMAC-STEM-012928,12928,744,SA0|SA1
745,HMAC-STEM-002673,2673,745,SA0|SA1
746,HMAC-STEM-012680,12680,746,SA0|SA1
747,HMAC-STEM-000219,219,747,SA0|SA1
748,HMAC-STEM-004584,4584,748,SA0|SA1
749,HMAC-STEM-017693,17693,749,SA0|SA1
750,HMAC-STEM-013721,13721,750,SA0|SA1
751,HMAC-STEM-006534,6534,751,SA0|SA1
752,HMAC-STEM-020350,20350,752,SA0|SA1
753,HMAC-STEM-001210,1210,753,SA0|SA1
754,HMAC-STEM-012636,12636,754,SA0|SA1
755,HMAC-STEM-002441,2441,755,SA0|SA1
756,HMAC-STEM-015381,15381,756,SA0|SA1
757,HMAC-STEM-018645,18645,757,SA0|SA1
758,HMAC-STEM-022008,22008,758,SA0|SA1
759,HMAC-STEM-010540,10540,759,SA0|SA1
760,HMAC-STEM-004841,4841,760,SA0|SA1
761,HMAC-STEM-009102,9102,761,SA0|SA1
762,HMAC-STEM-017133,17133,762,SA0|SA1
763,HMAC-STEM-021109,21109,763,SA0|SA1
764,HMAC-STEM-011183,11183,764,SA0|SA1
765,HMAC-STEM-016136,16136,765,SA0|SA1
766,HMAC-STEM-004475,4475,766,SA0|SA1
767,HMAC-STEM-016209,16209,767,SA0|SA1
768,HMAC-STEM-021646,21646,768,SA0|SA1
769,HMAC-STEM-005881,5881,769,SA0|SA1
770,HMAC-STEM-012716,12716,770,SA0|SA1
771,HMAC-STEM-012209,12209,771,SA0|SA1
772,HMAC-STEM-019046,19046,772,SA0|SA1
773,HMAC-STEM-021125,21125,773,SA0|SA1
774,HMAC-STEM-004222,4222,774,SA0|SA1
775,HMAC-STEM-021081,21081,775,SA0|SA1
776,HMAC-STEM-016334,16334,776,SA0|SA1
777,HMAC-STEM-011789,11789,777,SA0|SA1
778,HMAC-STEM-018059,18059,778,SA0|SA1
779,HMAC-STEM-003488,3488,779,SA0|SA1
780,HMAC-STEM-011055,11055,780,SA0|SA1
781,HMAC-STEM-019464,19464,781,SA0|SA1
782,HMAC-STEM-016315,16315,782,SA0|SA1
783,HMAC-STEM-011617,11617,783,SA0|SA1
784,HMAC-STEM-014415,14415,784,SA0|SA1
785,HMAC-STEM-008535,8535,785,SA0|SA1
786,HMAC-STEM-012744,12744,786,SA0|SA1
787,HMAC-STEM-015989,15989,787,SA0|SA1
788,HMAC-STEM-008571,8571,788,SA0|SA1
789,HMAC-STEM-007079,7079,789,SA0|SA1
790,HMAC-STEM-016405,16405,790,SA0|SA1
791,HMAC-STEM-011908,11908,791,SA0|SA1
792,HMAC-STEM-017773,17773,792,SA0|SA1
793,HMAC-STEM-011058,11058,793,SA0|SA1
794,HMAC-STEM-018636,18636,794,SA0|SA1
795,HMAC-STEM-005685,5685,795,SA0|SA1
796,HMAC-STEM-005468,5468,796,SA0|SA1
797,HMAC-STEM-014908,14908,797,SA0|SA1
798,HMAC-STEM-014499,14499,798,SA0|SA1
799,HMAC-STEM-010009,10009,799,SA0|SA1
800,HMAC-STEM-021892,21892,800,SA0|SA1
801,HMAC-STEM-007786,7786,801,SA0|SA1
802,HMAC-STEM-004203,4203,802,SA0|SA1
803,HMAC-STEM-001893,1893,803,SA0|SA1
804,HMAC-STEM-015637,15637,804,SA0|SA1
805,HMAC-STEM-021022,21022,805,SA0|SA1
806,HMAC-STEM-017309,17309,806,SA0|SA1
807,HMAC-STEM-006336,6336,807,SA0|SA1
808,HMAC-STEM-004741,4741,808,SA0|SA1
809,HMAC-STEM-018359,18359,809,SA0|SA1
810,HMAC-STEM-019681,19681,810,SA0|SA1
811,HMAC-STEM-007525,7525,811,SA0|SA1
812,HMAC-STEM-017325,17325,812,SA0|SA1
813,HMAC-STEM-002651,2651,813,SA0|SA1
814,HMAC-STEM-022335,22335,814,SA0|SA1
815,HMAC-STEM-007511,7511,815,SA0|SA1
816,HMAC-STEM-021876,21876,816,SA0|SA1
817,HMAC-STEM-021313,21313,817,SA0|SA1
818,HMAC-STEM-012146,12146,818,SA0|SA1
819,HMAC-STEM-007994,7994,819,SA0|SA1
820,HMAC-STEM-002000,2000,820,SA0|SA1
821,HMAC-STEM-014383,14383,821,SA0|SA1
822,HMAC-STEM-002943,2943,822,SA0|SA1
823,HMAC-STEM-017980,17980,823,SA0|SA1
824,HMAC-STEM-013105,13105,824,SA0|SA1
825,HMAC-STEM-010311,10311,825,SA0|SA1
826,HMAC-STEM-007757,7757,826,SA0|SA1
827,HMAC-STEM-016211,16211,827,SA0|SA1
828,HMAC-STEM-004439,4439,828,SA0|SA1
829,HMAC-STEM-002684,2684,829,SA0|SA1
830,HMAC-STEM-021332,21332,830,SA0|SA1
831,HMAC-STEM-006613,6613,831,SA0|SA1
832,HMAC-STEM-008705,8705,832,SA0|SA1
833,HMAC-STEM-013443,13443,833,SA0|SA1
834,HMAC-STEM-021959,21959,834,SA0|SA1
835,HMAC-STEM-009497,9497,835,SA0|SA1
836,HMAC-STEM-020497,20497,836,SA0|SA1
837,HMAC-STEM-008688,8688,837,SA0|SA1
838,HMAC-STEM-018051,18051,838,SA0|SA1
839,HMAC-STEM-021329,21329,839,SA0|SA1
840,HMAC-STEM-010029,10029,840,SA0|SA1
841,HMAC-STEM-021134,21134,841,SA0|SA1
842,HMAC-STEM-011933,11933,842,SA0|SA1
843,HMAC-STEM-014809,14809,843,SA0|SA1
844,HMAC-STEM-014391,14391,844,SA0|SA1
845,HMAC-STEM-007746,7746,845,SA0|SA1
846,HMAC-STEM-018016,18016,846,SA0|SA1
847,HMAC-STEM-001301,1301,847,SA0|SA1
848,HMAC-STEM-009385,9385,848,SA0|SA1
849,HMAC-STEM-022503,22503,849,SA0|SA1
850,HMAC-STEM-015511,15511,850,SA0|SA1
851,HMAC-STEM-007117,7117,851,SA0|SA1
852,HMAC-STEM-015469,15469,852,SA0|SA1
853,HMAC-STEM-010670,10670,853,SA0|SA1
854,HMAC-STEM-000801,801,854,SA0|SA1
855,HMAC-STEM-006148,6148,855,SA0|SA1
856,HMAC-STEM-013850,13850,856,SA0|SA1
857,HMAC-STEM-013270,13270,857,SA0|SA1
858,HMAC-STEM-020060,20060,858,SA0|SA1
859,HMAC-STEM-021818,21818,859,SA0|SA1
860,HMAC-STEM-013068,13068,860,SA0|SA1
861,HMAC-STEM-000798,798,861,SA0|SA1
862,HMAC-STEM-001472,1472,862,SA0|SA1
863,HMAC-STEM-003919,3919,863,SA0|SA1
864,HMAC-STEM-019010,19010,864,SA0|SA1
865,HMAC-STEM-006390,6390,865,SA0|SA1
866,HMAC-STEM-014218,14218,866,SA0|SA1
867,HMAC-STEM-006821,6821,867,SA0|SA1
868,HMAC-STEM-009954,9954,868,SA0|SA1
869,HMAC-STEM-008622,8622,869,SA0|SA1
870,HMAC-STEM-017064,17064,870,SA0|SA1
871,HMAC-STEM-015001,15001,871,SA0|SA1
872,HMAC-STEM-011000,11000,872,SA0|SA1
873,HMAC-STEM-016683,16683,873,SA0|SA1
874,HMAC-STEM-019248,19248,874,SA0|SA1
875,HMAC-STEM-015162,15162,875,SA0|SA1
876,HMAC-STEM-012043,12043,876,SA0|SA1
877,HMAC-STEM-022174,22174,877,SA0|SA1
878,HMAC-STEM-016762,16762,878,SA0|SA1
879,HMAC-STEM-011214,11214,879,SA0|SA1
880,HMAC-STEM-017089,17089,880,SA0|SA1
881,HMAC-STEM-005256,5256,881,SA0|SA1
882,HMAC-STEM-014238,14238,882,SA0|SA1
883,HMAC-STEM-010347,10347,883,SA0|SA1
884,HMAC-STEM-002671,2671,884,SA0|SA1
885,HMAC-STEM-010430,10430,885,SA0|SA1
886,HMAC-STEM-022262,22262,886,SA0|SA1
887,HMAC-STEM-010729,10729,887,SA0|SA1
888,HMAC-STEM-016251,16251,888,SA0|SA1
889,HMAC-STEM-020296,20296,889,SA0|SA1
890,HMAC-STEM-020982,20982,890,SA0|SA1
891,HMAC-STEM-013900,13900,891,SA0|SA1
892,HMAC-STEM-020412,20412,892,SA0|SA1
893,HMAC-STEM-010612,10612,893,SA0|SA1
894,HMAC-STEM-012171,12171,894,SA0|SA1
895,HMAC-STEM-014278,14278,895,SA0|SA1
896,HMAC-STEM-013164,13164,896,SA0|SA1
897,HMAC-STEM-014846,14846,897,SA0|SA1
898,HMAC-STEM-007939,7939,898,SA0|SA1
899,HMAC-STEM-003157,3157,899,SA0|SA1
900,HMAC-STEM-008964,8964,900,SA0|SA1
901,HMAC-STEM-004449,4449,901,SA0|SA1
902,HMAC-STEM-022729,22729,902,SA0|SA1
903,HMAC-STEM-020597,20597,903,SA0|SA1
904,HMAC-STEM-015981,15981,904,SA0|SA1
905,HMAC-STEM-008268,8268,905,SA0|SA1
906,HMAC-STEM-022407,22407,906,SA0|SA1
907,HMAC-STEM-003197,3197,907,SA0|SA1
908,HMAC-STEM-020501,20501,908,SA0|SA1
909,HMAC-STEM-010539,10539,909,SA0|SA1
910,HMAC-STEM-001558,1558,910,SA0|SA1
911,HMAC-STEM-016376,16376,911,SA0|SA1
912,HMAC-STEM-022304,22304,912,SA0|SA1
913,HMAC-STEM-001097,1097,913,SA0|SA1
914,HMAC-STEM-001737,1737,914,SA0|SA1
915,HMAC-STEM-020654,20654,915,SA0|SA1
916,HMAC-STEM-015811,15811,916,SA0|SA1
917,HMAC-STEM-012615,12615,917,SA0|SA1
918,HMAC-STEM-004325,4325,918,SA0|SA1
919,HMAC-STEM-021748,21748,919,SA0|SA1
920,HMAC-STEM-004100,4100,920,SA0|SA1
921,HMAC-STEM-015757,15757,921,SA0|SA1
922,HMAC-STEM-021477,21477,922,SA0|SA1
923,HMAC-STEM-015690,15690,923,SA0|SA1
924,HMAC-STEM-018956,18956,924,SA0|SA1
925,HMAC-STEM-005905,5905,925,SA0|SA1
926,HMAC-STEM-011437,11437,926,SA0|SA1
927,HMAC-STEM-006193,6193,927,SA0|SA1
928,HMAC-STEM-014347,14347,928,SA0|SA1
929,HMAC-STEM-009139,9139,929,SA0|SA1
930,HMAC-STEM-002368,2368,930,SA0|SA1
931,HMAC-STEM-011877,11877,931,SA0|SA1
932,HMAC-STEM-012863,12863,932,SA0|SA1
933,HMAC-STEM-022308,22308,933,SA0|SA1
934,HMAC-STEM-003810,3810,934,SA0|SA1
935,HMAC-STEM-006715,6715,935,SA0|SA1
936,HMAC-STEM-005835,5835,936,SA0|SA1
937,HMAC-STEM-011336,11336,937,SA0|SA1
938,HMAC-STEM-017873,17873,938,SA0|SA1
939,HMAC-STEM-009655,9655,939,SA0|SA1
940,HMAC-STEM-015775,15775,940,SA0|SA1
941,HMAC-STEM-004038,4038,941,SA0|SA1
942,HMAC-STEM-006735,6735,942,SA0|SA1
943,HMAC-STEM-021721,21721,943,SA0|SA1
944,HMAC-STEM-004302,4302,944,SA0|SA1
945,HMAC-STEM-019645,19645,945,SA0|SA1
946,HMAC-STEM-004938,4938,946,SA0|SA1
947,HMAC-STEM-020683,20683,947,SA0|SA1
948,HMAC-STEM-007573,7573,948,SA0|SA1
949,HMAC-STEM-012299,12299,949,SA0|SA1
950,HMAC-STEM-018260,18260,950,SA0|SA1
951,HMAC-STEM-008172,8172,951,SA0|SA1
952,HMAC-STEM-016832,16832,952,SA0|SA1
953,HMAC-STEM-015728,15728,953,SA0|SA1
954,HMAC-STEM-018760,18760,954,SA0|SA1
955,HMAC-STEM-005368,5368,955,SA0|SA1
956,HMAC-STEM-015206,15206,956,SA0|SA1
957,HMAC-STEM-016163,16163,957,SA0|SA1
958,HMAC-STEM-017722,17722,958,SA0|SA1
959,HMAC-STEM-004411,4411,959,SA0|SA1
960,HMAC-STEM-017527,17527,960,SA0|SA1
961,HMAC-STEM-017196,17196,961,SA0|SA1
962,HMAC-STEM-003625,3625,962,SA0|SA1
963,HMAC-STEM-012730,12730,963,SA0|SA1
964,HMAC-STEM-010151,10151,964,SA0|SA1
965,HMAC-STEM-012313,12313,965,SA0|SA1
966,HMAC-STEM-008524,8524,966,SA0|SA1
967,HMAC-STEM-007206,7206,967,SA0|SA1
968,HMAC-STEM-022382,22382,968,SA0|SA1
969,HMAC-STEM-010340,10340,969,SA0|SA1
970,HMAC-STEM-019976,19976,970,SA0|SA1
971,HMAC-STEM-012799,12799,971,SA0|SA1
972,HMAC-STEM-014393,14393,972,SA0|SA1
973,HMAC-STEM-020854,20854,973,SA0|SA1
974,HMAC-STEM-005476,5476,974,SA0|SA1
975,HMAC-STEM-013862,13862,975,SA0|SA1
976,HMAC-STEM-021694,21694,976,SA0|SA1
977,HMAC-STEM-010889,10889,977,SA0|SA1
978,HMAC-STEM-020460,20460,978,SA0|SA1
979,HMAC-STEM-021360,21360,979,SA0|SA1
980,HMAC-STEM-007495,7495,980,SA0|SA1
981,HMAC-STEM-016092,16092,981,SA0|SA1
982,HMAC-STEM-015853,15853,982,SA0|SA1
983,HMAC-STEM-004583,4583,983,SA0|SA1
984,HMAC-STEM-018019,18019,984,SA0|SA1
985,HMAC-STEM-014623,14623,985,SA0|SA1
986,HMAC-STEM-010292,10292,986,SA0|SA1
987,HMAC-STEM-018813,18813,987,SA0|SA1
988,HMAC-STEM-009953,9953,988,SA0|SA1
989,HMAC-STEM-021440,21440,989,SA0|SA1
990,HMAC-STEM-022019,22019,990,SA0|SA1
991,HMAC-STEM-010831,10831,991,SA0|SA1
992,HMAC-STEM-013682,13682,992,SA0|SA1
993,HMAC-STEM-012903,12903,993,SA0|SA1
994,HMAC-STEM-000418,418,994,SA0|SA1
995,HMAC-STEM-022241,22241,995,SA0|SA1
996,HMAC-STEM-014420,14420,996,SA0|SA1
997,HMAC-STEM-006142,6142,997,SA0|SA1
998,HMAC-STEM-016035,16035,998,SA0|SA1
999,HMAC-STEM-016964,16964,999,SA0|SA1
1000,HMAC-STEM-002339,2339,1000,SA0|SA1
1001,HMAC-STEM-022482,22482,1001,SA0|SA1
1002,HMAC-STEM-001431,1431,1002,SA0|SA1
1003,HMAC-STEM-008684,8684,1003,SA0|SA1
1004,HMAC-STEM-010120,10120,1004,SA0|SA1
1005,HMAC-STEM-021797,21797,1005,SA0|SA1
1006,HMAC-STEM-006518,6518,1006,SA0|SA1
1007,HMAC-STEM-008709,8709,1007,SA0|SA1
1008,HMAC-STEM-020039,20039,1008,SA0|SA1
1009,HMAC-STEM-013545,13545,1009,SA0|SA1
1010,HMAC-STEM-000769,769,1010,SA0|SA1
1011,HMAC-STEM-014950,14950,1011,SA0|SA1
1012,HMAC-STEM-005401,5401,1012,SA0|SA1
1013,HMAC-STEM-014511,14511,1013,SA0|SA1
1014,HMAC-STEM-021366,21366,1014,SA0|SA1
1015,HMAC-STEM-022808,22808,1015,SA0|SA1
1016,HMAC-STEM-015422,15422,1016,SA0|SA1
1017,HMAC-STEM-005193,5193,1017,SA0|SA1
1018,HMAC-STEM-006281,6281,1018,SA0|SA1
1019,HMAC-STEM-010233,10233,1019,SA0|SA1
1020,HMAC-STEM-003324,3324,1020,SA0|SA1
1021,HMAC-STEM-015601,15601,1021,SA0|SA1
1022,HMAC-STEM-011610,11610,1022,SA0|SA1
1023,HMAC-STEM-022711,22711,1023,SA0|SA1
