selection_rank,selection_round,rank_within_round,vector_index,newly_detected_fault_instances,signature_group_gain,individual_detected_fault_instances,observable_fault_instances,all_injected_detection_recall,observable_candidate_set_coverage,unique_signature_fault_instances,unique_signature_top1_site,all_injected_exact_site_rate,mean_observable_candidate_sites,maximum_observable_candidate_sites,observable_signature_groups
0,1,0,94,909,771,909,909,0.44384765625,1.0,717,1.0,0.35009765625,6.775577557755776,69,772
1,1,1,162,71,80,890,980,0.478515625,1.0,806,1.0,0.3935546875,6.338775510204082,69,852
2,1,2,79,30,32,897,1010,0.4931640625,1.0,840,1.0,0.41015625,6.176237623762376,69,884
3,1,3,271,11,9,884,1021,0.49853515625,1.0,848,1.0,0.4140625,6.1263467189030365,69,893
4,1,4,246,4,5,891,1025,0.50048828125,1.0,853,1.0,0.41650390625,6.102439024390244,69,898
5,1,5,158,1,1,898,1026,0.5009765625,1.0,854,1.0,0.4169921875,6.097465886939571,69,899
6,1,6,186,1,1,897,1027,0.50146484375,1.0,855,1.0,0.41748046875,6.092502434274587,69,900
7,1,7,463,0,0,907,1027,0.50146484375,1.0,855,1.0,0.41748046875,6.092502434274587,69,900
8,1,8,57,0,0,906,1027,0.50146484375,1.0,855,1.0,0.41748046875,6.092502434274587,69,900
9,1,9,304,0,0,906,1027,0.50146484375,1.0,855,1.0,0.41748046875,6.092502434274587,69,900
10,1,10,428,0,0,904,1027,0.50146484375,1.0,855,1.0,0.41748046875,6.092502434274587,69,900
11,1,11,328,0,0,902,1027,0.50146484375,1.0,855,1.0,0.41748046875,6.092502434274587,69,900
12,1,12,74,0,0,901,1027,0.50146484375,1.0,855,1.0,0.41748046875,6.092502434274587,69,900
13,1,13,345,0,0,901,1027,0.50146484375,1.0,855,1.0,0.41748046875,6.092502434274587,69,900
14,1,14,435,0,0,901,1027,0.50146484375,1.0,855,1.0,0.41748046875,6.092502434274587,69,900
15,1,15,108,0,0,900,1027,0.50146484375,1.0,855,1.0,0.41748046875,6.092502434274587,69,900
16,1,16,130,0,0,900,1027,0.50146484375,1.0,855,1.0,0.41748046875,6.092502434274587,69,900
17,1,17,336,0,0,900,1027,0.50146484375,1.0,855,1.0,0.41748046875,6.092502434274587,69,900
18,1,18,376,0,0,900,1027,0.50146484375,1.0,855,1.0,0.41748046875,6.092502434274587,69,900
19,1,19,390,0,0,900,1027,0.50146484375,1.0,855,1.0,0.41748046875,6.092502434274587,69,900
20,1,20,395,0,0,900,1027,0.50146484375,1.0,855,1.0,0.41748046875,6.092502434274587,69,900
21,1,21,453,0,0,900,1027,0.50146484375,1.0,855,1.0,0.41748046875,6.092502434274587,69,900
22,1,22,480,0,0,900,1027,0.50146484375,1.0,855,1.0,0.41748046875,6.092502434274587,69,900
23,1,23,9,0,0,899,1027,0.50146484375,1.0,855,1.0,0.41748046875,6.092502434274587,69,900
24,2,0,131,0,0,899,1027,0.50146484375,1.0,855,1.0,0.41748046875,6.092502434274587,69,900
25,2,1,181,0,0,899,1027,0.50146484375,1.0,855,1.0,0.41748046875,6.092502434274587,69,900
26,2,2,297,0,0,899,1027,0.50146484375,1.0,855,1.0,0.41748046875,6.092502434274587,69,900
27,2,3,313,0,0,899,1027,0.50146484375,1.0,855,1.0,0.41748046875,6.092502434274587,69,900
28,2,4,438,0,0,899,1027,0.50146484375,1.0,855,1.0,0.41748046875,6.092502434274587,69,900
29,2,5,443,0,0,899,1027,0.50146484375,1.0,855,1.0,0.41748046875,6.092502434274587,69,900
30,2,6,12,0,0,898,1027,0.50146484375,1.0,855,1.0,0.41748046875,6.092502434274587,69,900
31,2,7,29,0,0,898,1027,0.50146484375,1.0,855,1.0,0.41748046875,6.092502434274587,69,900
32,2,8,48,0,0,898,1027,0.50146484375,1.0,855,1.0,0.41748046875,6.092502434274587,69,900
33,2,9,104,0,0,898,1027,0.50146484375,1.0,855,1.0,0.41748046875,6.092502434274587,69,900
34,2,10,152,0,0,898,1027,0.50146484375,1.0,855,1.0,0.41748046875,6.092502434274587,69,900
35,2,11,294,0,0,898,1027,0.50146484375,1.0,855,1.0,0.41748046875,6.092502434274587,69,900
36,2,12,388,0,0,898,1027,0.50146484375,1.0,855,1.0,0.41748046875,6.092502434274587,69,900
37,2,13,457,0,0,898,1027,0.50146484375,1.0,855,1.0,0.41748046875,6.092502434274587,69,900
38,2,14,475,0,0,898,1027,0.50146484375,1.0,855,1.0,0.41748046875,6.092502434274587,69,900
39,2,15,479,0,0,898,1027,0.50146484375,1.0,855,1.0,0.41748046875,6.092502434274587,69,900
40,2,16,482,0,0,898,1027,0.50146484375,1.0,855,1.0,0.41748046875,6.092502434274587,69,900
41,2,17,21,0,0,897,1027,0.50146484375,1.0,855,1.0,0.41748046875,6.092502434274587,69,900
42,2,18,42,0,0,897,1027,0.50146484375,1.0,855,1.0,0.41748046875,6.092502434274587,69,900
43,2,19,124,0,0,897,1027,0.50146484375,1.0,855,1.0,0.41748046875,6.092502434274587,69,900
44,2,20,189,0,0,897,1027,0.50146484375,1.0,855,1.0,0.41748046875,6.092502434274587,69,900
45,2,21,210,0,0,897,1027,0.50146484375,1.0,855,1.0,0.41748046875,6.092502434274587,69,900
46,2,22,219,0,0,897,1027,0.50146484375,1.0,855,1.0,0.41748046875,6.092502434274587,69,900
47,2,23,249,0,0,897,1027,0.50146484375,1.0,855,1.0,0.41748046875,6.092502434274587,69,900
48,3,0,260,0,0,897,1027,0.50146484375,1.0,855,1.0,0.41748046875,6.092502434274587,69,900
49,3,1,267,0,0,897,1027,0.50146484375,1.0,855,1.0,0.41748046875,6.092502434274587,69,900
50,3,2,270,0,0,897,1027,0.50146484375,1.0,855,1.0,0.41748046875,6.092502434274587,69,900
51,3,3,324,0,0,897,1027,0.50146484375,1.0,855,1.0,0.41748046875,6.092502434274587,69,900
52,3,4,340,0,0,897,1027,0.50146484375,1.0,855,1.0,0.41748046875,6.092502434274587,69,900
53,3,5,341,0,0,897,1027,0.50146484375,1.0,855,1.0,0.41748046875,6.092502434274587,69,900
54,3,6,377,0,0,897,1027,0.50146484375,1.0,855,1.0,0.41748046875,6.092502434274587,69,900
55,3,7,384,0,0,897,1027,0.50146484375,1.0,855,1.0,0.41748046875,6.092502434274587,69,900
56,3,8,421,0,0,897,1027,0.50146484375,1.0,855,1.0,0.41748046875,6.092502434274587,69,900
57,3,9,487,0,0,897,1027,0.50146484375,1.0,855,1.0,0.41748046875,6.092502434274587,69,900
58,3,10,2,0,0,896,1027,0.50146484375,1.0,855,1.0,0.41748046875,6.092502434274587,69,900
59,3,11,49,0,0,896,1027,0.50146484375,1.0,855,1.0,0.41748046875,6.092502434274587,69,900
60,3,12,76,0,0,896,1027,0.50146484375,1.0,855,1.0,0.41748046875,6.092502434274587,69,900
61,3,13,135,0,0,896,1027,0.50146484375,1.0,855,1.0,0.41748046875,6.092502434274587,69,900
62,3,14,140,0,0,896,1027,0.50146484375,1.0,855,1.0,0.41748046875,6.092502434274587,69,900
63,3,15,164,0,0,896,1027,0.50146484375,1.0,855,1.0,0.41748046875,6.092502434274587,69,900
64,3,16,174,0,0,896,1027,0.50146484375,1.0,855,1.0,0.41748046875,6.092502434274587,69,900
65,3,17,176,0,0,896,1027,0.50146484375,1.0,855,1.0,0.41748046875,6.092502434274587,69,900
66,3,18,195,0,0,896,1027,0.50146484375,1.0,855,1.0,0.41748046875,6.092502434274587,69,900
67,3,19,206,0,0,896,1027,0.50146484375,1.0,855,1.0,0.41748046875,6.092502434274587,69,900
68,3,20,207,0,0,896,1027,0.50146484375,1.0,855,1.0,0.41748046875,6.092502434274587,69,900
69,3,21,229,0,0,896,1027,0.50146484375,1.0,855,1.0,0.41748046875,6.092502434274587,69,900
70,3,22,238,0,0,896,1027,0.50146484375,1.0,855,1.0,0.41748046875,6.092502434274587,69,900
71,3,23,240,0,0,896,1027,0.50146484375,1.0,855,1.0,0.41748046875,6.092502434274587,69,900
72,4,0,287,0,0,896,1027,0.50146484375,1.0,855,1.0,0.41748046875,6.092502434274587,69,900
73,4,1,303,0,0,896,1027,0.50146484375,1.0,855,1.0,0.41748046875,6.092502434274587,69,900
74,4,2,323,0,0,896,1027,0.50146484375,1.0,855,1.0,0.41748046875,6.092502434274587,69,900
75,4,3,375,0,0,896,1027,0.50146484375,1.0,855,1.0,0.41748046875,6.092502434274587,69,900
76,4,4,402,0,0,896,1027,0.50146484375,1.0,855,1.0,0.41748046875,6.092502434274587,69,900
77,4,5,419,0,0,896,1027,0.50146484375,1.0,855,1.0,0.41748046875,6.092502434274587,69,900
78,4,6,425,0,0,896,1027,0.50146484375,1.0,855,1.0,0.41748046875,6.092502434274587,69,900
79,4,7,464,0,0,896,1027,0.50146484375,1.0,855,1.0,0.41748046875,6.092502434274587,69,900
80,4,8,58,0,0,895,1027,0.50146484375,1.0,855,1.0,0.41748046875,6.092502434274587,69,900
81,4,9,72,0,0,895,1027,0.50146484375,1.0,855,1.0,0.41748046875,6.092502434274587,69,900
82,4,10,111,0,0,895,1027,0.50146484375,1.0,855,1.0,0.41748046875,6.092502434274587,69,900
83,4,11,161,0,0,895,1027,0.50146484375,1.0,855,1.0,0.41748046875,6.092502434274587,69,900
84,4,12,187,0,0,895,1027,0.50146484375,1.0,855,1.0,0.41748046875,6.092502434274587,69,900
85,4,13,190,0,0,895,1027,0.50146484375,1.0,855,1.0,0.41748046875,6.092502434274587,69,900
86,4,14,202,0,0,895,1027,0.50146484375,1.0,855,1.0,0.41748046875,6.092502434274587,69,900
87,4,15,221,0,0,895,1027,0.50146484375,1.0,855,1.0,0.41748046875,6.092502434274587,69,900
88,4,16,237,0,0,895,1027,0.50146484375,1.0,855,1.0,0.41748046875,6.092502434274587,69,900
89,4,17,244,0,0,895,1027,0.50146484375,1.0,855,1.0,0.41748046875,6.092502434274587,69,900
90,4,18,407,0,0,895,1027,0.50146484375,1.0,855,1.0,0.41748046875,6.092502434274587,69,900
91,4,19,465,0,0,895,1027,0.50146484375,1.0,855,1.0,0.41748046875,6.092502434274587,69,900
92,4,20,468,0,0,895,1027,0.50146484375,1.0,855,1.0,0.41748046875,6.092502434274587,69,900
93,4,21,469,0,0,895,1027,0.50146484375,1.0,855,1.0,0.41748046875,6.092502434274587,69,900
94,4,22,474,0,0,895,1027,0.50146484375,1.0,855,1.0,0.41748046875,6.092502434274587,69,900
95,4,23,485,0,0,895,1027,0.50146484375,1.0,855,1.0,0.41748046875,6.092502434274587,69,900
