full_rank,pilot_rank,batch_id,site_id,site_index,selector,fault_polarities
0,0,40,HMAC-STEM-020594,20594,113,SA0|SA1
1,1,44,HMAC-STEM-022829,22829,300,SA0|SA1
2,2,43,HMAC-STEM-022132,22132,115,SA0|SA1
3,3,42,HMAC-STEM-021800,21800,295,SA0|SA1
4,4,42,HMAC-STEM-021655,21655,150,SA0|SA1
5,5,38,HMAC-STEM-019482,19482,25,SA0|SA1
6,6,40,HMAC-STEM-020800,20800,319,SA0|SA1
7,7,18,HMAC-STEM-009596,9596,379,SA0|SA1
8,8,6,HMAC-STEM-003487,3487,414,SA0|SA1
9,9,28,HMAC-STEM-014745,14745,408,SA0|SA1
10,10,40,HMAC-STEM-020557,20557,76,SA0|SA1
11,11,42,HMAC-STEM-021521,21521,16,SA0|SA1
12,12,15,HMAC-STEM-007867,7867,186,SA0|SA1
13,13,5,HMAC-STEM-002601,2601,40,SA0|SA1
14,14,16,HMAC-STEM-008245,8245,52,SA0|SA1
15,15,3,HMAC-STEM-001851,1851,314,SA0|SA1
16,16,0,HMAC-STEM-000364,364,363,SA0|SA1
17,17,38,HMAC-STEM-019721,19721,264,SA0|SA1
18,18,3,HMAC-STEM-001837,1837,300,SA0|SA1
19,19,10,HMAC-STEM-005565,5565,444,SA0|SA1
20,20,12,HMAC-STEM-006635,6635,490,SA0|SA1
21,21,5,HMAC-STEM-002896,2896,335,SA0|SA1
22,22,12,HMAC-STEM-006593,6593,448,SA0|SA1
23,23,32,HMAC-STEM-016693,16693,308,SA0|SA1
24,24,2,HMAC-STEM-001419,1419,394,SA0|SA1
25,25,7,HMAC-STEM-003591,3591,6,SA0|SA1
26,26,38,HMAC-STEM-019579,19579,122,SA0|SA1
27,27,19,HMAC-STEM-010080,10080,351,SA0|SA1
28,28,33,HMAC-STEM-017389,17389,492,SA0|SA1
29,29,2,HMAC-STEM-001398,1398,373,SA0|SA1
30,30,1,HMAC-STEM-000967,967,454,SA0|SA1
31,31,15,HMAC-STEM-007958,7958,277,SA0|SA1
32,32,7,HMAC-STEM-003811,3811,226,SA0|SA1
33,33,2,HMAC-STEM-001099,1099,74,SA0|SA1
34,34,2,HMAC-STEM-001464,1464,439,SA0|SA1
35,35,25,HMAC-STEM-012877,12877,76,SA0|SA1
36,36,27,HMAC-STEM-014029,14029,204,SA0|SA1
37,37,29,HMAC-STEM-015180,15180,331,SA0|SA1
38,38,41,HMAC-STEM-021465,21465,472,SA0|SA1
39,39,40,HMAC-STEM-020723,20723,242,SA0|SA1
40,40,26,HMAC-STEM-013577,13577,264,SA0|SA1
41,41,5,HMAC-STEM-002696,2696,135,SA0|SA1
42,42,0,HMAC-STEM-000205,205,204,SA0|SA1
43,43,7,HMAC-STEM-004060,4060,475,SA0|SA1
44,44,24,HMAC-STEM-012516,12516,227,SA0|SA1
45,45,24,HMAC-STEM-012584,12584,295,SA0|SA1
46,46,37,HMAC-STEM-019085,19085,140,SA0|SA1
47,47,29,HMAC-STEM-014988,14988,139,SA0|SA1
48,48,12,HMAC-STEM-006404,6404,259,SA0|SA1
49,49,36,HMAC-STEM-018494,18494,61,SA0|SA1
50,50,10,HMAC-STEM-005227,5227,106,SA0|SA1
51,51,37,HMAC-STEM-019199,19199,254,SA0|SA1
52,52,14,HMAC-STEM-007606,7606,437,SA0|SA1
53,53,43,HMAC-STEM-022189,22189,172,SA0|SA1
54,54,34,HMAC-STEM-017721,17721,312,SA0|SA1
55,55,43,HMAC-STEM-022172,22172,155,SA0|SA1
56,56,28,HMAC-STEM-014500,14500,163,SA0|SA1
57,57,39,HMAC-STEM-020181,20181,212,SA0|SA1
58,58,28,HMAC-STEM-014434,14434,97,SA0|SA1
59,59,3,HMAC-STEM-001823,1823,286,SA0|SA1
60,60,44,HMAC-STEM-022773,22773,244,SA0|SA1
61,61,3,HMAC-STEM-001595,1595,58,SA0|SA1
62,62,37,HMAC-STEM-019304,19304,359,SA0|SA1
63,63,30,HMAC-STEM-015699,15699,338,SA0|SA1
64,64,14,HMAC-STEM-007420,7420,251,SA0|SA1
65,65,13,HMAC-STEM-006711,6711,54,SA0|SA1
66,66,44,HMAC-STEM-022776,22776,247,SA0|SA1
67,67,37,HMAC-STEM-019290,19290,345,SA0|SA1
68,68,31,HMAC-STEM-016227,16227,354,SA0|SA1
69,69,19,HMAC-STEM-010055,10055,326,SA0|SA1
70,70,30,HMAC-STEM-015446,15446,85,SA0|SA1
71,71,1,HMAC-STEM-000565,565,52,SA0|SA1
72,72,20,HMAC-STEM-010249,10249,8,SA0|SA1
73,73,5,HMAC-STEM-002829,2829,268,SA0|SA1
74,74,4,HMAC-STEM-002243,2243,194,SA0|SA1
75,75,11,HMAC-STEM-005984,5984,351,SA0|SA1
76,76,4,HMAC-STEM-002274,2274,225,SA0|SA1
77,77,0,HMAC-STEM-000053,53,52,SA0|SA1
78,78,11,HMAC-STEM-005634,5634,1,SA0|SA1
79,79,1,HMAC-STEM-000955,955,442,SA0|SA1
80,80,2,HMAC-STEM-001288,1288,263,SA0|SA1
81,81,35,HMAC-STEM-018329,18329,408,SA0|SA1
82,82,22,HMAC-STEM-011307,11307,42,SA0|SA1
83,83,33,HMAC-STEM-017024,17024,127,SA0|SA1
84,84,19,HMAC-STEM-009745,9745,16,SA0|SA1
85,85,19,HMAC-STEM-010154,10154,425,SA0|SA1
86,86,42,HMAC-STEM-021685,21685,180,SA0|SA1
87,87,27,HMAC-STEM-013962,13962,137,SA0|SA1
88,88,18,HMAC-STEM-009538,9538,321,SA0|SA1
89,89,37,HMAC-STEM-019054,19054,109,SA0|SA1
90,90,13,HMAC-STEM-006816,6816,159,SA0|SA1
91,91,9,HMAC-STEM-004684,4684,75,SA0|SA1
92,92,1,HMAC-STEM-000789,789,276,SA0|SA1
93,93,9,HMAC-STEM-004699,4699,90,SA0|SA1
94,94,2,HMAC-STEM-001409,1409,384,SA0|SA1
95,95,21,HMAC-STEM-011080,11080,327,SA0|SA1
96,96,21,HMAC-STEM-011027,11027,274,SA0|SA1
97,97,3,HMAC-STEM-002048,2048,511,SA0|SA1
98,98,42,HMAC-STEM-021686,21686,181,SA0|SA1
99,99,2,HMAC-STEM-001407,1407,382,SA0|SA1
100,100,9,HMAC-STEM-005094,5094,485,SA0|SA1
101,101,25,HMAC-STEM-012988,12988,187,SA0|SA1
102,102,14,HMAC-STEM-007246,7246,77,SA0|SA1
103,103,6,HMAC-STEM-003138,3138,65,SA0|SA1
104,104,15,HMAC-STEM-007801,7801,120,SA0|SA1
105,105,24,HMAC-STEM-012352,12352,63,SA0|SA1
106,106,41,HMAC-STEM-021088,21088,95,SA0|SA1
107,107,25,HMAC-STEM-012910,12910,109,SA0|SA1
108,108,5,HMAC-STEM-002787,2787,226,SA0|SA1
109,109,19,HMAC-STEM-010096,10096,367,SA0|SA1
110,110,15,HMAC-STEM-008151,8151,470,SA0|SA1
111,111,3,HMAC-STEM-001543,1543,6,SA0|SA1
112,112,29,HMAC-STEM-015139,15139,290,SA0|SA1
113,113,6,HMAC-STEM-003403,3403,330,SA0|SA1
114,114,32,HMAC-STEM-016860,16860,475,SA0|SA1
115,115,37,HMAC-STEM-019202,19202,257,SA0|SA1
116,116,16,HMAC-STEM-008492,8492,299,SA0|SA1
117,117,23,HMAC-STEM-012253,12253,476,SA0|SA1
118,118,32,HMAC-STEM-016623,16623,238,SA0|SA1
119,119,9,HMAC-STEM-004794,4794,185,SA0|SA1
120,120,19,HMAC-STEM-009840,9840,111,SA0|SA1
121,121,28,HMAC-STEM-014739,14739,402,SA0|SA1
122,122,4,HMAC-STEM-002262,2262,213,SA0|SA1
123,123,2,HMAC-STEM-001242,1242,217,SA0|SA1
124,124,8,HMAC-STEM-004586,4586,489,SA0|SA1
125,125,13,HMAC-STEM-006734,6734,77,SA0|SA1
126,126,13,HMAC-STEM-006924,6924,267,SA0|SA1
127,127,41,HMAC-STEM-021411,21411,418,SA0|SA1
128,128,16,HMAC-STEM-008354,8354,161,SA0|SA1
129,129,2,HMAC-STEM-001482,1482,457,SA0|SA1
130,130,35,HMAC-STEM-018197,18197,276,SA0|SA1
131,131,33,HMAC-STEM-017049,17049,152,SA0|SA1
132,132,5,HMAC-STEM-002565,2565,4,SA0|SA1
133,133,8,HMAC-STEM-004487,4487,390,SA0|SA1
134,134,15,HMAC-STEM-007743,7743,62,SA0|SA1
135,135,13,HMAC-STEM-006714,6714,57,SA0|SA1
136,136,7,HMAC-STEM-003813,3813,228,SA0|SA1
137,137,0,HMAC-STEM-000273,273,272,SA0|SA1
138,138,30,HMAC-STEM-015590,15590,229,SA0|SA1
139,139,11,HMAC-STEM-005949,5949,316,SA0|SA1
140,140,31,HMAC-STEM-015958,15958,85,SA0|SA1
141,141,31,HMAC-STEM-015966,15966,93,SA0|SA1
142,142,27,HMAC-STEM-014155,14155,330,SA0|SA1
143,143,11,HMAC-STEM-006023,6023,390,SA0|SA1
144,144,30,HMAC-STEM-015824,15824,463,SA0|SA1
145,145,37,HMAC-STEM-018975,18975,30,SA0|SA1
146,146,15,HMAC-STEM-007733,7733,52,SA0|SA1
147,147,15,HMAC-STEM-008035,8035,354,SA0|SA1
148,148,9,HMAC-STEM-004988,4988,379,SA0|SA1
149,149,25,HMAC-STEM-012913,12913,112,SA0|SA1
150,150,10,HMAC-STEM-005535,5535,414,SA0|SA1
151,151,10,HMAC-STEM-005437,5437,316,SA0|SA1
152,152,17,HMAC-STEM-008714,8714,9,SA0|SA1
153,153,41,HMAC-STEM-021289,21289,296,SA0|SA1
154,154,10,HMAC-STEM-005586,5586,465,SA0|SA1
155,155,25,HMAC-STEM-013042,13042,241,SA0|SA1
156,156,26,HMAC-STEM-013574,13574,261,SA0|SA1
157,157,44,HMAC-STEM-022610,22610,81,SA0|SA1
158,158,24,HMAC-STEM-012714,12714,425,SA0|SA1
159,159,7,HMAC-STEM-003766,3766,181,SA0|SA1
160,160,8,HMAC-STEM-004405,4405,308,SA0|SA1
161,161,13,HMAC-STEM-006804,6804,147,SA0|SA1
162,162,38,HMAC-STEM-019846,19846,389,SA0|SA1
163,163,37,HMAC-STEM-019106,19106,161,SA0|SA1
164,164,34,HMAC-STEM-017791,17791,382,SA0|SA1
165,165,19,HMAC-STEM-010125,10125,396,SA0|SA1
166,166,10,HMAC-STEM-005287,5287,166,SA0|SA1
167,167,33,HMAC-STEM-017284,17284,387,SA0|SA1
168,168,14,HMAC-STEM-007637,7637,468,SA0|SA1
169,169,2,HMAC-STEM-001086,1086,61,SA0|SA1
170,170,23,HMAC-STEM-012031,12031,254,SA0|SA1
171,171,37,HMAC-STEM-019254,19254,309,SA0|SA1
172,172,20,HMAC-STEM-010618,10618,377,SA0|SA1
173,173,37,HMAC-STEM-019400,19400,455,SA0|SA1
174,174,41,HMAC-STEM-021373,21373,380,SA0|SA1
175,175,5,HMAC-STEM-002698,2698,137,SA0|SA1
176,176,22,HMAC-STEM-011382,11382,117,SA0|SA1
177,177,19,HMAC-STEM-010069,10069,340,SA0|SA1
178,178,22,HMAC-STEM-011598,11598,333,SA0|SA1
179,179,33,HMAC-STEM-017029,17029,132,SA0|SA1
180,180,21,HMAC-STEM-011094,11094,341,SA0|SA1
181,181,9,HMAC-STEM-005034,5034,425,SA0|SA1
182,182,17,HMAC-STEM-008999,8999,294,SA0|SA1
183,183,19,HMAC-STEM-010068,10068,339,SA0|SA1
184,184,1,HMAC-STEM-000963,963,450,SA0|SA1
185,185,10,HMAC-STEM-005267,5267,146,SA0|SA1
186,186,21,HMAC-STEM-011232,11232,479,SA0|SA1
187,187,28,HMAC-STEM-014448,14448,111,SA0|SA1
188,188,30,HMAC-STEM-015472,15472,111,SA0|SA1
189,189,6,HMAC-STEM-003191,3191,118,SA0|SA1
190,190,17,HMAC-STEM-008735,8735,30,SA0|SA1
191,191,20,HMAC-STEM-010244,10244,3,SA0|SA1
192,192,34,HMAC-STEM-017788,17788,379,SA0|SA1
193,193,10,HMAC-STEM-005127,5127,6,SA0|SA1
194,194,20,HMAC-STEM-010639,10639,398,SA0|SA1
195,195,42,HMAC-STEM-021847,21847,342,SA0|SA1
196,196,31,HMAC-STEM-016299,16299,426,SA0|SA1
197,197,41,HMAC-STEM-021237,21237,244,SA0|SA1
198,198,31,HMAC-STEM-016027,16027,154,SA0|SA1
199,199,16,HMAC-STEM-008595,8595,402,SA0|SA1
200,200,27,HMAC-STEM-014141,14141,316,SA0|SA1
201,201,1,HMAC-STEM-000629,629,116,SA0|SA1
202,202,29,HMAC-STEM-014962,14962,113,SA0|SA1
203,203,4,HMAC-STEM-002360,2360,311,SA0|SA1
204,204,14,HMAC-STEM-007244,7244,75,SA0|SA1
205,205,27,HMAC-STEM-014125,14125,300,SA0|SA1
206,206,19,HMAC-STEM-010076,10076,347,SA0|SA1
207,207,10,HMAC-STEM-005440,5440,319,SA0|SA1
208,208,38,HMAC-STEM-019643,19643,186,SA0|SA1
209,209,42,HMAC-STEM-021506,21506,1,SA0|SA1
210,210,22,HMAC-STEM-011275,11275,10,SA0|SA1
211,211,24,HMAC-STEM-012679,12679,390,SA0|SA1
212,212,4,HMAC-STEM-002442,2442,393,SA0|SA1
213,213,5,HMAC-STEM-002762,2762,201,SA0|SA1
214,214,23,HMAC-STEM-012266,12266,489,SA0|SA1
215,215,15,HMAC-STEM-007943,7943,262,SA0|SA1
216,216,24,HMAC-STEM-012654,12654,365,SA0|SA1
217,217,34,HMAC-STEM-017509,17509,100,SA0|SA1
218,218,38,HMAC-STEM-019705,19705,248,SA0|SA1
219,219,42,HMAC-STEM-021605,21605,100,SA0|SA1
220,220,31,HMAC-STEM-016339,16339,466,SA0|SA1
221,221,6,HMAC-STEM-003127,3127,54,SA0|SA1
222,222,15,HMAC-STEM-007851,7851,170,SA0|SA1
223,223,12,HMAC-STEM-006562,6562,417,SA0|SA1
224,224,13,HMAC-STEM-007144,7144,487,SA0|SA1
225,225,8,HMAC-STEM-004400,4400,303,SA0|SA1
226,226,8,HMAC-STEM-004563,4563,466,SA0|SA1
227,227,29,HMAC-STEM-014888,14888,39,SA0|SA1
228,228,18,HMAC-STEM-009487,9487,270,SA0|SA1
229,229,14,HMAC-STEM-007194,7194,25,SA0|SA1
230,230,37,HMAC-STEM-019156,19156,211,SA0|SA1
231,231,6,HMAC-STEM-003280,3280,207,SA0|SA1
232,232,35,HMAC-STEM-017970,17970,49,SA0|SA1
233,233,29,HMAC-STEM-014990,14990,141,SA0|SA1
234,234,16,HMAC-STEM-008529,8529,336,SA0|SA1
235,235,28,HMAC-STEM-014783,14783,446,SA0|SA1
236,236,42,HMAC-STEM-021587,21587,82,SA0|SA1
237,237,36,HMAC-STEM-018560,18560,127,SA0|SA1
238,238,28,HMAC-STEM-014686,14686,349,SA0|SA1
239,239,0,HMAC-STEM-000116,116,115,SA0|SA1
240,240,40,HMAC-STEM-020486,20486,5,SA0|SA1
241,241,31,HMAC-STEM-016189,16189,316,SA0|SA1
242,242,15,HMAC-STEM-008166,8166,485,SA0|SA1
243,243,33,HMAC-STEM-017364,17364,467,SA0|SA1
244,244,24,HMAC-STEM-012535,12535,246,SA0|SA1
245,245,33,HMAC-STEM-016906,16906,9,SA0|SA1
246,246,28,HMAC-STEM-014677,14677,340,SA0|SA1
247,247,38,HMAC-STEM-019817,19817,360,SA0|SA1
248,248,40,HMAC-STEM-020630,20630,149,SA0|SA1
249,249,3,HMAC-STEM-001927,1927,390,SA0|SA1
250,250,8,HMAC-STEM-004287,4287,190,SA0|SA1
251,251,22,HMAC-STEM-011679,11679,414,SA0|SA1
252,252,35,HMAC-STEM-018138,18138,217,SA0|SA1
253,253,10,HMAC-STEM-005143,5143,22,SA0|SA1
254,254,19,HMAC-STEM-010194,10194,465,SA0|SA1
255,255,0,HMAC-STEM-000324,324,323,SA0|SA1
256,256,1,HMAC-STEM-000660,660,147,SA0|SA1
257,257,41,HMAC-STEM-021349,21349,356,SA0|SA1
258,258,2,HMAC-STEM-001110,1110,85,SA0|SA1
259,259,44,HMAC-STEM-022665,22665,136,SA0|SA1
260,260,37,HMAC-STEM-019043,19043,98,SA0|SA1
261,261,30,HMAC-STEM-015812,15812,451,SA0|SA1
262,262,2,HMAC-STEM-001365,1365,340,SA0|SA1
263,263,14,HMAC-STEM-007236,7236,67,SA0|SA1
264,264,42,HMAC-STEM-021796,21796,291,SA0|SA1
265,265,42,HMAC-STEM-021696,21696,191,SA0|SA1
266,266,29,HMAC-STEM-015058,15058,209,SA0|SA1
267,267,38,HMAC-STEM-019888,19888,431,SA0|SA1
268,268,42,HMAC-STEM-021829,21829,324,SA0|SA1
269,269,2,HMAC-STEM-001285,1285,260,SA0|SA1
270,270,17,HMAC-STEM-008929,8929,224,SA0|SA1
271,271,41,HMAC-STEM-021502,21502,509,SA0|SA1
272,272,23,HMAC-STEM-012094,12094,317,SA0|SA1
273,273,39,HMAC-STEM-020147,20147,178,SA0|SA1
274,274,21,HMAC-STEM-011062,11062,309,SA0|SA1
275,275,15,HMAC-STEM-007972,7972,291,SA0|SA1
276,276,14,HMAC-STEM-007477,7477,308,SA0|SA1
277,277,16,HMAC-STEM-008399,8399,206,SA0|SA1
278,278,1,HMAC-STEM-000954,954,441,SA0|SA1
279,279,20,HMAC-STEM-010541,10541,300,SA0|SA1
280,280,41,HMAC-STEM-021234,21234,241,SA0|SA1
281,281,33,HMAC-STEM-017087,17087,190,SA0|SA1
282,282,7,HMAC-STEM-004049,4049,464,SA0|SA1
283,283,32,HMAC-STEM-016628,16628,243,SA0|SA1
284,284,14,HMAC-STEM-007330,7330,161,SA0|SA1
285,285,16,HMAC-STEM-008372,8372,179,SA0|SA1
286,286,27,HMAC-STEM-014148,14148,323,SA0|SA1
287,287,9,HMAC-STEM-004771,4771,162,SA0|SA1
288,288,0,HMAC-STEM-000164,164,163,SA0|SA1
289,289,33,HMAC-STEM-017111,17111,214,SA0|SA1
290,290,13,HMAC-STEM-006699,6699,42,SA0|SA1
291,291,34,HMAC-STEM-017516,17516,107,SA0|SA1
292,292,29,HMAC-STEM-015238,15238,389,SA0|SA1
293,293,33,HMAC-STEM-016897,16897,0,SA0|SA1
294,294,5,HMAC-STEM-003055,3055,494,SA0|SA1
295,295,11,HMAC-STEM-006090,6090,457,SA0|SA1
296,296,1,HMAC-STEM-000892,892,379,SA0|SA1
297,297,29,HMAC-STEM-015267,15267,418,SA0|SA1
298,298,1,HMAC-STEM-000604,604,91,SA0|SA1
299,299,19,HMAC-STEM-009904,9904,175,SA0|SA1
300,300,29,HMAC-STEM-015304,15304,455,SA0|SA1
301,301,32,HMAC-STEM-016390,16390,5,SA0|SA1
302,302,8,HMAC-STEM-004239,4239,142,SA0|SA1
303,303,6,HMAC-STEM-003552,3552,479,SA0|SA1
304,304,13,HMAC-STEM-007125,7125,468,SA0|SA1
305,305,4,HMAC-STEM-002397,2397,348,SA0|SA1
306,306,14,HMAC-STEM-007428,7428,259,SA0|SA1
307,307,2,HMAC-STEM-001233,1233,208,SA0|SA1
308,308,13,HMAC-STEM-007103,7103,446,SA0|SA1
309,309,24,HMAC-STEM-012353,12353,64,SA0|SA1
310,310,14,HMAC-STEM-007179,7179,10,SA0|SA1
311,311,28,HMAC-STEM-014794,14794,457,SA0|SA1
312,312,6,HMAC-STEM-003224,3224,151,SA0|SA1
313,313,29,HMAC-STEM-015033,15033,184,SA0|SA1
314,314,28,HMAC-STEM-014349,14349,12,SA0|SA1
315,315,16,HMAC-STEM-008441,8441,248,SA0|SA1
316,316,17,HMAC-STEM-008935,8935,230,SA0|SA1
317,317,28,HMAC-STEM-014586,14586,249,SA0|SA1
318,318,4,HMAC-STEM-002057,2057,8,SA0|SA1
319,319,24,HMAC-STEM-012602,12602,313,SA0|SA1
320,320,5,HMAC-STEM-002932,2932,371,SA0|SA1
321,321,31,HMAC-STEM-016019,16019,146,SA0|SA1
322,322,41,HMAC-STEM-021315,21315,322,SA0|SA1
323,323,29,HMAC-STEM-015012,15012,163,SA0|SA1
324,324,10,HMAC-STEM-005312,5312,191,SA0|SA1
325,325,32,HMAC-STEM-016698,16698,313,SA0|SA1
326,326,1,HMAC-STEM-000758,758,245,SA0|SA1
327,327,18,HMAC-STEM-009409,9409,192,SA0|SA1
328,328,11,HMAC-STEM-006070,6070,437,SA0|SA1
329,329,11,HMAC-STEM-005659,5659,26,SA0|SA1
330,330,3,HMAC-STEM-001844,1844,307,SA0|SA1
331,331,2,HMAC-STEM-001370,1370,345,SA0|SA1
332,332,41,HMAC-STEM-021014,21014,21,SA0|SA1
333,333,2,HMAC-STEM-001334,1334,309,SA0|SA1
334,334,11,HMAC-STEM-006127,6127,494,SA0|SA1
335,335,8,HMAC-STEM-004184,4184,87,SA0|SA1
336,336,30,HMAC-STEM-015389,15389,28,SA0|SA1
337,337,11,HMAC-STEM-005690,5690,57,SA0|SA1
338,338,6,HMAC-STEM-003498,3498,425,SA0|SA1
339,339,25,HMAC-STEM-012908,12908,107,SA0|SA1
340,340,37,HMAC-STEM-019181,19181,236,SA0|SA1
341,341,8,HMAC-STEM-004196,4196,99,SA0|SA1
342,342,22,HMAC-STEM-011523,11523,258,SA0|SA1
343,343,30,HMAC-STEM-015500,15500,139,SA0|SA1
344,344,22,HMAC-STEM-011456,11456,191,SA0|SA1
345,345,3,HMAC-STEM-001584,1584,47,SA0|SA1
346,346,7,HMAC-STEM-004001,4001,416,SA0|SA1
347,347,25,HMAC-STEM-013280,13280,479,SA0|SA1
348,348,1,HMAC-STEM-000524,524,11,SA0|SA1
349,349,9,HMAC-STEM-004840,4840,231,SA0|SA1
350,350,2,HMAC-STEM-001432,1432,407,SA0|SA1
351,351,36,HMAC-STEM-018831,18831,398,SA0|SA1
352,352,4,HMAC-STEM-002281,2281,232,SA0|SA1
353,353,42,HMAC-STEM-021798,21798,293,SA0|SA1
354,354,1,HMAC-STEM-000671,671,158,SA0|SA1
355,355,1,HMAC-STEM-000677,677,164,SA0|SA1
356,356,21,HMAC-STEM-010875,10875,122,SA0|SA1
357,357,5,HMAC-STEM-002652,2652,91,SA0|SA1
358,358,11,HMAC-STEM-005777,5777,144,SA0|SA1
359,359,14,HMAC-STEM-007503,7503,334,SA0|SA1
360,360,41,HMAC-STEM-021086,21086,93,SA0|SA1
361,361,26,HMAC-STEM-013405,13405,92,SA0|SA1
362,362,18,HMAC-STEM-009303,9303,86,SA0|SA1
363,363,9,HMAC-STEM-004870,4870,261,SA0|SA1
364,364,24,HMAC-STEM-012727,12727,438,SA0|SA1
365,365,32,HMAC-STEM-016892,16892,507,SA0|SA1
366,366,0,HMAC-STEM-000188,188,187,SA0|SA1
367,367,19,HMAC-STEM-010056,10056,327,SA0|SA1
368,368,35,HMAC-STEM-018262,18262,341,SA0|SA1
369,369,32,HMAC-STEM-016430,16430,45,SA0|SA1
370,370,23,HMAC-STEM-011898,11898,121,SA0|SA1
371,371,5,HMAC-STEM-002955,2955,394,SA0|SA1
372,372,2,HMAC-STEM-001368,1368,343,SA0|SA1
373,373,36,HMAC-STEM-018667,18667,234,SA0|SA1
374,374,7,HMAC-STEM-003985,3985,400,SA0|SA1
375,375,5,HMAC-STEM-002907,2907,346,SA0|SA1
376,376,25,HMAC-STEM-013221,13221,420,SA0|SA1
377,377,19,HMAC-STEM-010119,10119,390,SA0|SA1
378,378,4,HMAC-STEM-002432,2432,383,SA0|SA1
379,379,37,HMAC-STEM-019187,19187,242,SA0|SA1
380,380,0,HMAC-STEM-000057,57,56,SA0|SA1
381,381,17,HMAC-STEM-009170,9170,465,SA0|SA1
382,382,2,HMAC-STEM-001025,1025,0,SA0|SA1
383,383,41,HMAC-STEM-021196,21196,203,SA0|SA1
384,384,23,HMAC-STEM-012150,12150,373,SA0|SA1
385,385,27,HMAC-STEM-014000,14000,175,SA0|SA1
386,386,20,HMAC-STEM-010497,10497,256,SA0|SA1
387,387,36,HMAC-STEM-018461,18461,28,SA0|SA1
388,388,13,HMAC-STEM-006691,6691,34,SA0|SA1
389,389,27,HMAC-STEM-014255,14255,430,SA0|SA1
390,390,2,HMAC-STEM-001519,1519,494,SA0|SA1
391,391,25,HMAC-STEM-012880,12880,79,SA0|SA1
392,392,37,HMAC-STEM-018979,18979,34,SA0|SA1
393,393,32,HMAC-STEM-016668,16668,283,SA0|SA1
394,394,42,HMAC-STEM-021529,21529,24,SA0|SA1
395,395,33,HMAC-STEM-016900,16900,3,SA0|SA1
396,396,1,HMAC-STEM-000721,721,208,SA0|SA1
397,397,39,HMAC-STEM-020257,20257,288,SA0|SA1
398,398,27,HMAC-STEM-014212,14212,387,SA0|SA1
399,399,32,HMAC-STEM-016837,16837,452,SA0|SA1
400,400,33,HMAC-STEM-017201,17201,304,SA0|SA1
401,401,15,HMAC-STEM-007921,7921,240,SA0|SA1
402,402,36,HMAC-STEM-018580,18580,147,SA0|SA1
403,403,8,HMAC-STEM-004389,4389,292,SA0|SA1
404,404,17,HMAC-STEM-009050,9050,345,SA0|SA1
405,405,3,HMAC-STEM-002007,2007,470,SA0|SA1
406,406,31,HMAC-STEM-016184,16184,311,SA0|SA1
407,407,17,HMAC-STEM-008814,8814,109,SA0|SA1
408,408,41,HMAC-STEM-021495,21495,502,SA0|SA1
409,409,17,HMAC-STEM-009016,9016,311,SA0|SA1
410,410,38,HMAC-STEM-019460,19460,3,SA0|SA1
411,411,38,HMAC-STEM-019511,19511,54,SA0|SA1
412,412,8,HMAC-STEM-004159,4159,62,SA0|SA1
413,413,39,HMAC-STEM-019985,19985,16,SA0|SA1
414,414,13,HMAC-STEM-007100,7100,443,SA0|SA1
415,415,21,HMAC-STEM-011146,11146,393,SA0|SA1
416,416,12,HMAC-STEM-006524,6524,379,SA0|SA1
417,417,32,HMAC-STEM-016393,16393,8,SA0|SA1
418,418,43,HMAC-STEM-022513,22513,496,SA0|SA1
419,419,3,HMAC-STEM-001685,1685,148,SA0|SA1
420,420,16,HMAC-STEM-008635,8635,442,SA0|SA1
421,421,14,HMAC-STEM-007337,7337,168,SA0|SA1
422,422,26,HMAC-STEM-013813,13813,500,SA0|SA1
423,423,8,HMAC-STEM-004454,4454,357,SA0|SA1
424,424,35,HMAC-STEM-018153,18153,232,SA0|SA1
425,425,32,HMAC-STEM-016557,16557,172,SA0|SA1
426,426,37,HMAC-STEM-019080,19080,135,SA0|SA1
427,427,15,HMAC-STEM-008014,8014,333,SA0|SA1
428,428,19,HMAC-STEM-009944,9944,215,SA0|SA1
429,429,33,HMAC-STEM-017304,17304,407,SA0|SA1
430,430,26,HMAC-STEM-013502,13502,189,SA0|SA1
431,431,40,HMAC-STEM-020765,20765,284,SA0|SA1
432,432,7,HMAC-STEM-004092,4092,507,SA0|SA1
433,433,8,HMAC-STEM-004156,4156,59,SA0|SA1
434,434,34,HMAC-STEM-017861,17861,452,SA0|SA1
435,435,13,HMAC-STEM-006683,6683,26,SA0|SA1
436,436,15,HMAC-STEM-007787,7787,106,SA0|SA1
437,437,11,HMAC-STEM-005845,5845,212,SA0|SA1
438,438,8,HMAC-STEM-004504,4504,407,SA0|SA1
439,439,11,HMAC-STEM-005682,5682,49,SA0|SA1
440,440,35,HMAC-STEM-018311,18311,390,SA0|SA1
441,441,19,HMAC-STEM-009804,9804,75,SA0|SA1
442,442,0,HMAC-STEM-000266,266,265,SA0|SA1
443,443,7,HMAC-STEM-004033,4033,448,SA0|SA1
444,444,29,HMAC-STEM-015069,15069,220,SA0|SA1
445,445,31,HMAC-STEM-015992,15992,119,SA0|SA1
446,446,15,HMAC-STEM-008181,8181,500,SA0|SA1
447,447,4,HMAC-STEM-002100,2100,51,SA0|SA1
448,448,16,HMAC-STEM-008607,8607,414,SA0|SA1
449,449,33,HMAC-STEM-017256,17256,359,SA0|SA1
450,450,0,HMAC-STEM-000223,223,222,SA0|SA1
451,451,25,HMAC-STEM-013175,13175,374,SA0|SA1
452,452,0,HMAC-STEM-000296,296,295,SA0|SA1
453,453,25,HMAC-STEM-013194,13194,393,SA0|SA1
454,454,35,HMAC-STEM-018053,18053,132,SA0|SA1
455,455,36,HMAC-STEM-018548,18548,115,SA0|SA1
456,456,38,HMAC-STEM-019564,19564,107,SA0|SA1
457,457,11,HMAC-STEM-006006,6006,373,SA0|SA1
458,458,11,HMAC-STEM-006051,6051,418,SA0|SA1
459,459,9,HMAC-STEM-004798,4798,189,SA0|SA1
460,460,1,HMAC-STEM-000953,953,440,SA0|SA1
461,461,13,HMAC-STEM-006806,6806,149,SA0|SA1
462,462,6,HMAC-STEM-003218,3218,145,SA0|SA1
463,463,39,HMAC-STEM-020065,20065,96,SA0|SA1
464,464,13,HMAC-STEM-007086,7086,429,SA0|SA1
465,465,32,HMAC-STEM-016851,16851,466,SA0|SA1
466,466,22,HMAC-STEM-011612,11612,347,SA0|SA1
467,467,8,HMAC-STEM-004540,4540,443,SA0|SA1
468,468,37,HMAC-STEM-018967,18967,22,SA0|SA1
469,469,4,HMAC-STEM-002215,2215,166,SA0|SA1
470,470,31,HMAC-STEM-016084,16084,211,SA0|SA1
471,471,20,HMAC-STEM-010375,10375,134,SA0|SA1
472,472,36,HMAC-STEM-018518,18518,85,SA0|SA1
473,473,11,HMAC-STEM-005764,5764,131,SA0|SA1
474,474,37,HMAC-STEM-019354,19354,409,SA0|SA1
475,475,42,HMAC-STEM-021546,21546,41,SA0|SA1
476,476,14,HMAC-STEM-007431,7431,262,SA0|SA1
477,477,6,HMAC-STEM-003538,3538,465,SA0|SA1
478,478,13,HMAC-STEM-007024,7024,367,SA0|SA1
479,479,22,HMAC-STEM-011513,11513,248,SA0|SA1
480,480,18,HMAC-STEM-009666,9666,449,SA0|SA1
481,481,38,HMAC-STEM-019474,19474,17,SA0|SA1
482,482,24,HMAC-STEM-012612,12612,323,SA0|SA1
483,483,18,HMAC-STEM-009593,9593,376,SA0|SA1
484,484,24,HMAC-STEM-012340,12340,51,SA0|SA1
485,485,41,HMAC-STEM-021064,21064,71,SA0|SA1
486,486,3,HMAC-STEM-001821,1821,284,SA0|SA1
487,487,9,HMAC-STEM-004762,4762,153,SA0|SA1
488,488,43,HMAC-STEM-022494,22494,477,SA0|SA1
489,489,22,HMAC-STEM-011426,11426,161,SA0|SA1
490,490,40,HMAC-STEM-020980,20980,499,SA0|SA1
491,491,20,HMAC-STEM-010603,10603,362,SA0|SA1
492,492,1,HMAC-STEM-000782,782,269,SA0|SA1
493,493,4,HMAC-STEM-002081,2081,32,SA0|SA1
494,494,19,HMAC-STEM-009941,9941,212,SA0|SA1
495,495,29,HMAC-STEM-015166,15166,317,SA0|SA1
496,496,15,HMAC-STEM-007888,7888,207,SA0|SA1
497,497,39,HMAC-STEM-020309,20309,340,SA0|SA1
498,498,35,HMAC-STEM-018034,18034,113,SA0|SA1
499,499,9,HMAC-STEM-004903,4903,294,SA0|SA1
500,500,4,HMAC-STEM-002237,2237,188,SA0|SA1
501,501,24,HMAC-STEM-012757,12757,468,SA0|SA1
502,502,0,HMAC-STEM-000497,497,496,SA0|SA1
503,503,38,HMAC-STEM-019568,19568,111,SA0|SA1
504,504,27,HMAC-STEM-014057,14057,232,SA0|SA1
505,505,1,HMAC-STEM-000978,978,465,SA0|SA1
506,506,37,HMAC-STEM-018954,18954,9,SA0|SA1
507,507,9,HMAC-STEM-004888,4888,279,SA0|SA1
508,508,11,HMAC-STEM-005710,5710,77,SA0|SA1
509,509,28,HMAC-STEM-014574,14574,237,SA0|SA1
510,510,33,HMAC-STEM-017242,17242,345,SA0|SA1
511,511,20,HMAC-STEM-010354,10354,113,SA0|SA1
512,512,6,HMAC-STEM-003328,3328,255,SA0|SA1
513,513,28,HMAC-STEM-014795,14795,458,SA0|SA1
514,514,10,HMAC-STEM-005606,5606,485,SA0|SA1
515,515,26,HMAC-STEM-013672,13672,359,SA0|SA1
516,516,6,HMAC-STEM-003188,3188,115,SA0|SA1
517,517,21,HMAC-STEM-011102,11102,349,SA0|SA1
518,518,26,HMAC-STEM-013553,13553,240,SA0|SA1
519,519,25,HMAC-STEM-013217,13217,416,SA0|SA1
520,520,43,HMAC-STEM-022297,22297,280,SA0|SA1
521,521,33,HMAC-STEM-016942,16942,45,SA0|SA1
522,522,28,HMAC-STEM-014352,14352,15,SA0|SA1
523,523,34,HMAC-STEM-017875,17875,466,SA0|SA1
524,524,7,HMAC-STEM-004032,4032,447,SA0|SA1
525,525,41,HMAC-STEM-021018,21018,25,SA0|SA1
526,526,30,HMAC-STEM-015719,15719,358,SA0|SA1
527,527,12,HMAC-STEM-006202,6202,57,SA0|SA1
528,528,29,HMAC-STEM-015322,15322,473,SA0|SA1
529,529,28,HMAC-STEM-014572,14572,235,SA0|SA1
530,530,18,HMAC-STEM-009660,9660,443,SA0|SA1
531,531,16,HMAC-STEM-008528,8528,335,SA0|SA1
532,532,6,HMAC-STEM-003378,3378,305,SA0|SA1
533,533,4,HMAC-STEM-002206,2206,157,SA0|SA1
534,534,38,HMAC-STEM-019904,19904,447,SA0|SA1
535,535,0,HMAC-STEM-000097,97,96,SA0|SA1
536,536,5,HMAC-STEM-002679,2679,118,SA0|SA1
537,537,31,HMAC-STEM-015885,15885,12,SA0|SA1
538,538,17,HMAC-STEM-008817,8817,112,SA0|SA1
539,539,22,HMAC-STEM-011536,11536,271,SA0|SA1
540,540,29,HMAC-STEM-014970,14970,121,SA0|SA1
541,541,26,HMAC-STEM-013626,13626,313,SA0|SA1
542,542,20,HMAC-STEM-010246,10246,5,SA0|SA1
543,543,9,HMAC-STEM-004921,4921,312,SA0|SA1
544,544,25,HMAC-STEM-013229,13229,428,SA0|SA1
545,545,19,HMAC-STEM-009911,9911,182,SA0|SA1
546,546,22,HMAC-STEM-011432,11432,167,SA0|SA1
547,547,32,HMAC-STEM-016717,16717,332,SA0|SA1
548,548,7,HMAC-STEM-003950,3950,365,SA0|SA1
549,549,4,HMAC-STEM-002546,2546,497,SA0|SA1
550,550,39,HMAC-STEM-019979,19979,10,SA0|SA1
551,551,32,HMAC-STEM-016876,16876,491,SA0|SA1
552,552,13,HMAC-STEM-006980,6980,323,SA0|SA1
553,553,20,HMAC-STEM-010505,10505,264,SA0|SA1
554,554,40,HMAC-STEM-020592,20592,111,SA0|SA1
555,555,5,HMAC-STEM-002824,2824,263,SA0|SA1
556,556,24,HMAC-STEM-012765,12765,476,SA0|SA1
557,557,42,HMAC-STEM-021682,21682,177,SA0|SA1
558,558,30,HMAC-STEM-015732,15732,371,SA0|SA1
559,559,13,HMAC-STEM-006790,6790,133,SA0|SA1
560,560,20,HMAC-STEM-010432,10432,191,SA0|SA1
561,561,33,HMAC-STEM-017286,17286,389,SA0|SA1
562,562,33,HMAC-STEM-016953,16953,56,SA0|SA1
563,563,42,HMAC-STEM-021852,21852,347,SA0|SA1
564,564,8,HMAC-STEM-004426,4426,329,SA0|SA1
565,565,27,HMAC-STEM-014102,14102,277,SA0|SA1
566,566,2,HMAC-STEM-001417,1417,392,SA0|SA1
567,567,8,HMAC-STEM-004576,4576,479,SA0|SA1
568,568,11,HMAC-STEM-005930,5930,297,SA0|SA1
569,569,3,HMAC-STEM-001691,1691,154,SA0|SA1
570,570,5,HMAC-STEM-002831,2831,270,SA0|SA1
571,571,8,HMAC-STEM-004550,4550,453,SA0|SA1
572,572,25,HMAC-STEM-012820,12820,19,SA0|SA1
573,573,42,HMAC-STEM-021608,21608,103,SA0|SA1
574,574,4,HMAC-STEM-002059,2059,10,SA0|SA1
575,575,36,HMAC-STEM-018589,18589,156,SA0|SA1
576,576,16,HMAC-STEM-008466,8466,273,SA0|SA1
577,577,41,HMAC-STEM-021449,21449,456,SA0|SA1
578,578,12,HMAC-STEM-006584,6584,439,SA0|SA1
579,579,16,HMAC-STEM-008546,8546,353,SA0|SA1
580,580,9,HMAC-STEM-004958,4958,349,SA0|SA1
581,581,21,HMAC-STEM-011256,11256,503,SA0|SA1
582,582,22,HMAC-STEM-011358,11358,93,SA0|SA1
583,583,16,HMAC-STEM-008467,8467,274,SA0|SA1
584,584,6,HMAC-STEM-003133,3133,60,SA0|SA1
585,585,21,HMAC-STEM-011234,11234,481,SA0|SA1
586,586,28,HMAC-STEM-014653,14653,316,SA0|SA1
587,587,30,HMAC-STEM-015378,15378,17,SA0|SA1
588,588,22,HMAC-STEM-011705,11705,440,SA0|SA1
589,589,15,HMAC-STEM-007767,7767,86,SA0|SA1
590,590,35,HMAC-STEM-018205,18205,284,SA0|SA1
591,591,24,HMAC-STEM-012558,12558,269,SA0|SA1
592,592,39,HMAC-STEM-020118,20118,149,SA0|SA1
593,593,38,HMAC-STEM-019483,19483,26,SA0|SA1
594,594,17,HMAC-STEM-009188,9188,483,SA0|SA1
595,595,26,HMAC-STEM-013404,13404,91,SA0|SA1
596,596,25,HMAC-STEM-013034,13034,233,SA0|SA1
597,597,19,HMAC-STEM-010141,10141,412,SA0|SA1
598,598,42,HMAC-STEM-022014,22014,509,SA0|SA1
599,599,3,HMAC-STEM-001916,1916,379,SA0|SA1
600,600,17,HMAC-STEM-008981,8981,276,SA0|SA1
601,601,27,HMAC-STEM-013892,13892,67,SA0|SA1
602,602,13,HMAC-STEM-006879,6879,222,SA0|SA1
603,603,23,HMAC-STEM-011923,11923,146,SA0|SA1
604,604,44,HMAC-STEM-022554,22554,25,SA0|SA1
605,605,27,HMAC-STEM-014124,14124,299,SA0|SA1
606,606,40,HMAC-STEM-020991,20991,510,SA0|SA1
607,607,41,HMAC-STEM-021464,21464,471,SA0|SA1
608,608,10,HMAC-STEM-005329,5329,208,SA0|SA1
609,609,13,HMAC-STEM-006671,6671,14,SA0|SA1
610,610,27,HMAC-STEM-013907,13907,82,SA0|SA1
611,611,37,HMAC-STEM-019135,19135,190,SA0|SA1
612,612,43,HMAC-STEM-022469,22469,452,SA0|SA1
613,613,42,HMAC-STEM-021563,21563,58,SA0|SA1
614,614,30,HMAC-STEM-015435,15435,74,SA0|SA1
615,615,8,HMAC-STEM-004425,4425,328,SA0|SA1
616,616,43,HMAC-STEM-022414,22414,397,SA0|SA1
617,617,14,HMAC-STEM-007332,7332,163,SA0|SA1
618,618,3,HMAC-STEM-001984,1984,447,SA0|SA1
619,619,33,HMAC-STEM-017025,17025,128,SA0|SA1
620,620,32,HMAC-STEM-016620,16620,235,SA0|SA1
621,621,0,HMAC-STEM-000304,304,303,SA0|SA1
622,622,13,HMAC-STEM-006996,6996,339,SA0|SA1
623,623,0,HMAC-STEM-000027,27,26,SA0|SA1
624,624,8,HMAC-STEM-004465,4465,368,SA0|SA1
625,625,21,HMAC-STEM-011103,11103,350,SA0|SA1
626,626,1,HMAC-STEM-000817,817,304,SA0|SA1
627,627,30,HMAC-STEM-015768,15768,407,SA0|SA1
628,628,12,HMAC-STEM-006335,6335,190,SA0|SA1
629,629,21,HMAC-STEM-010839,10839,86,SA0|SA1
630,630,36,HMAC-STEM-018710,18710,277,SA0|SA1
631,631,41,HMAC-STEM-021035,21035,42,SA0|SA1
632,632,30,HMAC-STEM-015605,15605,244,SA0|SA1
633,633,6,HMAC-STEM-003427,3427,354,SA0|SA1
634,634,12,HMAC-STEM-006330,6330,185,SA0|SA1
635,635,35,HMAC-STEM-018400,18400,479,SA0|SA1
636,636,25,HMAC-STEM-013223,13223,422,SA0|SA1
637,637,40,HMAC-STEM-020504,20504,23,SA0|SA1
638,638,21,HMAC-STEM-010930,10930,177,SA0|SA1
639,639,30,HMAC-STEM-015803,15803,442,SA0|SA1
640,640,30,HMAC-STEM-015597,15597,236,SA0|SA1
641,641,16,HMAC-STEM-008396,8396,203,SA0|SA1
642,642,34,HMAC-STEM-017660,17660,251,SA0|SA1
643,643,13,HMAC-STEM-006869,6869,212,SA0|SA1
644,644,20,HMAC-STEM-010270,10270,29,SA0|SA1
645,645,19,HMAC-STEM-009910,9910,181,SA0|SA1
646,646,19,HMAC-STEM-010108,10108,379,SA0|SA1
647,647,18,HMAC-STEM-009397,9397,180,SA0|SA1
648,648,31,HMAC-STEM-016375,16375,502,SA0|SA1
649,649,43,HMAC-STEM-022449,22449,432,SA0|SA1
650,650,33,HMAC-STEM-016931,16931,34,SA0|SA1
651,651,13,HMAC-STEM-006892,6892,235,SA0|SA1
652,652,27,HMAC-STEM-014296,14296,471,SA0|SA1
653,653,24,HMAC-STEM-012645,12645,356,SA0|SA1
654,654,30,HMAC-STEM-015370,15370,9,SA0|SA1
655,655,34,HMAC-STEM-017561,17561,152,SA0|SA1
656,656,38,HMAC-STEM-019708,19708,251,SA0|SA1
657,657,29,HMAC-STEM-015278,15278,429,SA0|SA1
658,658,32,HMAC-STEM-016875,16875,490,SA0|SA1
659,659,13,HMAC-STEM-007043,7043,386,SA0|SA1
660,660,44,HMAC-STEM-022646,22646,117,SA0|SA1
661,661,11,HMAC-STEM-005753,5753,120,SA0|SA1
662,662,28,HMAC-STEM-014660,14660,323,SA0|SA1
663,663,35,HMAC-STEM-018193,18193,272,SA0|SA1
664,664,2,HMAC-STEM-001070,1070,45,SA0|SA1
665,665,21,HMAC-STEM-010758,10758,5,SA0|SA1
666,666,37,HMAC-STEM-019013,19013,68,SA0|SA1
667,667,37,HMAC-STEM-019305,19305,360,SA0|SA1
668,668,19,HMAC-STEM-010039,10039,310,SA0|SA1
669,669,43,HMAC-STEM-022134,22134,117,SA0|SA1
670,670,6,HMAC-STEM-003267,3267,194,SA0|SA1
671,671,30,HMAC-STEM-015468,15468,107,SA0|SA1
672,672,14,HMAC-STEM-007519,7519,350,SA0|SA1
673,673,4,HMAC-STEM-002306,2306,257,SA0|SA1
674,674,34,HMAC-STEM-017849,17849,440,SA0|SA1
675,675,44,HMAC-STEM-022736,22736,207,SA0|SA1
676,676,43,HMAC-STEM-022238,22238,221,SA0|SA1
677,677,25,HMAC-STEM-012899,12899,98,SA0|SA1
678,678,12,HMAC-STEM-006461,6461,316,SA0|SA1
679,679,27,HMAC-STEM-014270,14270,445,SA0|SA1
680,680,33,HMAC-STEM-016946,16946,49,SA0|SA1
681,681,33,HMAC-STEM-017403,17403,506,SA0|SA1
682,682,19,HMAC-STEM-010025,10025,296,SA0|SA1
683,683,1,HMAC-STEM-000893,893,380,SA0|SA1
684,684,12,HMAC-STEM-006331,6331,186,SA0|SA1
685,685,19,HMAC-STEM-010003,10003,274,SA0|SA1
686,686,5,HMAC-STEM-002947,2947,386,SA0|SA1
687,687,13,HMAC-STEM-007049,7049,392,SA0|SA1
688,688,44,HMAC-STEM-022605,22605,76,SA0|SA1
689,689,9,HMAC-STEM-004648,4648,39,SA0|SA1
690,690,35,HMAC-STEM-018332,18332,411,SA0|SA1
691,691,28,HMAC-STEM-014815,14815,478,SA0|SA1
692,692,28,HMAC-STEM-014629,14629,292,SA0|SA1
693,693,4,HMAC-STEM-002105,2105,56,SA0|SA1
694,694,6,HMAC-STEM-003443,3443,370,SA0|SA1
695,695,39,HMAC-STEM-020361,20361,392,SA0|SA1
696,696,43,HMAC-STEM-022162,22162,145,SA0|SA1
697,697,39,HMAC-STEM-020140,20140,171,SA0|SA1
698,698,29,HMAC-STEM-014961,14961,112,SA0|SA1
699,699,28,HMAC-STEM-014570,14570,233,SA0|SA1
700,700,33,HMAC-STEM-017239,17239,342,SA0|SA1
701,701,11,HMAC-STEM-006095,6095,462,SA0|SA1
702,702,32,HMAC-STEM-016716,16716,331,SA0|SA1
703,703,20,HMAC-STEM-010617,10617,376,SA0|SA1
704,704,37,HMAC-STEM-019044,19044,99,SA0|SA1
705,705,19,HMAC-STEM-010232,10232,503,SA0|SA1
706,706,37,HMAC-STEM-019364,19364,419,SA0|SA1
707,707,29,HMAC-STEM-015332,15332,483,SA0|SA1
708,708,39,HMAC-STEM-020042,20042,73,SA0|SA1
709,709,3,HMAC-STEM-001995,1995,458,SA0|SA1
710,710,30,HMAC-STEM-015714,15714,353,SA0|SA1
711,711,9,HMAC-STEM-005019,5019,410,SA0|SA1
712,712,0,HMAC-STEM-000230,230,229,SA0|SA1
713,713,39,HMAC-STEM-020037,20037,68,SA0|SA1
714,714,42,HMAC-STEM-021859,21859,354,SA0|SA1
715,715,13,HMAC-STEM-006896,6896,239,SA0|SA1
716,716,36,HMAC-STEM-018533,18533,100,SA0|SA1
717,717,27,HMAC-STEM-014243,14243,418,SA0|SA1
718,718,30,HMAC-STEM-015519,15519,158,SA0|SA1
719,719,39,HMAC-STEM-020454,20454,485,SA0|SA1
720,720,40,HMAC-STEM-020758,20758,277,SA0|SA1
721,721,16,HMAC-STEM-008258,8258,65,SA0|SA1
722,722,23,HMAC-STEM-012255,12255,478,SA0|SA1
723,723,15,HMAC-STEM-007706,7706,25,SA0|SA1
724,724,10,HMAC-STEM-005489,5489,368,SA0|SA1
725,725,34,HMAC-STEM-017882,17882,473,SA0|SA1
726,726,42,HMAC-STEM-021703,21703,198,SA0|SA1
727,727,5,HMAC-STEM-002588,2588,27,SA0|SA1
728,728,17,HMAC-STEM-009179,9179,474,SA0|SA1
729,729,16,HMAC-STEM-008320,8320,127,SA0|SA1
730,730,36,HMAC-STEM-018692,18692,259,SA0|SA1
731,731,37,HMAC-STEM-019255,19255,310,SA0|SA1
732,732,35,HMAC-STEM-018423,18423,502,SA0|SA1
733,733,26,HMAC-STEM-013777,13777,464,SA0|SA1
734,734,24,HMAC-STEM-012691,12691,402,SA0|SA1
735,735,14,HMAC-STEM-007667,7667,498,SA0|SA1
736,736,9,HMAC-STEM-004795,4795,186,SA0|SA1
737,737,12,HMAC-STEM-006475,6475,330,SA0|SA1
738,738,30,HMAC-STEM-015750,15750,389,SA0|SA1
739,739,16,HMAC-STEM-008599,8599,406,SA0|SA1
740,740,42,HMAC-STEM-021820,21820,315,SA0|SA1
741,741,18,HMAC-STEM-009471,9471,254,SA0|SA1
742,742,15,HMAC-STEM-007790,7790,109,SA0|SA1
743,743,13,HMAC-STEM-007099,7099,442,SA0|SA1
744,744,25,HMAC-STEM-012928,12928,127,SA0|SA1
745,745,5,HMAC-STEM-002673,2673,112,SA0|SA1
746,746,24,HMAC-STEM-012680,12680,391,SA0|SA1
747,747,0,HMAC-STEM-000219,219,218,SA0|SA1
748,748,8,HMAC-STEM-004584,4584,487,SA0|SA1
749,749,34,HMAC-STEM-017693,17693,284,SA0|SA1
750,750,26,HMAC-STEM-013721,13721,408,SA0|SA1
751,751,12,HMAC-STEM-006534,6534,389,SA0|SA1
752,752,39,HMAC-STEM-020350,20350,381,SA0|SA1
753,753,2,HMAC-STEM-001210,1210,185,SA0|SA1
754,754,24,HMAC-STEM-012636,12636,347,SA0|SA1
755,755,4,HMAC-STEM-002441,2441,392,SA0|SA1
756,756,30,HMAC-STEM-015381,15381,20,SA0|SA1
757,757,36,HMAC-STEM-018645,18645,212,SA0|SA1
758,758,42,HMAC-STEM-022008,22008,503,SA0|SA1
759,759,20,HMAC-STEM-010540,10540,299,SA0|SA1
760,760,9,HMAC-STEM-004841,4841,232,SA0|SA1
761,761,17,HMAC-STEM-009102,9102,397,SA0|SA1
762,762,33,HMAC-STEM-017133,17133,236,SA0|SA1
763,763,41,HMAC-STEM-021109,21109,116,SA0|SA1
764,764,21,HMAC-STEM-011183,11183,430,SA0|SA1
765,765,31,HMAC-STEM-016136,16136,263,SA0|SA1
766,766,8,HMAC-STEM-004475,4475,378,SA0|SA1
767,767,31,HMAC-STEM-016209,16209,336,SA0|SA1
768,768,42,HMAC-STEM-021646,21646,141,SA0|SA1
769,769,11,HMAC-STEM-005881,5881,248,SA0|SA1
770,770,24,HMAC-STEM-012716,12716,427,SA0|SA1
771,771,23,HMAC-STEM-012209,12209,432,SA0|SA1
772,772,37,HMAC-STEM-019046,19046,101,SA0|SA1
773,773,41,HMAC-STEM-021125,21125,132,SA0|SA1
774,774,8,HMAC-STEM-004222,4222,125,SA0|SA1
775,775,41,HMAC-STEM-021081,21081,88,SA0|SA1
776,776,31,HMAC-STEM-016334,16334,461,SA0|SA1
777,777,23,HMAC-STEM-011789,11789,12,SA0|SA1
778,778,35,HMAC-STEM-018059,18059,138,SA0|SA1
779,779,6,HMAC-STEM-003488,3488,415,SA0|SA1
780,780,21,HMAC-STEM-011055,11055,302,SA0|SA1
781,781,38,HMAC-STEM-019464,19464,7,SA0|SA1
782,782,31,HMAC-STEM-016315,16315,442,SA0|SA1
783,783,22,HMAC-STEM-011617,11617,352,SA0|SA1
784,784,28,HMAC-STEM-014415,14415,78,SA0|SA1
785,785,16,HMAC-STEM-008535,8535,342,SA0|SA1
786,786,24,HMAC-STEM-012744,12744,455,SA0|SA1
787,787,31,HMAC-STEM-015989,15989,116,SA0|SA1
788,788,16,HMAC-STEM-008571,8571,378,SA0|SA1
789,789,13,HMAC-STEM-007079,7079,422,SA0|SA1
790,790,32,HMAC-STEM-016405,16405,20,SA0|SA1
791,791,23,HMAC-STEM-011908,11908,131,SA0|SA1
792,792,34,HMAC-STEM-017773,17773,364,SA0|SA1
793,793,21,HMAC-STEM-011058,11058,305,SA0|SA1
794,794,36,HMAC-STEM-018636,18636,203,SA0|SA1
795,795,11,HMAC-STEM-005685,5685,52,SA0|SA1
796,796,10,HMAC-STEM-005468,5468,347,SA0|SA1
797,797,29,HMAC-STEM-014908,14908,59,SA0|SA1
798,798,28,HMAC-STEM-014499,14499,162,SA0|SA1
799,799,19,HMAC-STEM-010009,10009,280,SA0|SA1
800,800,42,HMAC-STEM-021892,21892,387,SA0|SA1
801,801,15,HMAC-STEM-007786,7786,105,SA0|SA1
802,802,8,HMAC-STEM-004203,4203,106,SA0|SA1
803,803,3,HMAC-STEM-001893,1893,356,SA0|SA1
804,804,30,HMAC-STEM-015637,15637,276,SA0|SA1
805,805,41,HMAC-STEM-021022,21022,29,SA0|SA1
806,806,33,HMAC-STEM-017309,17309,412,SA0|SA1
807,807,12,HMAC-STEM-006336,6336,191,SA0|SA1
808,808,9,HMAC-STEM-004741,4741,132,SA0|SA1
809,809,35,HMAC-STEM-018359,18359,438,SA0|SA1
810,810,38,HMAC-STEM-019681,19681,224,SA0|SA1
811,811,14,HMAC-STEM-007525,7525,356,SA0|SA1
812,812,33,HMAC-STEM-017325,17325,428,SA0|SA1
813,813,5,HMAC-STEM-002651,2651,90,SA0|SA1
814,814,43,HMAC-STEM-022335,22335,318,SA0|SA1
815,815,14,HMAC-STEM-007511,7511,342,SA0|SA1
816,816,42,HMAC-STEM-021876,21876,371,SA0|SA1
817,817,41,HMAC-STEM-021313,21313,320,SA0|SA1
818,818,23,HMAC-STEM-012146,12146,369,SA0|SA1
819,819,15,HMAC-STEM-007994,7994,313,SA0|SA1
820,820,3,HMAC-STEM-002000,2000,463,SA0|SA1
821,821,28,HMAC-STEM-014383,14383,46,SA0|SA1
822,822,5,HMAC-STEM-002943,2943,382,SA0|SA1
823,823,35,HMAC-STEM-017980,17980,59,SA0|SA1
824,824,25,HMAC-STEM-013105,13105,304,SA0|SA1
825,825,20,HMAC-STEM-010311,10311,70,SA0|SA1
826,826,15,HMAC-STEM-007757,7757,76,SA0|SA1
827,827,31,HMAC-STEM-016211,16211,338,SA0|SA1
828,828,8,HMAC-STEM-004439,4439,342,SA0|SA1
829,829,5,HMAC-STEM-002684,2684,123,SA0|SA1
830,830,41,HMAC-STEM-021332,21332,339,SA0|SA1
831,831,12,HMAC-STEM-006613,6613,468,SA0|SA1
832,832,17,HMAC-STEM-008705,8705,0,SA0|SA1
833,833,26,HMAC-STEM-013443,13443,130,SA0|SA1
834,834,42,HMAC-STEM-021959,21959,454,SA0|SA1
835,835,18,HMAC-STEM-009497,9497,280,SA0|SA1
836,836,40,HMAC-STEM-020497,20497,16,SA0|SA1
837,837,16,HMAC-STEM-008688,8688,495,SA0|SA1
838,838,35,HMAC-STEM-018051,18051,130,SA0|SA1
839,839,41,HMAC-STEM-021329,21329,336,SA0|SA1
840,840,19,HMAC-STEM-010029,10029,300,SA0|SA1
841,841,41,HMAC-STEM-021134,21134,141,SA0|SA1
842,842,23,HMAC-STEM-011933,11933,156,SA0|SA1
843,843,28,HMAC-STEM-014809,14809,472,SA0|SA1
844,844,28,HMAC-STEM-014391,14391,54,SA0|SA1
845,845,15,HMAC-STEM-007746,7746,65,SA0|SA1
846,846,35,HMAC-STEM-018016,18016,95,SA0|SA1
847,847,2,HMAC-STEM-001301,1301,276,SA0|SA1
848,848,18,HMAC-STEM-009385,9385,168,SA0|SA1
849,849,43,HMAC-STEM-022503,22503,486,SA0|SA1
850,850,30,HMAC-STEM-015511,15511,150,SA0|SA1
851,851,13,HMAC-STEM-007117,7117,460,SA0|SA1
852,852,30,HMAC-STEM-015469,15469,108,SA0|SA1
853,853,20,HMAC-STEM-010670,10670,429,SA0|SA1
854,854,1,HMAC-STEM-000801,801,288,SA0|SA1
855,855,12,HMAC-STEM-006148,6148,3,SA0|SA1
856,856,27,HMAC-STEM-013850,13850,25,SA0|SA1
857,857,25,HMAC-STEM-013270,13270,469,SA0|SA1
858,858,39,HMAC-STEM-020060,20060,91,SA0|SA1
859,859,42,HMAC-STEM-021818,21818,313,SA0|SA1
860,860,25,HMAC-STEM-013068,13068,267,SA0|SA1
861,861,1,HMAC-STEM-000798,798,285,SA0|SA1
862,862,2,HMAC-STEM-001472,1472,447,SA0|SA1
863,863,7,HMAC-STEM-003919,3919,334,SA0|SA1
864,864,37,HMAC-STEM-019010,19010,65,SA0|SA1
865,865,12,HMAC-STEM-006390,6390,245,SA0|SA1
866,866,27,HMAC-STEM-014218,14218,393,SA0|SA1
867,867,13,HMAC-STEM-006821,6821,164,SA0|SA1
868,868,19,HMAC-STEM-009954,9954,225,SA0|SA1
869,869,16,HMAC-STEM-008622,8622,429,SA0|SA1
870,870,33,HMAC-STEM-017064,17064,167,SA0|SA1
871,871,29,HMAC-STEM-015001,15001,152,SA0|SA1
872,872,21,HMAC-STEM-011000,11000,247,SA0|SA1
873,873,32,HMAC-STEM-016683,16683,298,SA0|SA1
874,874,37,HMAC-STEM-019248,19248,303,SA0|SA1
875,875,29,HMAC-STEM-015162,15162,313,SA0|SA1
876,876,23,HMAC-STEM-012043,12043,266,SA0|SA1
877,877,43,HMAC-STEM-022174,22174,157,SA0|SA1
878,878,32,HMAC-STEM-016762,16762,377,SA0|SA1
879,879,21,HMAC-STEM-011214,11214,461,SA0|SA1
880,880,33,HMAC-STEM-017089,17089,192,SA0|SA1
881,881,10,HMAC-STEM-005256,5256,135,SA0|SA1
882,882,27,HMAC-STEM-014238,14238,413,SA0|SA1
883,883,20,HMAC-STEM-010347,10347,106,SA0|SA1
884,884,5,HMAC-STEM-002671,2671,110,SA0|SA1
885,885,20,HMAC-STEM-010430,10430,189,SA0|SA1
886,886,43,HMAC-STEM-022262,22262,245,SA0|SA1
887,887,20,HMAC-STEM-010729,10729,488,SA0|SA1
888,888,31,HMAC-STEM-016251,16251,378,SA0|SA1
889,889,39,HMAC-STEM-020296,20296,327,SA0|SA1
890,890,40,HMAC-STEM-020982,20982,501,SA0|SA1
891,891,27,HMAC-STEM-013900,13900,75,SA0|SA1
892,892,39,HMAC-STEM-020412,20412,443,SA0|SA1
893,893,20,HMAC-STEM-010612,10612,371,SA0|SA1
894,894,23,HMAC-STEM-012171,12171,394,SA0|SA1
895,895,27,HMAC-STEM-014278,14278,453,SA0|SA1
896,896,25,HMAC-STEM-013164,13164,363,SA0|SA1
897,897,28,HMAC-STEM-014846,14846,509,SA0|SA1
898,898,15,HMAC-STEM-007939,7939,258,SA0|SA1
899,899,6,HMAC-STEM-003157,3157,84,SA0|SA1
900,900,17,HMAC-STEM-008964,8964,259,SA0|SA1
901,901,8,HMAC-STEM-004449,4449,352,SA0|SA1
902,902,44,HMAC-STEM-022729,22729,200,SA0|SA1
903,903,40,HMAC-STEM-020597,20597,116,SA0|SA1
904,904,31,HMAC-STEM-015981,15981,108,SA0|SA1
905,905,16,HMAC-STEM-008268,8268,75,SA0|SA1
906,906,43,HMAC-STEM-022407,22407,390,SA0|SA1
907,907,6,HMAC-STEM-003197,3197,124,SA0|SA1
908,908,40,HMAC-STEM-020501,20501,20,SA0|SA1
909,909,20,HMAC-STEM-010539,10539,298,SA0|SA1
910,910,3,HMAC-STEM-001558,1558,21,SA0|SA1
911,911,31,HMAC-STEM-016376,16376,503,SA0|SA1
912,912,43,HMAC-STEM-022304,22304,287,SA0|SA1
913,913,2,HMAC-STEM-001097,1097,72,SA0|SA1
914,914,3,HMAC-STEM-001737,1737,200,SA0|SA1
915,915,40,HMAC-STEM-020654,20654,173,SA0|SA1
916,916,30,HMAC-STEM-015811,15811,450,SA0|SA1
917,917,24,HMAC-STEM-012615,12615,326,SA0|SA1
918,918,8,HMAC-STEM-004325,4325,228,SA0|SA1
919,919,42,HMAC-STEM-021748,21748,243,SA0|SA1
920,920,8,HMAC-STEM-004100,4100,3,SA0|SA1
921,921,30,HMAC-STEM-015757,15757,396,SA0|SA1
922,922,41,HMAC-STEM-021477,21477,484,SA0|SA1
923,923,30,HMAC-STEM-015690,15690,329,SA0|SA1
924,924,37,HMAC-STEM-018956,18956,11,SA0|SA1
925,925,11,HMAC-STEM-005905,5905,272,SA0|SA1
926,926,22,HMAC-STEM-011437,11437,172,SA0|SA1
927,927,12,HMAC-STEM-006193,6193,48,SA0|SA1
928,928,28,HMAC-STEM-014347,14347,10,SA0|SA1
929,929,17,HMAC-STEM-009139,9139,434,SA0|SA1
930,930,4,HMAC-STEM-002368,2368,319,SA0|SA1
931,931,23,HMAC-STEM-011877,11877,100,SA0|SA1
932,932,25,HMAC-STEM-012863,12863,62,SA0|SA1
933,933,43,HMAC-STEM-022308,22308,291,SA0|SA1
934,934,7,HMAC-STEM-003810,3810,225,SA0|SA1
935,935,13,HMAC-STEM-006715,6715,58,SA0|SA1
936,936,11,HMAC-STEM-005835,5835,202,SA0|SA1
937,937,22,HMAC-STEM-011336,11336,71,SA0|SA1
938,938,34,HMAC-STEM-017873,17873,464,SA0|SA1
939,939,18,HMAC-STEM-009655,9655,438,SA0|SA1
940,940,30,HMAC-STEM-015775,15775,414,SA0|SA1
941,941,7,HMAC-STEM-004038,4038,453,SA0|SA1
942,942,13,HMAC-STEM-006735,6735,78,SA0|SA1
943,943,42,HMAC-STEM-021721,21721,216,SA0|SA1
944,944,8,HMAC-STEM-004302,4302,205,SA0|SA1
945,945,38,HMAC-STEM-019645,19645,188,SA0|SA1
946,946,9,HMAC-STEM-004938,4938,329,SA0|SA1
947,947,40,HMAC-STEM-020683,20683,202,SA0|SA1
948,948,14,HMAC-STEM-007573,7573,404,SA0|SA1
949,949,24,HMAC-STEM-012299,12299,10,SA0|SA1
950,950,35,HMAC-STEM-018260,18260,339,SA0|SA1
951,951,15,HMAC-STEM-008172,8172,491,SA0|SA1
952,952,32,HMAC-STEM-016832,16832,447,SA0|SA1
953,953,30,HMAC-STEM-015728,15728,367,SA0|SA1
954,954,36,HMAC-STEM-018760,18760,327,SA0|SA1
955,955,10,HMAC-STEM-005368,5368,247,SA0|SA1
956,956,29,HMAC-STEM-015206,15206,357,SA0|SA1
957,957,31,HMAC-STEM-016163,16163,290,SA0|SA1
958,958,34,HMAC-STEM-017722,17722,313,SA0|SA1
959,959,8,HMAC-STEM-004411,4411,314,SA0|SA1
960,960,34,HMAC-STEM-017527,17527,118,SA0|SA1
961,961,33,HMAC-STEM-017196,17196,299,SA0|SA1
962,962,7,HMAC-STEM-003625,3625,40,SA0|SA1
963,963,24,HMAC-STEM-012730,12730,441,SA0|SA1
964,964,19,HMAC-STEM-010151,10151,422,SA0|SA1
965,965,24,HMAC-STEM-012313,12313,24,SA0|SA1
966,966,16,HMAC-STEM-008524,8524,331,SA0|SA1
967,967,14,HMAC-STEM-007206,7206,37,SA0|SA1
968,968,43,HMAC-STEM-022382,22382,365,SA0|SA1
969,969,20,HMAC-STEM-010340,10340,99,SA0|SA1
970,970,39,HMAC-STEM-019976,19976,7,SA0|SA1
971,971,24,HMAC-STEM-012799,12799,510,SA0|SA1
972,972,28,HMAC-STEM-014393,14393,56,SA0|SA1
973,973,40,HMAC-STEM-020854,20854,373,SA0|SA1
974,974,10,HMAC-STEM-005476,5476,355,SA0|SA1
975,975,27,HMAC-STEM-013862,13862,37,SA0|SA1
976,976,42,HMAC-STEM-021694,21694,189,SA0|SA1
977,977,21,HMAC-STEM-010889,10889,136,SA0|SA1
978,978,39,HMAC-STEM-020460,20460,491,SA0|SA1
979,979,41,HMAC-STEM-021360,21360,367,SA0|SA1
980,980,14,HMAC-STEM-007495,7495,326,SA0|SA1
981,981,31,HMAC-STEM-016092,16092,219,SA0|SA1
982,982,30,HMAC-STEM-015853,15853,492,SA0|SA1
983,983,8,HMAC-STEM-004583,4583,486,SA0|SA1
984,984,35,HMAC-STEM-018019,18019,98,SA0|SA1
985,985,28,HMAC-STEM-014623,14623,286,SA0|SA1
986,986,20,HMAC-STEM-010292,10292,51,SA0|SA1
987,987,36,HMAC-STEM-018813,18813,380,SA0|SA1
988,988,19,HMAC-STEM-009953,9953,224,SA0|SA1
989,989,41,HMAC-STEM-021440,21440,447,SA0|SA1
990,990,43,HMAC-STEM-022019,22019,2,SA0|SA1
991,991,21,HMAC-STEM-010831,10831,78,SA0|SA1
992,992,26,HMAC-STEM-013682,13682,369,SA0|SA1
993,993,25,HMAC-STEM-012903,12903,102,SA0|SA1
994,994,0,HMAC-STEM-000418,418,417,SA0|SA1
995,995,43,HMAC-STEM-022241,22241,224,SA0|SA1
996,996,28,HMAC-STEM-014420,14420,83,SA0|SA1
997,997,11,HMAC-STEM-006142,6142,509,SA0|SA1
998,998,31,HMAC-STEM-016035,16035,162,SA0|SA1
999,999,33,HMAC-STEM-016964,16964,67,SA0|SA1
1000,1000,4,HMAC-STEM-002339,2339,290,SA0|SA1
1001,1001,43,HMAC-STEM-022482,22482,465,SA0|SA1
1002,1002,2,HMAC-STEM-001431,1431,406,SA0|SA1
1003,1003,16,HMAC-STEM-008684,8684,491,SA0|SA1
1004,1004,19,HMAC-STEM-010120,10120,391,SA0|SA1
1005,1005,42,HMAC-STEM-021797,21797,292,SA0|SA1
1006,1006,12,HMAC-STEM-006518,6518,373,SA0|SA1
1007,1007,17,HMAC-STEM-008709,8709,4,SA0|SA1
1008,1008,39,HMAC-STEM-020039,20039,70,SA0|SA1
1009,1009,26,HMAC-STEM-013545,13545,232,SA0|SA1
1010,1010,1,HMAC-STEM-000769,769,256,SA0|SA1
1011,1011,29,HMAC-STEM-014950,14950,101,SA0|SA1
1012,1012,10,HMAC-STEM-005401,5401,280,SA0|SA1
1013,1013,28,HMAC-STEM-014511,14511,174,SA0|SA1
1014,1014,41,HMAC-STEM-021366,21366,373,SA0|SA1
1015,1015,44,HMAC-STEM-022808,22808,279,SA0|SA1
1016,1016,30,HMAC-STEM-015422,15422,61,SA0|SA1
1017,1017,10,HMAC-STEM-005193,5193,72,SA0|SA1
1018,1018,12,HMAC-STEM-006281,6281,136,SA0|SA1
1019,1019,19,HMAC-STEM-010233,10233,504,SA0|SA1
1020,1020,6,HMAC-STEM-003324,3324,251,SA0|SA1
1021,1021,30,HMAC-STEM-015601,15601,240,SA0|SA1
1022,1022,22,HMAC-STEM-011610,11610,345,SA0|SA1
1023,1023,44,HMAC-STEM-022711,22711,182,SA0|SA1
