execution_order,batch_id,module,site_count,fault_instances,vectors,baseline_transactions,enabled_transactions,total_records,probe_bits,snapshots
0,0,opentitan_hmac_sha256_msg32_faultbatch000,19,38,96,96,3648,3744,256,16
1,1,opentitan_hmac_sha256_msg32_faultbatch001,23,46,96,96,4416,4512,256,16
2,2,opentitan_hmac_sha256_msg32_faultbatch002,27,54,96,96,5184,5280,256,16
3,3,opentitan_hmac_sha256_msg32_faultbatch003,20,40,96,96,3840,3936,256,16
4,4,opentitan_hmac_sha256_msg32_faultbatch004,21,42,96,96,4032,4128,256,16
5,5,opentitan_hmac_sha256_msg32_faultbatch005,23,46,96,96,4416,4512,256,16
6,6,opentitan_hmac_sha256_msg32_faultbatch006,22,44,96,96,4224,4320,256,16
7,7,opentitan_hmac_sha256_msg32_faultbatch007,16,32,96,96,3072,3168,256,16
8,8,opentitan_hmac_sha256_msg32_faultbatch008,31,62,96,96,5952,6048,256,16
9,9,opentitan_hmac_sha256_msg32_faultbatch009,21,42,96,96,4032,4128,256,16
10,10,opentitan_hmac_sha256_msg32_faultbatch010,20,40,96,96,3840,3936,256,16
11,11,opentitan_hmac_sha256_msg32_faultbatch011,24,48,96,96,4608,4704,256,16
12,12,opentitan_hmac_sha256_msg32_faultbatch012,20,40,96,96,3840,3936,256,16
13,13,opentitan_hmac_sha256_msg32_faultbatch013,32,64,96,96,6144,6240,256,16
14,14,opentitan_hmac_sha256_msg32_faultbatch014,22,44,96,96,4224,4320,256,16
15,15,opentitan_hmac_sha256_msg32_faultbatch015,25,50,96,96,4800,4896,256,16
16,16,opentitan_hmac_sha256_msg32_faultbatch016,25,50,96,96,4800,4896,256,16
17,17,opentitan_hmac_sha256_msg32_faultbatch017,18,36,96,96,3456,3552,256,16
18,18,opentitan_hmac_sha256_msg32_faultbatch018,13,26,96,96,2496,2592,256,16
19,19,opentitan_hmac_sha256_msg32_faultbatch019,32,64,96,96,6144,6240,256,16
20,20,opentitan_hmac_sha256_msg32_faultbatch020,24,48,96,96,4608,4704,256,16
21,21,opentitan_hmac_sha256_msg32_faultbatch021,21,42,96,96,4032,4128,256,16
22,22,opentitan_hmac_sha256_msg32_faultbatch022,18,36,96,96,3456,3552,256,16
23,23,opentitan_hmac_sha256_msg32_faultbatch023,16,32,96,96,3072,3168,256,16
24,24,opentitan_hmac_sha256_msg32_faultbatch024,26,52,96,96,4992,5088,256,16
25,25,opentitan_hmac_sha256_msg32_faultbatch025,24,48,96,96,4608,4704,256,16
26,26,opentitan_hmac_sha256_msg32_faultbatch026,14,28,96,96,2688,2784,256,16
27,27,opentitan_hmac_sha256_msg32_faultbatch027,23,46,96,96,4416,4512,256,16
28,28,opentitan_hmac_sha256_msg32_faultbatch028,31,62,96,96,5952,6048,256,16
29,29,opentitan_hmac_sha256_msg32_faultbatch029,24,48,96,96,4608,4704,256,16
30,30,opentitan_hmac_sha256_msg32_faultbatch030,33,66,96,96,6336,6432,256,16
31,31,opentitan_hmac_sha256_msg32_faultbatch031,25,50,96,96,4800,4896,256,16
32,32,opentitan_hmac_sha256_msg32_faultbatch032,22,44,96,96,4224,4320,256,16
33,33,opentitan_hmac_sha256_msg32_faultbatch033,30,60,96,96,5760,5856,256,16
34,34,opentitan_hmac_sha256_msg32_faultbatch034,16,32,96,96,3072,3168,256,16
35,35,opentitan_hmac_sha256_msg32_faultbatch035,21,42,96,96,4032,4128,256,16
36,36,opentitan_hmac_sha256_msg32_faultbatch036,16,32,96,96,3072,3168,256,16
37,37,opentitan_hmac_sha256_msg32_faultbatch037,29,58,96,96,5568,5664,256,16
38,38,opentitan_hmac_sha256_msg32_faultbatch038,19,38,96,96,3648,3744,256,16
39,39,opentitan_hmac_sha256_msg32_faultbatch039,20,40,96,96,3840,3936,256,16
40,40,opentitan_hmac_sha256_msg32_faultbatch040,19,38,96,96,3648,3744,256,16
41,41,opentitan_hmac_sha256_msg32_faultbatch041,31,62,96,96,5952,6048,256,16
42,42,opentitan_hmac_sha256_msg32_faultbatch042,33,66,96,96,6336,6432,256,16
43,43,opentitan_hmac_sha256_msg32_faultbatch043,23,46,96,96,4416,4512,256,16
44,44,opentitan_hmac_sha256_msg32_faultbatch044,12,24,96,96,2304,2400,256,16
