probe_bit,site_id,site_index,node_index,bit_id,driver_cell,driver_cell_type,site_category,net_name,cell_fanout,in_degree_branches,out_degree_branches,selection_rationale
0,HMAC-STEM-000979,979,978,1495,$auto$simplemap.cc:474:simplemap_pmux$17691,$_MUX_,COMBINATIONAL_LOGIC_STEM,u_bridge.sha_hash_start,1823,2,1823,HIGH_FANOUT_COMBINATIONAL
1,HMAC-STEM-001882,1882,1881,2398,$auto$simplemap.cc:157:simplemap_reduce$6152,$_AND_,COMBINATIONAL_LOGIC_STEM,$auto$opt_dff.cc:367:make_patterns_logic$3064,1024,2,1024,HIGH_FANOUT_COMBINATIONAL
2,HMAC-STEM-007088,7088,7087,7604,$auto$simplemap.cc:157:simplemap_reduce$11955,$_OR_,COMBINATIONAL_LOGIC_STEM,$381y,611,2,611,HIGH_FANOUT_COMBINATIONAL
3,HMAC-STEM-005514,5514,5513,6030,$auto$simplemap.cc:157:simplemap_reduce$7273,$_AND_,COMBINATIONAL_LOGIC_STEM,$46y,529,1,529,HIGH_FANOUT_COMBINATIONAL
4,HMAC-STEM-018193,18193,18192,18709,$auto$simplemap.cc:460:simplemap_pmux$12879,$_AND_,COMBINATIONAL_LOGIC_STEM,u_bridge.u_prim_sha2_32.gen_multimode_logic.u_prim_sha2_multimode.init_hash,514,2,514,HIGH_FANOUT_COMBINATIONAL
5,HMAC-STEM-000985,985,984,1501,$auto$simplemap.cc:157:simplemap_reduce$5493,$_OR_,COMBINATIONAL_LOGIC_STEM,$auto$opt_dff.cc:350:make_patterns_logic$3171,512,2,512,HIGH_FANOUT_COMBINATIONAL
6,HMAC-STEM-002011,2011,2010,2527,$auto$simplemap.cc:157:simplemap_reduce$6666,$_OR_,COMBINATIONAL_LOGIC_STEM,$auto$opt_dff.cc:350:make_patterns_logic$3044,512,2,512,HIGH_FANOUT_COMBINATIONAL
7,HMAC-STEM-006027,6027,6026,6543,$auto$simplemap.cc:106:simplemap_bitop$18858,$_AND_,COMBINATIONAL_LOGIC_STEM,$auto$opt_dff.cc:367:make_patterns_logic$2966,257,2,257,HIGH_FANOUT_COMBINATIONAL
8,HMAC-STEM-007090,7090,7089,7606,$auto$simplemap.cc:474:simplemap_pmux$17637,$_MUX_,COMBINATIONAL_LOGIC_STEM,u_bridge.shaf_rvalid,150,2,150,HIGH_FANOUT_COMBINATIONAL
9,HMAC-STEM-019357,19357,19356,19873,$auto$simplemap.cc:198:logic_reduce$8962,$_OR_,COMBINATIONAL_LOGIC_STEM,$auto$simplemap.cc:189:logic_reduce$8961,149,2,149,HIGH_FANOUT_COMBINATIONAL
10,HMAC-STEM-005252,5252,5251,5768,$auto$simplemap.cc:157:simplemap_reduce$7099,$_OR_,COMBINATIONAL_LOGIC_STEM,$auto$opt_dff.cc:350:make_patterns_logic$3000,123,2,123,HIGH_FANOUT_COMBINATIONAL
11,HMAC-STEM-018303,18303,18302,18819,$auto$simplemap.cc:157:simplemap_reduce$8973,$_OR_,COMBINATIONAL_LOGIC_STEM,$auto$simplemap.cc:277:simplemap_eqne$8970,113,2,113,HIGH_FANOUT_COMBINATIONAL
12,HMAC-STEM-018304,18304,18303,18820,$auto$simplemap.cc:157:simplemap_reduce$8985,$_OR_,COMBINATIONAL_LOGIC_STEM,$auto$simplemap.cc:277:simplemap_eqne$8982,73,2,73,HIGH_FANOUT_COMBINATIONAL
13,HMAC-STEM-006168,6168,6167,6684,$auto$simplemap.cc:106:simplemap_bitop$12915,$_AND_,COMBINATIONAL_LOGIC_STEM,u_bridge.u_prim_sha2_32.gen_multimode_logic.u_prim_sha2_multimode.calculate_next_w,66,2,66,HIGH_FANOUT_COMBINATIONAL
14,HMAC-STEM-018195,18195,18194,18711,$auto$simplemap.cc:256:simplemap_logbin$8990,$_AND_,COMBINATIONAL_LOGIC_STEM,$492y,66,2,66,HIGH_FANOUT_COMBINATIONAL
15,HMAC-STEM-018309,18309,18308,18825,$auto$simplemap.cc:227:simplemap_lognot$14488,$_NOT_,COMBINATIONAL_LOGIC_STEM,$procmux$510_CMP,65,1,65,HIGH_FANOUT_COMBINATIONAL
16,HMAC-STEM-018313,18313,18312,18829,$auto$simplemap.cc:198:logic_reduce$13766,$_OR_,COMBINATIONAL_LOGIC_STEM,$auto$simplemap.cc:189:logic_reduce$13765,64,2,64,HIGH_FANOUT_COMBINATIONAL
17,HMAC-STEM-005096,5096,5095,5612,$auto$simplemap.cc:157:simplemap_reduce$7002,$_OR_,COMBINATIONAL_LOGIC_STEM,$auto$opt_dff.cc:350:make_patterns_logic$3028,59,2,59,HIGH_FANOUT_COMBINATIONAL
18,HMAC-STEM-007078,7078,7077,7594,$auto$simplemap.cc:256:simplemap_logbin$8964,$_AND_,COMBINATIONAL_LOGIC_STEM,$429y,39,2,39,HIGH_FANOUT_COMBINATIONAL
19,HMAC-STEM-007076,7076,7075,7592,$auto$simplemap.cc:256:simplemap_logbin$8965,$_AND_,COMBINATIONAL_LOGIC_STEM,$432y,38,2,38,HIGH_FANOUT_COMBINATIONAL
20,HMAC-STEM-017949,17949,17948,18465,$auto$simplemap.cc:46:simplemap_not$34260,$_NOT_,COMBINATIONAL_LOGIC_STEM,$552y[0],36,1,36,HIGH_FANOUT_COMBINATIONAL
21,HMAC-STEM-018221,18221,18220,18737,$auto$simplemap.cc:227:simplemap_lognot$19843,$_NOT_,COMBINATIONAL_LOGIC_STEM,$78y,34,1,34,HIGH_FANOUT_COMBINATIONAL
22,HMAC-STEM-018430,18430,18429,18946,$auto$simplemap.cc:227:simplemap_lognot$18973,$_NOT_,COMBINATIONAL_LOGIC_STEM,$procmux$2756_CMP,33,1,33,HIGH_FANOUT_COMBINATIONAL
23,HMAC-STEM-018431,18431,18430,18947,$auto$simplemap.cc:227:simplemap_lognot$19763,$_NOT_,COMBINATIONAL_LOGIC_STEM,$procmux$2757_CMP,33,1,33,HIGH_FANOUT_COMBINATIONAL
24,HMAC-STEM-018433,18433,18432,18949,$auto$simplemap.cc:227:simplemap_lognot$19776,$_NOT_,COMBINATIONAL_LOGIC_STEM,$procmux$2758_CMP,33,1,33,HIGH_FANOUT_COMBINATIONAL
25,HMAC-STEM-018434,18434,18433,18950,$auto$simplemap.cc:227:simplemap_lognot$19789,$_NOT_,COMBINATIONAL_LOGIC_STEM,$procmux$2759_CMP,33,1,33,HIGH_FANOUT_COMBINATIONAL
26,HMAC-STEM-018436,18436,18435,18952,$auto$simplemap.cc:227:simplemap_lognot$19802,$_NOT_,COMBINATIONAL_LOGIC_STEM,$procmux$2760_CMP,33,1,33,HIGH_FANOUT_COMBINATIONAL
27,HMAC-STEM-018437,18437,18436,18953,$auto$simplemap.cc:227:simplemap_lognot$19815,$_NOT_,COMBINATIONAL_LOGIC_STEM,$procmux$2761_CMP,33,1,33,HIGH_FANOUT_COMBINATIONAL
28,HMAC-STEM-018440,18440,18439,18956,$auto$simplemap.cc:227:simplemap_lognot$19828,$_NOT_,COMBINATIONAL_LOGIC_STEM,$procmux$2762_CMP,33,1,33,HIGH_FANOUT_COMBINATIONAL
29,HMAC-STEM-018859,18859,18858,19375,$auto$simplemap.cc:227:simplemap_lognot$20732,$_NOT_,COMBINATIONAL_LOGIC_STEM,$procmux$2767_CMP,33,1,33,HIGH_FANOUT_COMBINATIONAL
30,HMAC-STEM-018861,18861,18860,19377,$auto$simplemap.cc:227:simplemap_lognot$20747,$_NOT_,COMBINATIONAL_LOGIC_STEM,$procmux$2768_CMP,33,1,33,HIGH_FANOUT_COMBINATIONAL
31,HMAC-STEM-019376,19376,19375,19892,$auto$simplemap.cc:256:simplemap_logbin$8625,$_AND_,COMBINATIONAL_LOGIC_STEM,hmac_fifo_push,33,2,33,HIGH_FANOUT_COMBINATIONAL
32,HMAC-STEM-005232,5232,5231,5748,$auto$ff.cc:337:slice$7084,$_DFFE_PN0P_,SEQUENTIAL_STATE_STEM,u_bridge.u_prim_sha2_32.gen_multimode_logic.u_prim_sha2_multimode.round_q[3],349,2,349,HIGH_FANOUT_SEQUENTIAL
33,HMAC-STEM-006043,6043,6042,6559,$auto$ff.cc:337:slice$8065,$_DFFE_PN0P_,SEQUENTIAL_STATE_STEM,fifo_rptr[0],259,2,259,HIGH_FANOUT_SEQUENTIAL
34,HMAC-STEM-005230,5230,5229,5746,$auto$ff.cc:337:slice$7083,$_DFFE_PN0P_,SEQUENTIAL_STATE_STEM,u_bridge.u_prim_sha2_32.gen_multimode_logic.u_prim_sha2_multimode.round_q[2],254,2,254,HIGH_FANOUT_SEQUENTIAL
35,HMAC-STEM-005097,5097,5096,5613,$auto$ff.cc:337:slice$7003,$_DFFE_PN0P_,SEQUENTIAL_STATE_STEM,u_bridge.u_hmac_core.txcount[5],196,2,196,HIGH_FANOUT_SEQUENTIAL
36,HMAC-STEM-005234,5234,5233,5750,$auto$ff.cc:337:slice$7085,$_DFFE_PN0P_,SEQUENTIAL_STATE_STEM,u_bridge.u_prim_sha2_32.gen_multimode_logic.u_prim_sha2_multimode.round_q[4],155,2,155,HIGH_FANOUT_SEQUENTIAL
37,HMAC-STEM-006045,6045,6044,6561,$auto$ff.cc:337:slice$8066,$_DFFE_PN0P_,SEQUENTIAL_STATE_STEM,fifo_rptr[1],130,2,130,HIGH_FANOUT_SEQUENTIAL
38,HMAC-STEM-005099,5099,5098,5615,$auto$ff.cc:337:slice$7004,$_DFFE_PN0P_,SEQUENTIAL_STATE_STEM,u_bridge.u_hmac_core.txcount[6],100,2,100,HIGH_FANOUT_SEQUENTIAL
39,HMAC-STEM-005236,5236,5235,5752,$auto$ff.cc:337:slice$7086,$_DFFE_PN0P_,SEQUENTIAL_STATE_STEM,u_bridge.u_prim_sha2_32.gen_multimode_logic.u_prim_sha2_multimode.round_q[5],85,2,85,HIGH_FANOUT_SEQUENTIAL
40,HMAC-STEM-005238,5238,5237,5754,$auto$ff.cc:337:slice$7087,$_DFFE_PN0P_,SEQUENTIAL_STATE_STEM,u_bridge.u_prim_sha2_32.gen_multimode_logic.u_prim_sha2_multimode.round_q[6],68,2,68,HIGH_FANOUT_SEQUENTIAL
41,HMAC-STEM-006047,6047,6046,6563,$auto$ff.cc:337:slice$8067,$_DFFE_PN0P_,SEQUENTIAL_STATE_STEM,fifo_rptr[2],66,2,66,HIGH_FANOUT_SEQUENTIAL
42,HMAC-STEM-005101,5101,5100,5617,$auto$ff.cc:337:slice$7005,$_DFFE_PN0P_,SEQUENTIAL_STATE_STEM,u_bridge.u_hmac_core.txcount[7],53,2,53,HIGH_FANOUT_SEQUENTIAL
43,HMAC-STEM-005103,5103,5102,5619,$auto$ff.cc:337:slice$7006,$_DFFE_PN0P_,SEQUENTIAL_STATE_STEM,u_bridge.u_hmac_core.txcount[8],53,2,53,HIGH_FANOUT_SEQUENTIAL
44,HMAC-STEM-005228,5228,5227,5744,$auto$ff.cc:337:slice$7082,$_DFFE_PN0P_,SEQUENTIAL_STATE_STEM,u_bridge.u_prim_sha2_32.gen_multimode_logic.u_prim_sha2_multimode.round_q[1],47,2,47,HIGH_FANOUT_SEQUENTIAL
45,HMAC-STEM-005226,5226,5225,5742,$auto$ff.cc:337:slice$7081,$_DFFE_PN0P_,SEQUENTIAL_STATE_STEM,u_bridge.u_prim_sha2_32.gen_multimode_logic.u_prim_sha2_multimode.round_q[0],35,2,35,HIGH_FANOUT_SEQUENTIAL
46,HMAC-STEM-006049,6049,6048,6565,$auto$ff.cc:337:slice$8068,$_DFFE_PN0P_,SEQUENTIAL_STATE_STEM,fifo_rptr[3],33,2,33,HIGH_FANOUT_SEQUENTIAL
47,HMAC-STEM-001242,1242,1241,1758,$auto$ff.cc:337:slice$5044,$_DFFE_PN0P_,SEQUENTIAL_STATE_STEM,u_bridge.u_prim_sha2_32.gen_multimode_logic.u_prim_sha2_multimode.gen_multimode.hash_q[256],11,2,11,HIGH_FANOUT_SEQUENTIAL
48,HMAC-STEM-001244,1244,1243,1760,$auto$ff.cc:337:slice$5045,$_DFFE_PN0P_,SEQUENTIAL_STATE_STEM,u_bridge.u_prim_sha2_32.gen_multimode_logic.u_prim_sha2_multimode.gen_multimode.hash_q[257],11,2,11,HIGH_FANOUT_SEQUENTIAL
49,HMAC-STEM-001246,1246,1245,1762,$auto$ff.cc:337:slice$5046,$_DFFE_PN0P_,SEQUENTIAL_STATE_STEM,u_bridge.u_prim_sha2_32.gen_multimode_logic.u_prim_sha2_multimode.gen_multimode.hash_q[258],11,2,11,HIGH_FANOUT_SEQUENTIAL
50,HMAC-STEM-001248,1248,1247,1764,$auto$ff.cc:337:slice$5047,$_DFFE_PN0P_,SEQUENTIAL_STATE_STEM,u_bridge.u_prim_sha2_32.gen_multimode_logic.u_prim_sha2_multimode.gen_multimode.hash_q[259],11,2,11,HIGH_FANOUT_SEQUENTIAL
51,HMAC-STEM-001250,1250,1249,1766,$auto$ff.cc:337:slice$5048,$_DFFE_PN0P_,SEQUENTIAL_STATE_STEM,u_bridge.u_prim_sha2_32.gen_multimode_logic.u_prim_sha2_multimode.gen_multimode.hash_q[260],11,2,11,HIGH_FANOUT_SEQUENTIAL
52,HMAC-STEM-001252,1252,1251,1768,$auto$ff.cc:337:slice$5049,$_DFFE_PN0P_,SEQUENTIAL_STATE_STEM,u_bridge.u_prim_sha2_32.gen_multimode_logic.u_prim_sha2_multimode.gen_multimode.hash_q[261],11,2,11,HIGH_FANOUT_SEQUENTIAL
53,HMAC-STEM-001254,1254,1253,1770,$auto$ff.cc:337:slice$5050,$_DFFE_PN0P_,SEQUENTIAL_STATE_STEM,u_bridge.u_prim_sha2_32.gen_multimode_logic.u_prim_sha2_multimode.gen_multimode.hash_q[262],11,2,11,HIGH_FANOUT_SEQUENTIAL
54,HMAC-STEM-001256,1256,1255,1772,$auto$ff.cc:337:slice$5051,$_DFFE_PN0P_,SEQUENTIAL_STATE_STEM,u_bridge.u_prim_sha2_32.gen_multimode_logic.u_prim_sha2_multimode.gen_multimode.hash_q[263],11,2,11,HIGH_FANOUT_SEQUENTIAL
55,HMAC-STEM-001258,1258,1257,1774,$auto$ff.cc:337:slice$5052,$_DFFE_PN0P_,SEQUENTIAL_STATE_STEM,u_bridge.u_prim_sha2_32.gen_multimode_logic.u_prim_sha2_multimode.gen_multimode.hash_q[264],11,2,11,HIGH_FANOUT_SEQUENTIAL
56,HMAC-STEM-001260,1260,1259,1776,$auto$ff.cc:337:slice$5053,$_DFFE_PN0P_,SEQUENTIAL_STATE_STEM,u_bridge.u_prim_sha2_32.gen_multimode_logic.u_prim_sha2_multimode.gen_multimode.hash_q[265],11,2,11,HIGH_FANOUT_SEQUENTIAL
57,HMAC-STEM-001262,1262,1261,1778,$auto$ff.cc:337:slice$5054,$_DFFE_PN0P_,SEQUENTIAL_STATE_STEM,u_bridge.u_prim_sha2_32.gen_multimode_logic.u_prim_sha2_multimode.gen_multimode.hash_q[266],11,2,11,HIGH_FANOUT_SEQUENTIAL
58,HMAC-STEM-001264,1264,1263,1780,$auto$ff.cc:337:slice$5055,$_DFFE_PN0P_,SEQUENTIAL_STATE_STEM,u_bridge.u_prim_sha2_32.gen_multimode_logic.u_prim_sha2_multimode.gen_multimode.hash_q[267],11,2,11,HIGH_FANOUT_SEQUENTIAL
59,HMAC-STEM-001266,1266,1265,1782,$auto$ff.cc:337:slice$5056,$_DFFE_PN0P_,SEQUENTIAL_STATE_STEM,u_bridge.u_prim_sha2_32.gen_multimode_logic.u_prim_sha2_multimode.gen_multimode.hash_q[268],11,2,11,HIGH_FANOUT_SEQUENTIAL
60,HMAC-STEM-001268,1268,1267,1784,$auto$ff.cc:337:slice$5057,$_DFFE_PN0P_,SEQUENTIAL_STATE_STEM,u_bridge.u_prim_sha2_32.gen_multimode_logic.u_prim_sha2_multimode.gen_multimode.hash_q[269],11,2,11,HIGH_FANOUT_SEQUENTIAL
61,HMAC-STEM-001270,1270,1269,1786,$auto$ff.cc:337:slice$5058,$_DFFE_PN0P_,SEQUENTIAL_STATE_STEM,u_bridge.u_prim_sha2_32.gen_multimode_logic.u_prim_sha2_multimode.gen_multimode.hash_q[270],11,2,11,HIGH_FANOUT_SEQUENTIAL
62,HMAC-STEM-001272,1272,1271,1788,$auto$ff.cc:337:slice$5059,$_DFFE_PN0P_,SEQUENTIAL_STATE_STEM,u_bridge.u_prim_sha2_32.gen_multimode_logic.u_prim_sha2_multimode.gen_multimode.hash_q[271],11,2,11,HIGH_FANOUT_SEQUENTIAL
63,HMAC-STEM-001274,1274,1273,1790,$auto$ff.cc:337:slice$5060,$_DFFE_PN0P_,SEQUENTIAL_STATE_STEM,u_bridge.u_prim_sha2_32.gen_multimode_logic.u_prim_sha2_multimode.gen_multimode.hash_q[272],11,2,11,HIGH_FANOUT_SEQUENTIAL
