gate_class,gate_name,threshold,evaluated_on,status
MACRO,all_injected_detection_recall_min,0.6,INDEPENDENT_CIRCUIT_TEST (both circuits),NOT EVALUABLE — TEST NOT CAPTURED
MACRO,all_injected_exact_site_rate_min,0.25,INDEPENDENT_CIRCUIT_TEST (both circuits),NOT EVALUABLE — TEST NOT CAPTURED
MACRO,ambiguous_false_unique_rate_max,0.01,INDEPENDENT_CIRCUIT_TEST (both circuits),NOT EVALUABLE — TEST NOT CAPTURED
MACRO,fault_free_false_alarm_rate_max,0.01,INDEPENDENT_CIRCUIT_TEST (both circuits),NOT EVALUABLE — TEST NOT CAPTURED
MACRO,observable_candidate_set_coverage_min,0.9,INDEPENDENT_CIRCUIT_TEST (both circuits),NOT EVALUABLE — TEST NOT CAPTURED
MACRO,observable_detection_recall_min,0.9,INDEPENDENT_CIRCUIT_TEST (both circuits),NOT EVALUABLE — TEST NOT CAPTURED
MACRO,observable_mrr_min,0.3,INDEPENDENT_CIRCUIT_TEST (both circuits),NOT EVALUABLE — TEST NOT CAPTURED
MACRO,ood_auroc_min,0.75,INDEPENDENT_CIRCUIT_TEST (both circuits),NOT EVALUABLE — TEST NOT CAPTURED
MACRO,polarity_accuracy_given_correct_unique_site_min,0.8,INDEPENDENT_CIRCUIT_TEST (both circuits),NOT EVALUABLE — TEST NOT CAPTURED
MACRO,unique_signature_top1_site_min,0.7,INDEPENDENT_CIRCUIT_TEST (both circuits),NOT EVALUABLE — TEST NOT CAPTURED
PER_CIRCUIT_FLOOR,all_injected_exact_site_rate_min,0.15,EACH INDEPENDENT_CIRCUIT_TEST CIRCUIT INDIVIDUALLY,NOT EVALUABLE — TEST NOT CAPTURED
PER_CIRCUIT_FLOOR,fault_free_false_alarm_rate_max,0.02,EACH INDEPENDENT_CIRCUIT_TEST CIRCUIT INDIVIDUALLY,NOT EVALUABLE — TEST NOT CAPTURED
PER_CIRCUIT_FLOOR,observable_candidate_set_coverage_min,0.8,EACH INDEPENDENT_CIRCUIT_TEST CIRCUIT INDIVIDUALLY,NOT EVALUABLE — TEST NOT CAPTURED
PER_CIRCUIT_FLOOR,observable_detection_recall_min,0.8,EACH INDEPENDENT_CIRCUIT_TEST CIRCUIT INDIVIDUALLY,NOT EVALUABLE — TEST NOT CAPTURED
