execution_order,candidate_id,batch_id,screen_sites,fault_instances,screen_vectors,baseline_transactions,enabled_transactions,total_transactions,probe_banks,probe_bits,snapshots_per_transaction,enabled_sampled_probe_bits
0,EM_TOPOLOGY_4X64_T24,0,6,12,48,48,576,624,4,256,24,3538944
1,EM_TOPOLOGY_4X64_T24,1,6,12,48,48,576,624,4,256,24,3538944
2,EM_TOPOLOGY_4X64_T24,2,9,18,48,48,864,912,4,256,24,5308416
3,EM_TOPOLOGY_4X64_T24,3,6,12,48,48,576,624,4,256,24,3538944
4,EM_TOPOLOGY_4X64_T24,4,9,18,48,48,864,912,4,256,24,5308416
5,EM_TOPOLOGY_4X64_T24,5,5,10,48,48,480,528,4,256,24,2949120
6,EM_TOPOLOGY_4X64_T24,6,7,14,48,48,672,720,4,256,24,4128768
7,EM_TOPOLOGY_4X64_T24,7,3,6,48,48,288,336,4,256,24,1769472
8,EM_TOPOLOGY_4X64_T24,8,5,10,48,48,480,528,4,256,24,2949120
9,EM_TOPOLOGY_4X64_T24,9,5,10,48,48,480,528,4,256,24,2949120
10,EM_TOPOLOGY_4X64_T24,10,4,8,48,48,384,432,4,256,24,2359296
11,EM_TOPOLOGY_4X64_T24,11,3,6,48,48,288,336,4,256,24,1769472
12,EM_TOPOLOGY_4X64_T24,12,3,6,48,48,288,336,4,256,24,1769472
13,EM_TOPOLOGY_4X64_T24,13,6,12,48,48,576,624,4,256,24,3538944
14,EM_TOPOLOGY_4X64_T24,14,7,14,48,48,672,720,4,256,24,4128768
15,EM_TOPOLOGY_4X64_T24,15,8,16,48,48,768,816,4,256,24,4718592
16,EM_TOPOLOGY_4X64_T24,16,7,14,48,48,672,720,4,256,24,4128768
17,EM_TOPOLOGY_4X64_T24,17,6,12,48,48,576,624,4,256,24,3538944
18,EM_TOPOLOGY_4X64_T24,18,1,2,48,48,96,144,4,256,24,589824
19,EM_TOPOLOGY_4X64_T24,19,9,18,48,48,864,912,4,256,24,5308416
20,EM_TOPOLOGY_4X64_T24,20,5,10,48,48,480,528,4,256,24,2949120
21,EM_TOPOLOGY_4X64_T24,21,9,18,48,48,864,912,4,256,24,5308416
22,EM_TOPOLOGY_4X64_T24,22,3,6,48,48,288,336,4,256,24,1769472
23,EM_TOPOLOGY_4X64_T24,23,1,2,48,48,96,144,4,256,24,589824
24,EM_TOPOLOGY_4X64_T24,24,6,12,48,48,576,624,4,256,24,3538944
25,EM_TOPOLOGY_4X64_T24,25,6,12,48,48,576,624,4,256,24,3538944
26,EM_TOPOLOGY_4X64_T24,26,4,8,48,48,384,432,4,256,24,2359296
27,EM_TOPOLOGY_4X64_T24,27,7,14,48,48,672,720,4,256,24,4128768
28,EM_TOPOLOGY_4X64_T24,28,3,6,48,48,288,336,4,256,24,1769472
29,EM_TOPOLOGY_4X64_T24,29,8,16,48,48,768,816,4,256,24,4718592
30,EM_TOPOLOGY_4X64_T24,30,6,12,48,48,576,624,4,256,24,3538944
31,EM_TOPOLOGY_4X64_T24,31,5,10,48,48,480,528,4,256,24,2949120
32,EM_TOPOLOGY_4X64_T24,32,5,10,48,48,480,528,4,256,24,2949120
33,EM_TOPOLOGY_4X64_T24,33,12,24,48,48,1152,1200,4,256,24,7077888
34,EM_TOPOLOGY_4X64_T24,34,3,6,48,48,288,336,4,256,24,1769472
35,EM_TOPOLOGY_4X64_T24,35,8,16,48,48,768,816,4,256,24,4718592
36,EM_TOPOLOGY_4X64_T24,36,4,8,48,48,384,432,4,256,24,2359296
37,EM_TOPOLOGY_4X64_T24,37,9,18,48,48,864,912,4,256,24,5308416
38,EM_TOPOLOGY_4X64_T24,38,7,14,48,48,672,720,4,256,24,4128768
39,EM_TOPOLOGY_4X64_T24,39,4,8,48,48,384,432,4,256,24,2359296
40,EM_TOPOLOGY_4X64_T24,40,5,10,48,48,480,528,4,256,24,2949120
41,EM_TOPOLOGY_4X64_T24,41,5,10,48,48,480,528,4,256,24,2949120
42,EM_TOPOLOGY_4X64_T24,42,8,16,48,48,768,816,4,256,24,4718592
43,EM_TOPOLOGY_4X64_T24,43,6,12,48,48,576,624,4,256,24,3538944
44,EM_TOPOLOGY_4X64_T24,44,2,4,48,48,192,240,4,256,24,1179648
45,EM_STATE_CHECKPOINT_2X64_T32,0,6,12,48,48,576,624,2,128,32,2359296
46,EM_STATE_CHECKPOINT_2X64_T32,1,6,12,48,48,576,624,2,128,32,2359296
47,EM_STATE_CHECKPOINT_2X64_T32,2,9,18,48,48,864,912,2,128,32,3538944
48,EM_STATE_CHECKPOINT_2X64_T32,3,6,12,48,48,576,624,2,128,32,2359296
49,EM_STATE_CHECKPOINT_2X64_T32,4,9,18,48,48,864,912,2,128,32,3538944
50,EM_STATE_CHECKPOINT_2X64_T32,5,5,10,48,48,480,528,2,128,32,1966080
51,EM_STATE_CHECKPOINT_2X64_T32,6,7,14,48,48,672,720,2,128,32,2752512
52,EM_STATE_CHECKPOINT_2X64_T32,7,3,6,48,48,288,336,2,128,32,1179648
53,EM_STATE_CHECKPOINT_2X64_T32,8,5,10,48,48,480,528,2,128,32,1966080
54,EM_STATE_CHECKPOINT_2X64_T32,9,5,10,48,48,480,528,2,128,32,1966080
55,EM_STATE_CHECKPOINT_2X64_T32,10,4,8,48,48,384,432,2,128,32,1572864
56,EM_STATE_CHECKPOINT_2X64_T32,11,3,6,48,48,288,336,2,128,32,1179648
57,EM_STATE_CHECKPOINT_2X64_T32,12,3,6,48,48,288,336,2,128,32,1179648
58,EM_STATE_CHECKPOINT_2X64_T32,13,6,12,48,48,576,624,2,128,32,2359296
59,EM_STATE_CHECKPOINT_2X64_T32,14,7,14,48,48,672,720,2,128,32,2752512
60,EM_STATE_CHECKPOINT_2X64_T32,15,8,16,48,48,768,816,2,128,32,3145728
61,EM_STATE_CHECKPOINT_2X64_T32,16,7,14,48,48,672,720,2,128,32,2752512
62,EM_STATE_CHECKPOINT_2X64_T32,17,6,12,48,48,576,624,2,128,32,2359296
63,EM_STATE_CHECKPOINT_2X64_T32,18,1,2,48,48,96,144,2,128,32,393216
64,EM_STATE_CHECKPOINT_2X64_T32,19,9,18,48,48,864,912,2,128,32,3538944
65,EM_STATE_CHECKPOINT_2X64_T32,20,5,10,48,48,480,528,2,128,32,1966080
66,EM_STATE_CHECKPOINT_2X64_T32,21,9,18,48,48,864,912,2,128,32,3538944
67,EM_STATE_CHECKPOINT_2X64_T32,22,3,6,48,48,288,336,2,128,32,1179648
68,EM_STATE_CHECKPOINT_2X64_T32,23,1,2,48,48,96,144,2,128,32,393216
69,EM_STATE_CHECKPOINT_2X64_T32,24,6,12,48,48,576,624,2,128,32,2359296
70,EM_STATE_CHECKPOINT_2X64_T32,25,6,12,48,48,576,624,2,128,32,2359296
71,EM_STATE_CHECKPOINT_2X64_T32,26,4,8,48,48,384,432,2,128,32,1572864
72,EM_STATE_CHECKPOINT_2X64_T32,27,7,14,48,48,672,720,2,128,32,2752512
73,EM_STATE_CHECKPOINT_2X64_T32,28,3,6,48,48,288,336,2,128,32,1179648
74,EM_STATE_CHECKPOINT_2X64_T32,29,8,16,48,48,768,816,2,128,32,3145728
75,EM_STATE_CHECKPOINT_2X64_T32,30,6,12,48,48,576,624,2,128,32,2359296
76,EM_STATE_CHECKPOINT_2X64_T32,31,5,10,48,48,480,528,2,128,32,1966080
77,EM_STATE_CHECKPOINT_2X64_T32,32,5,10,48,48,480,528,2,128,32,1966080
78,EM_STATE_CHECKPOINT_2X64_T32,33,12,24,48,48,1152,1200,2,128,32,4718592
79,EM_STATE_CHECKPOINT_2X64_T32,34,3,6,48,48,288,336,2,128,32,1179648
80,EM_STATE_CHECKPOINT_2X64_T32,35,8,16,48,48,768,816,2,128,32,3145728
81,EM_STATE_CHECKPOINT_2X64_T32,36,4,8,48,48,384,432,2,128,32,1572864
82,EM_STATE_CHECKPOINT_2X64_T32,37,9,18,48,48,864,912,2,128,32,3538944
83,EM_STATE_CHECKPOINT_2X64_T32,38,7,14,48,48,672,720,2,128,32,2752512
84,EM_STATE_CHECKPOINT_2X64_T32,39,4,8,48,48,384,432,2,128,32,1572864
85,EM_STATE_CHECKPOINT_2X64_T32,40,5,10,48,48,480,528,2,128,32,1966080
86,EM_STATE_CHECKPOINT_2X64_T32,41,5,10,48,48,480,528,2,128,32,1966080
87,EM_STATE_CHECKPOINT_2X64_T32,42,8,16,48,48,768,816,2,128,32,3145728
88,EM_STATE_CHECKPOINT_2X64_T32,43,6,12,48,48,576,624,2,128,32,2359296
89,EM_STATE_CHECKPOINT_2X64_T32,44,2,4,48,48,192,240,2,128,32,786432
90,EM_TESTPOINT_4X64_T16,0,6,12,48,48,576,624,4,256,16,2359296
91,EM_TESTPOINT_4X64_T16,1,6,12,48,48,576,624,4,256,16,2359296
92,EM_TESTPOINT_4X64_T16,2,9,18,48,48,864,912,4,256,16,3538944
93,EM_TESTPOINT_4X64_T16,3,6,12,48,48,576,624,4,256,16,2359296
94,EM_TESTPOINT_4X64_T16,4,9,18,48,48,864,912,4,256,16,3538944
95,EM_TESTPOINT_4X64_T16,5,5,10,48,48,480,528,4,256,16,1966080
96,EM_TESTPOINT_4X64_T16,6,7,14,48,48,672,720,4,256,16,2752512
97,EM_TESTPOINT_4X64_T16,7,3,6,48,48,288,336,4,256,16,1179648
98,EM_TESTPOINT_4X64_T16,8,5,10,48,48,480,528,4,256,16,1966080
99,EM_TESTPOINT_4X64_T16,9,5,10,48,48,480,528,4,256,16,1966080
100,EM_TESTPOINT_4X64_T16,10,4,8,48,48,384,432,4,256,16,1572864
101,EM_TESTPOINT_4X64_T16,11,3,6,48,48,288,336,4,256,16,1179648
102,EM_TESTPOINT_4X64_T16,12,3,6,48,48,288,336,4,256,16,1179648
103,EM_TESTPOINT_4X64_T16,13,6,12,48,48,576,624,4,256,16,2359296
104,EM_TESTPOINT_4X64_T16,14,7,14,48,48,672,720,4,256,16,2752512
105,EM_TESTPOINT_4X64_T16,15,8,16,48,48,768,816,4,256,16,3145728
106,EM_TESTPOINT_4X64_T16,16,7,14,48,48,672,720,4,256,16,2752512
107,EM_TESTPOINT_4X64_T16,17,6,12,48,48,576,624,4,256,16,2359296
108,EM_TESTPOINT_4X64_T16,18,1,2,48,48,96,144,4,256,16,393216
109,EM_TESTPOINT_4X64_T16,19,9,18,48,48,864,912,4,256,16,3538944
110,EM_TESTPOINT_4X64_T16,20,5,10,48,48,480,528,4,256,16,1966080
111,EM_TESTPOINT_4X64_T16,21,9,18,48,48,864,912,4,256,16,3538944
112,EM_TESTPOINT_4X64_T16,22,3,6,48,48,288,336,4,256,16,1179648
113,EM_TESTPOINT_4X64_T16,23,1,2,48,48,96,144,4,256,16,393216
114,EM_TESTPOINT_4X64_T16,24,6,12,48,48,576,624,4,256,16,2359296
115,EM_TESTPOINT_4X64_T16,25,6,12,48,48,576,624,4,256,16,2359296
116,EM_TESTPOINT_4X64_T16,26,4,8,48,48,384,432,4,256,16,1572864
117,EM_TESTPOINT_4X64_T16,27,7,14,48,48,672,720,4,256,16,2752512
118,EM_TESTPOINT_4X64_T16,28,3,6,48,48,288,336,4,256,16,1179648
119,EM_TESTPOINT_4X64_T16,29,8,16,48,48,768,816,4,256,16,3145728
120,EM_TESTPOINT_4X64_T16,30,6,12,48,48,576,624,4,256,16,2359296
121,EM_TESTPOINT_4X64_T16,31,5,10,48,48,480,528,4,256,16,1966080
122,EM_TESTPOINT_4X64_T16,32,5,10,48,48,480,528,4,256,16,1966080
123,EM_TESTPOINT_4X64_T16,33,12,24,48,48,1152,1200,4,256,16,4718592
124,EM_TESTPOINT_4X64_T16,34,3,6,48,48,288,336,4,256,16,1179648
125,EM_TESTPOINT_4X64_T16,35,8,16,48,48,768,816,4,256,16,3145728
126,EM_TESTPOINT_4X64_T16,36,4,8,48,48,384,432,4,256,16,1572864
127,EM_TESTPOINT_4X64_T16,37,9,18,48,48,864,912,4,256,16,3538944
128,EM_TESTPOINT_4X64_T16,38,7,14,48,48,672,720,4,256,16,2752512
129,EM_TESTPOINT_4X64_T16,39,4,8,48,48,384,432,4,256,16,1572864
130,EM_TESTPOINT_4X64_T16,40,5,10,48,48,480,528,4,256,16,1966080
131,EM_TESTPOINT_4X64_T16,41,5,10,48,48,480,528,4,256,16,1966080
132,EM_TESTPOINT_4X64_T16,42,8,16,48,48,768,816,4,256,16,3145728
133,EM_TESTPOINT_4X64_T16,43,6,12,48,48,576,624,4,256,16,2359296
134,EM_TESTPOINT_4X64_T16,44,2,4,48,48,192,240,4,256,16,786432
