execution_order,candidate_id,trainable,seed,fit_partition,selection_partition,gradient_updates_from_calibration,maximum_threads
1,R31_EXACT_SIGNATURE_SET,NO,NONE,NONE,REPAIR_CALIBRATION ONCE,PROHIBITED,1
2,R31_BLOCK_WEIGHTED_RETRIEVAL,YES,12031901,REPAIR_TRAIN ONLY,REPAIR_CALIBRATION ONCE,PROHIBITED,1
3,R31_BLOCK_WEIGHTED_RETRIEVAL,YES,12031902,REPAIR_TRAIN ONLY,REPAIR_CALIBRATION ONCE,PROHIBITED,1
4,R31_BLOCK_WEIGHTED_RETRIEVAL,YES,12031903,REPAIR_TRAIN ONLY,REPAIR_CALIBRATION ONCE,PROHIBITED,1
5,R31_PAIRWISE_HISTGB_RERANKER,YES,12031901,REPAIR_TRAIN ONLY,REPAIR_CALIBRATION ONCE,PROHIBITED,1
6,R31_PAIRWISE_HISTGB_RERANKER,YES,12031902,REPAIR_TRAIN ONLY,REPAIR_CALIBRATION ONCE,PROHIBITED,1
7,R31_PAIRWISE_HISTGB_RERANKER,YES,12031903,REPAIR_TRAIN ONLY,REPAIR_CALIBRATION ONCE,PROHIBITED,1
8,R31_FUSION_RERANKER,YES,12031901,REPAIR_TRAIN ONLY,REPAIR_CALIBRATION ONCE,PROHIBITED,1
9,R31_FUSION_RERANKER,YES,12031902,REPAIR_TRAIN ONLY,REPAIR_CALIBRATION ONCE,PROHIBITED,1
10,R31_FUSION_RERANKER,YES,12031903,REPAIR_TRAIN ONLY,REPAIR_CALIBRATION ONCE,PROHIBITED,1
