candidate_id,epoch,train_retrieval_loss,train_detection_loss,train_polarity_loss,train_top1,calibration_top1,calibration_detection_acc,elapsed_s
V22_GRAPHSAGE_METRIC_SMALL,0,4.757197,0.13199,0.679926,0.018822,0.011068,1.0,243.1
V22_GRAPHSAGE_METRIC_SMALL,1,4.405053,0.000872,0.643295,0.035885,0.015625,1.0,482.4
V22_GRAPHSAGE_METRIC_SMALL,2,4.292472,0.000137,0.594252,0.041389,0.010417,1.0,696.1
V22_GRAPHSAGE_METRIC_SMALL,3,4.180475,7.2e-05,0.558264,0.046144,0.014648,1.0,917.3
V22_GRAPHSAGE_METRIC_SMALL,4,4.122629,2.6e-05,0.515251,0.048789,0.003906,1.0,1098.0
V22_GRAPHSAGE_METRIC_SMALL,5,4.026563,2e-06,0.455989,0.051506,0.011068,1.0,1220.3
V22_GRAPHSAGE_METRIC_SMALL,6,3.946201,1e-06,0.433415,0.052623,0.002279,1.0,1348.8
V22_GRAPHSAGE_METRIC_SMALL,7,3.911607,1e-06,0.404102,0.054588,0.0,1.0,1489.0
V22_GRAPHSAGE_METRIC_SMALL,8,3.89956,1e-06,0.386692,0.060238,0.007487,1.0,1624.7
V22_GRAPHSAGE_METRIC_SMALL,9,3.876486,0.0,0.386244,0.059196,0.012695,1.0,1767.3
V22_GATV2_CROSS_FUSION,0,4.684991,0.126482,0.678321,0.019338,0.014974,1.0,161.8
V22_GATV2_CROSS_FUSION,1,4.333386,0.000728,0.643821,0.03702,0.003255,1.0,318.8
V22_GATV2_CROSS_FUSION,2,4.240072,0.000195,0.589548,0.043025,0.014323,1.0,485.4
V22_GATV2_CROSS_FUSION,3,4.118476,4.3e-05,0.563955,0.047926,0.013997,1.0,670.2
V22_GATV2_CROSS_FUSION,4,4.034966,1.1e-05,0.536792,0.0515,0.007487,1.0,867.2
V22_GATV2_CROSS_FUSION,5,3.941173,6e-06,0.485648,0.056717,0.013346,1.0,1025.4
V22_GATV2_CROSS_FUSION,6,3.898478,4e-06,0.470487,0.06129,0.007161,1.0,1185.8
V22_GATV2_CROSS_FUSION,7,3.865723,2e-06,0.43758,0.063431,0.014323,1.0,1352.7
V22_GATV2_CROSS_FUSION,8,3.837619,1e-06,0.408481,0.064443,0.01237,1.0,1550.5
V22_GRAPHSAGE_OOD_ENSEMBLE,0,4.749154,0.129583,0.676441,0.020791,0.018555,1.0,173.4
V22_GRAPHSAGE_OOD_ENSEMBLE,1,4.412128,0.001507,0.640759,0.035994,0.006836,1.0,307.6
V22_GRAPHSAGE_OOD_ENSEMBLE,2,4.28567,0.000325,0.597225,0.045213,0.014648,1.0,423.2
V22_GRAPHSAGE_OOD_ENSEMBLE,3,4.137415,0.000158,0.556432,0.049823,0.008789,1.0,534.9
V22_GRAPHSAGE_OOD_ENSEMBLE,4,4.096084,4.2e-05,0.49781,0.048914,0.015625,1.0,637.9
V22_GRAPHSAGE_OOD_ENSEMBLE,5,3.983751,1.1e-05,0.430677,0.05732,0.013672,1.0,743.1
V22_GRAPHSAGE_OOD_ENSEMBLE,6,3.927412,8e-06,0.409891,0.055001,0.011719,1.0,844.7
V22_GRAPHSAGE_OOD_ENSEMBLE,7,3.910096,5e-06,0.388342,0.060274,0.008789,1.0,947.7
V22_GRAPHSAGE_OOD_ENSEMBLE,8,3.868388,6e-06,0.370907,0.060838,0.010742,1.0,1049.0
