epoch,train_within_set_acc,calibration_within_set_acc,calibration_random_baseline,lift_over_random,train_loss,elapsed_s
0,0.356429,0.377532,0.377548,1.0,1.579748,14.5
1,0.380301,0.377532,0.377548,1.0,1.459275,26.6
2,0.383002,0.377532,0.377548,1.0,1.432327,42.8
3,0.386933,0.377532,0.377548,1.0,1.426478,60.4
4,0.386911,0.377532,0.377548,1.0,1.420716,74.9
5,0.390864,0.377532,0.377548,1.0,1.415391,92.6
6,0.385703,0.377532,0.377548,1.0,1.414953,107.4
7,0.390579,0.377532,0.377548,1.0,1.410197,125.7
8,0.39306,0.377532,0.377548,1.0,1.406908,140.6
