candidate_id,seed,training_pairs,calibration_pairs,pair_auc,prediction_replay,training_partition
R31_EXACT_SIGNATURE_SET,NONE,0,16896,0.52935791,PASS / EXACT,NONE
R31_BLOCK_WEIGHTED_RETRIEVAL,12031901,66560,16896,0.72251159,PASS / EXACT,REPAIR_TRAIN ONLY
R31_BLOCK_WEIGHTED_RETRIEVAL,12031902,66560,16896,0.72154719,PASS / EXACT,REPAIR_TRAIN ONLY
R31_BLOCK_WEIGHTED_RETRIEVAL,12031903,66560,16896,0.72141290,PASS / EXACT,REPAIR_TRAIN ONLY
R31_PAIRWISE_HISTGB_RERANKER,12031901,66560,16896,0.88407260,PASS / EXACT,REPAIR_TRAIN ONLY
R31_PAIRWISE_HISTGB_RERANKER,12031902,66560,16896,0.88819379,PASS / EXACT,REPAIR_TRAIN ONLY
R31_PAIRWISE_HISTGB_RERANKER,12031903,66560,16896,0.88890946,PASS / EXACT,REPAIR_TRAIN ONLY
R31_FUSION_RERANKER,12031901,66560,16896,0.86864239,PASS / EXACT,REPAIR_TRAIN ONLY
R31_FUSION_RERANKER,12031902,66560,16896,0.87298876,PASS / EXACT,REPAIR_TRAIN ONLY
R31_FUSION_RERANKER,12031903,66560,16896,0.87502509,PASS / EXACT,REPAIR_TRAIN ONLY
