candidate_id,seed,pair_auc_diagnostic,detection_recall,candidate_set_coverage,unique_signature_top1_site,ambiguous_false_unique_rate,all_injected_exact_site_rate,observable_mrr,mean_observable_candidate_sites,maximum_observable_candidate_sites,polarity_accuracy_given_correct_unique_site,safety_and_coverage,learned_advancement,exact_signature_precedence
R31_EXACT_SIGNATURE_SET,NONE,0.52935791,0.70800781,1.00000000,1.00000000,0.00000000,0.63378906,1.00000000,1.67034483,17,1.00000000,PASS,NOT_APPLICABLE,YES
R31_BLOCK_WEIGHTED_RETRIEVAL,12031901,0.72251159,0.70800781,1.00000000,1.00000000,0.00000000,0.63378906,1.00000000,1.67034483,17,1.00000000,PASS,NOT_MET,YES
R31_BLOCK_WEIGHTED_RETRIEVAL,12031902,0.72154719,0.70800781,1.00000000,1.00000000,0.00000000,0.63378906,1.00000000,1.67034483,17,1.00000000,PASS,NOT_MET,YES
R31_BLOCK_WEIGHTED_RETRIEVAL,12031903,0.72141290,0.70800781,1.00000000,1.00000000,0.00000000,0.63378906,1.00000000,1.67034483,17,1.00000000,PASS,NOT_MET,YES
R31_PAIRWISE_HISTGB_RERANKER,12031901,0.88407260,0.70800781,1.00000000,1.00000000,0.00000000,0.63378906,1.00000000,1.67034483,17,1.00000000,PASS,NOT_MET,YES
R31_PAIRWISE_HISTGB_RERANKER,12031902,0.88819379,0.70800781,1.00000000,1.00000000,0.00000000,0.63378906,1.00000000,1.67034483,17,1.00000000,PASS,NOT_MET,YES
R31_PAIRWISE_HISTGB_RERANKER,12031903,0.88890946,0.70800781,1.00000000,1.00000000,0.00000000,0.63378906,1.00000000,1.67034483,17,1.00000000,PASS,NOT_MET,YES
R31_FUSION_RERANKER,12031901,0.86864239,0.70800781,1.00000000,1.00000000,0.00000000,0.63378906,1.00000000,1.67034483,17,1.00000000,PASS,NOT_MET,YES
R31_FUSION_RERANKER,12031902,0.87298876,0.70800781,1.00000000,1.00000000,0.00000000,0.63378906,1.00000000,1.67034483,17,1.00000000,PASS,NOT_MET,YES
R31_FUSION_RERANKER,12031903,0.87502509,0.70800781,1.00000000,1.00000000,0.00000000,0.63378906,1.00000000,1.67034483,17,1.00000000,PASS,NOT_MET,YES
