fault_instance_index,calibration_capture_rank,site_index,stuck_value,observable,candidate_site_count,exact_site,behavior_signature_sha256
0,0,25,0,1,1,1,eafe178b91c3cb525f17258b419d50a0142e87a7760cc5d84fd773988cc17f89
1,0,25,1,1,1,1,31c075970b50cbaaf064a6db4ca3f594913f6f6d01f3c94b177e997d8de7d683
2,1,92,0,1,1,1,cd75f8fa187409f42a6ea4b0f8eccb118253a8a6fd0d054e26ab68af2bf90466
3,1,92,1,1,1,1,8911655da71891c2ae33fc7e5556bd6d4d6e2194b02ff41bf96e3c992a393f05
4,2,96,0,1,1,1,4a18fb45c061d90bb69f8ab591250dee239278f615577bad76f908fb1d68b94e
5,2,96,1,1,1,1,df769b8fbe5c6dbd3ea476f3d54cf4ee63f60b5d63c888cb184b081d49437f03
6,3,110,0,1,1,1,fa7bfe5180065d941b3306ade8286db460e6f97571c80bf567d2008b878f0362
7,3,110,1,1,1,1,c4f5a9f247dc3fb3badf57010bfeccaf5981d8e82c79f1b4c3cb333546940bb0
8,4,153,0,1,1,1,c3b44c670c432c5537fe2635890f8c2c4ff446f1b277695118bc93905eb250a5
9,4,153,1,1,1,1,830317d43eab9734834df9f0c8b3f96cb32e8674cad20973e7e86a24c8c9310a
10,5,177,0,1,1,1,9cbbb61f76a7236cdf21fe5551fff4caa3a653e77408dba33bcc822f2325190f
11,5,177,1,1,1,1,ecb456696ea8751ddc4b51a66585c25ad602181c318344be5528f877bed13ef2
12,6,245,0,1,1,1,a3480c07f5699c643cd55cc5825d91fbb86c75190e8dea40000b6a8a28c6aefc
13,6,245,1,1,1,1,04e851a4c9ea4dd025279848c2dedf3968ce5afa51e7ff76a77563b929cad8dd
14,7,250,0,1,1,1,ae5250872f4ecf060bfeff86c185f73116ddd5c436d574a999216a3621f4c4b5
15,7,250,1,1,1,1,870b809b3117484bb6862904d2f4e9a0a0b346d383add5ff65fc7f6f2203f765
16,8,368,0,0,0,0,NORMAL_COMPATIBLE
17,8,368,1,0,0,0,NORMAL_COMPATIBLE
18,9,449,0,1,1,1,862eafca8c6b77bd5dec1fab88a2ccdbb7ed2c629bcaccfe53d40a2293d9dff0
19,9,449,1,1,1,1,b2515e4322344f5018de7848455b172fad56672fd8e336677b2b507f1ae18cd9
20,10,453,0,1,1,1,a26433a4da54f7161088670af0b4d8aee556e1809506c83cfe9c6b82729e354d
21,10,453,1,1,1,1,b0a78202910b14409a4ad58be89963424961057c8b156b3d66c5f7b4e632ccf6
22,11,478,0,1,1,1,c9daf2f1293d058a7d9a2f47525ba306218c433c0f2c24aae803adbcfd1e8c1d
23,11,478,1,1,1,1,e6723b476d851cc43fab40a6ffe37512daeb521679a04d70ef15e729bbe8cbed
24,12,579,0,1,1,1,58039dd687585cd29e026b7db8d31b7768c584cf3233deb7142f15fa9cdec404
25,12,579,1,1,1,1,bb42aeb6da436d1945149e215f13320ff7bea3bf8f17ccedb11d7518c7cad496
26,13,585,0,1,2,0,3f326dd7589fa80aac574d927e76e6ce383c9b078b025b011659fe3211ad843b
27,13,585,1,1,1,1,3b92585858f3a5b802ebccc5ff3d3ece0c5cef91b8c701009ff6a179c9e4ce07
28,14,641,0,1,1,1,6f5942b1815fc619412c95d6c8d023af714092d9b23e6057959cb35a879815fd
29,14,641,1,1,1,1,c827e9335808b7a38e39531e64edf355e72d859c80bd5a62e9980562e6005588
30,15,642,0,1,1,1,98e589258abefdad10fd3a2731a8558a43c1cc37ba52ff7744c4334e8d2ad40b
31,15,642,1,1,1,1,ff9ce1f7302cc00cfb6ac889bc2b928bdcca84d71c8611ee0e8539eadcb3b3f1
32,16,644,0,1,1,1,fa64f5ae9ffdfc15644519a14a6acbe32acf7ca59ce5f6bcac9d745a4e624beb
33,16,644,1,1,1,1,786466501e39ae3b2e8df499a6af65363df374aeeefb5ac8d615f5547e332acf
34,17,647,0,1,1,1,4f207cee45e10d70d9f3d2aad7a76a8e439c8ca68549d3d24905799bb8c15d09
35,17,647,1,1,1,1,745f5191b544cbcd88f55152ab21e5de8e9828c49ffee93f6502209f3f329997
36,18,653,0,1,1,1,e98d495defafc4cd3f8f6dd76045036c6a973415f01da50cfac2daeaaf3f0c5d
37,18,653,1,1,1,1,b66b63d9d51feab97172424a546a3ec97f63a162bf6c83def150a44ac5760060
38,19,666,0,1,1,1,53d88ace28a355cccdfb3e13c681576a2ce57df7fb6a194a90601030cb2a3670
39,19,666,1,1,1,1,05d3792e12e364b81d59ea65b4c491be79648041e7652d37769795530fa464b5
40,20,674,0,1,1,1,90548dac464a10ffeeb4059b2c37003b1320306134286339632bc6085ab72ef6
41,20,674,1,1,1,1,c0d7359d8172fd6fc979c10bac7d45886c69ec6c9dfa4e2df9529bf8fc82eaf2
42,21,681,0,1,1,1,cb4fe2ea77c29165d73f65791d680f947004704bf36b28628fc4f77714311b65
43,21,681,1,1,1,1,321f26905584db0d00e29415d48662fca1dafec2242ee2b756ba4eb599d17d87
44,22,697,0,1,1,1,08484b39dae7ccee07eb3919aef791b368475713649b6d5192b337871b7adb3e
45,22,697,1,1,1,1,47538046ce5f3216c8328d49b446b9d63b6290441121bd9e5a2f04495b7555cc
46,23,698,0,1,1,1,f0f2fc6ea802930953ab96c3b2a610c2b8317e33008619e790cfec01a18d24e7
47,23,698,1,1,1,1,70dbb3e271ce0f5c9c28cadf03be172e57dd57cea304718126109f744e363a2d
48,24,722,0,1,1,1,8fba01d84eb9177694dc31c7ca191cc49bf4372defc6d946744a02d46fe1a8c1
49,24,722,1,1,1,1,ad230df67f2e56dbfa02b5d812649390636f3bdd4c1ca8acbfe8708d9e3bbea3
50,25,739,0,1,1,1,eb30eb29a50b218dd881f538925bb05e0873fe5151bd92621f1638d17bef8491
51,25,739,1,1,1,1,50d135eb029280828c7167952aeaf629149dd2d06861f1e1795eadde28455247
52,26,747,0,1,1,1,713414271332a807c1d3834ebb6ee0c878e8db6f4c5784d5a2a0e82173d13378
53,26,747,1,1,1,1,1907a924aec97fecd37e491471754048851f9fec9bd081484195ee249fd56e30
54,27,839,0,1,1,1,b577e68bf24158d8f34840dbd7d6e4c049427bd3cfec934d69d1bd1e6151476e
55,27,839,1,1,1,1,487091a06f2a57d3fcb62c956ea4c3c3d43b6a69e251880be35396319d1ad82b
56,28,850,0,1,2,0,329eb5c11687c61ec24e565cc90d3d26e304bc04eb2e6eddbc5b1d6cebb88d51
57,28,850,1,1,1,1,2cc64ce597d99a69569587a78563cc125e2da55930b0265a1bf78d9e7796fad8
58,29,983,0,0,0,0,NORMAL_COMPATIBLE
59,29,983,1,1,1,1,95a6c6be43243a16f6a82fed2e42c5f9f2c3b476cfbcdfecc0905c2d60d5859f
60,30,1010,0,1,1,1,6a906ebb250b53a41b9f885d7111f3edfc13fb677516deed8efc81612e5cd25e
61,30,1010,1,1,1,1,a98925cc94a69fafd6983335f1aa80035025db3db4266089d649ed7e29edefbb
62,31,1032,0,1,1,1,dd4d58a4f1453f2d6a6d3d2b1411dda830ff51504a10e6bdc02a34c383d05748
63,31,1032,1,1,1,1,c9b34d216c60cb8b706bb42f1eca6d83229aafc8c3a99176163439b69f0c053a
64,32,1052,0,0,0,0,NORMAL_COMPATIBLE
65,32,1052,1,1,1,1,4e7d2b820ef4eb8c57369b86a07f2752f3c3ce40d791f2288c3e0460f316181b
66,33,1087,0,0,0,0,NORMAL_COMPATIBLE
67,33,1087,1,1,1,1,b4622102b3a1d640a51f892d7ebcd1058fa9d840f7a3a860fd148235acb08608
68,34,1144,0,1,1,1,dc8087c51ca8cacc5ede3ece0fed1c5c61d9dfb906c06cad625131374afdb595
69,34,1144,1,1,1,1,5d59a36b1fcdac197f9a54c70fda3c9bdc8b91906b76fb4595325380988e8021
70,35,1203,0,0,0,0,NORMAL_COMPATIBLE
71,35,1203,1,0,0,0,NORMAL_COMPATIBLE
72,36,1220,0,0,0,0,NORMAL_COMPATIBLE
73,36,1220,1,1,2,0,cc114124d3d7e7daa4e279b38ccfe5a2d1c89bd258aaca2c467d909c450c8d20
74,37,1295,0,1,1,1,a503615cae7fb08ebea62ee02a7e652cb7a07ec65d2aed00af493e4cb755bc62
75,37,1295,1,1,1,1,a610b953aa527bd0687720e3a8ece0d8b32ca7c62b471c591945562ebddc2940
76,38,1343,0,0,0,0,NORMAL_COMPATIBLE
77,38,1343,1,1,1,1,2d7d18529533676f0adc2d08871936a95f6c04f9b7056019b8075710b5495079
78,39,1404,0,1,1,1,76584e2cfa76abc02a3b8406e26fc3334b00d4370a490d83a39074700bfc44b4
79,39,1404,1,1,1,1,3ccb134754188f2004d4a6dfc9544d18edacbdee1d6abc577d7f7b80aab84cad
80,40,1499,0,1,1,1,b48d13c088348315c0d5c52271d7f14f137ec330e14fd8ed8299f41094e29567
81,40,1499,1,1,1,1,ce4f1627fc49ba46430a7a4bdd8989f8cb85b745b966e77ab66c89a226800540
82,41,1641,0,1,1,1,4368e50bbd62fb50f431c198acddeccc041aab11019578995499bf30b0558944
83,41,1641,1,1,1,1,a5e6855a732bc516e930b6cc6d29cbdd0366704e8568f68185ff159075fd46dd
84,42,1645,0,1,1,1,698ec15e0c449f9f8eb432888f08dcf31ec35c3a8aa74583a55d536bbf8c17b8
85,42,1645,1,1,1,1,6c746f7445400bbbd3e94b767e2b24a459afbd21c3e21c2180c1b1b674e0310f
86,43,1687,0,1,1,1,e70d00aa09a708f7d30054e255bd74df363a78cd00da9e4dabafff52db1f9887
87,43,1687,1,1,1,1,1f1976f46332e805597bee8389a189e267862745051365208e3f5ede04be1ee5
88,44,1729,0,0,0,0,NORMAL_COMPATIBLE
89,44,1729,1,0,0,0,NORMAL_COMPATIBLE
90,45,1749,0,0,0,0,NORMAL_COMPATIBLE
91,45,1749,1,0,0,0,NORMAL_COMPATIBLE
92,46,1755,0,1,1,1,3fb339d51fd1bc9446fe96c83207a25d1237637ac7523eb67f2bda4252dadfa3
93,46,1755,1,1,1,1,a43cdca62042cb1aec5fc77855a984267283d43345fa60061b4f89b1e0c47017
94,47,1780,0,1,1,1,79b6e4443f23aa03489d49c127cb75848d932a27ee719e302ce63e373dd184fe
95,47,1780,1,1,1,1,250e0869528fff0c3593e94a158369a9bf6103ed417f654a77c70f1a564fd3a2
96,48,1803,0,1,1,1,ff3e7d4ea6dce7ddac94f4c886e8c61e6a82b7436953385d98a55cbebc108945
97,48,1803,1,1,1,1,4b600032f01ad121c8f4a1f996db02c6eec054aaec3d8b74d55c38f62420253f
98,49,1850,0,0,0,0,NORMAL_COMPATIBLE
99,49,1850,1,1,1,1,b3d7f6c9eed3cb583b8a1fc14423fcec6692c9aaa2a3546e44273e2a7702e745
100,50,1994,0,0,0,0,NORMAL_COMPATIBLE
101,50,1994,1,1,1,1,422b814a0508f56d12e11c62a6fd38888b4b633aa4e3e722871153e318118d81
102,51,2015,0,1,2,0,dc7c4f19e4c5790ca5c49f2232f00d3d1edcad2f2a82a93e212635cb444b1098
103,51,2015,1,1,2,0,e1ae953a786b46037c957dc70779379666fcc7df45738902ee257820cae6067e
104,52,2016,0,1,2,0,dc7c4f19e4c5790ca5c49f2232f00d3d1edcad2f2a82a93e212635cb444b1098
105,52,2016,1,1,2,0,e1ae953a786b46037c957dc70779379666fcc7df45738902ee257820cae6067e
106,53,2018,0,1,1,1,0b63c59e18864fd8663a2ba6359d4a40323dbbb75014447cf7a347d1c7beebea
107,53,2018,1,1,1,1,2ebe19939cca8dc02b4e0a028979619b52268083e71508c5a9cdf60b2d73a2ac
108,54,2058,0,1,1,1,5ae1721c5ab22c9020bdd0b2d1114d3cf8a7983cac0410c4108bd2970c8ca882
109,54,2058,1,1,1,1,68b2d6b14aa61557c62e7467445f75587c6012c632089e515a32f12c59586445
110,55,2132,0,0,0,0,NORMAL_COMPATIBLE
111,55,2132,1,1,1,1,8b26ebc7f87a8feaa12581222619c25f8017168c35c74b0c3d2c612ed5f65769
112,56,2181,0,1,1,1,341563f0b4a9f016f046c92ab6e5cefd57be646d153d2a8149c93e1ebb9c3746
113,56,2181,1,1,1,1,e1917ba1701cc02ecb9e5380de11fb491639ff0f75104c12351036813284f0b2
114,57,2184,0,1,1,1,6b7b3613f09209da41fd461baa3364d15a65847529f37e284e8e48fe6229298f
115,57,2184,1,1,1,1,fa7dcb3d3dc3440b603a042e174b07d345728d600702391a2b16844851a2c54a
116,58,2247,0,0,0,0,NORMAL_COMPATIBLE
117,58,2247,1,1,1,1,119124a737d55e3707333f2b591e68eb433a0e685338d19eecd95bac3d37a606
118,59,2353,0,0,0,0,NORMAL_COMPATIBLE
119,59,2353,1,1,1,1,9811c506cde4e7f57ce7cadf82de032b62bc5f4fdf10115cef48fb510d17210e
120,60,2358,0,0,0,0,NORMAL_COMPATIBLE
121,60,2358,1,1,1,1,db3db6c03b35aad2ceff300e596b93286d260b58a6cfa0e1ac074d007f274d6e
122,61,2359,0,0,0,0,NORMAL_COMPATIBLE
123,61,2359,1,1,1,1,e7b9756fb214ad9931c4ea6f6689f40d803e997d6163660316351318d5f5fcc2
124,62,2416,0,1,1,1,187ad7b0d6d107d8b7d13c7d62a36c16b69f3d335fae926db5cee0926c3ca9b1
125,62,2416,1,1,1,1,45c104e43543bbd3c5bd4ad4bb9d7e2d2872442743ee08fb1f2666b21d8aea84
126,63,2523,0,1,1,1,8dd82fed7a5ad6ca00f2dfedab099612f856c0cd06a7ff7eef370b538609e9c4
127,63,2523,1,1,1,1,8cb09954667badb122f8de6eb23abd79ad9492359004659e4f31df8a00377016
128,64,2543,0,1,1,1,049db55e7ec688a8a7846e4f7d14629898a3be20b398b3b8261caf40ae854188
129,64,2543,1,1,1,1,81c347d8558b477c188b35c3c5d3c152e77876d4826d37dcbe0a509f42c0efec
130,65,2559,0,1,1,1,6150a990c3b6a2f436b23cb094ce178c2c6d6360423adce890308d52660f0c0a
131,65,2559,1,1,1,1,52e14cf207e8f0498f861c3977d0af0f5eedb176ef1fa28af446082877c2ecb9
132,66,2639,0,0,0,0,NORMAL_COMPATIBLE
133,66,2639,1,1,1,1,5ea0f1c259b86dbf56d980f825b443e6806a1cd5b676a5e2249fd520cb1afc9f
134,67,2648,0,0,0,0,NORMAL_COMPATIBLE
135,67,2648,1,1,1,1,9a196e89003367deaaaa34670b60ca439f663e47d63b76cddf88b4948df87842
136,68,2663,0,1,1,1,ce64dce65245e513314dee57fb625acf6fb28d0cc8df98f431f4a5a6509f456c
137,68,2663,1,1,1,1,2e3df5c437952bb902f2c114c15664c967bbeab627f25ca7850a3c6e2ef19242
138,69,2666,0,1,1,1,3399594f505b3c65490c8c60981838f622ce2a569039f84b0250100487d0b3a3
139,69,2666,1,1,1,1,02337c85bdf4f62ad2ce5f04f0aff158092b6957f870d2fe9081a664f0d2cec0
140,70,2670,0,1,1,1,65657042abc9ccc4b25ff7af4b43ed21bb1a27e3adadb9d2da886015778c4868
141,70,2670,1,1,1,1,0be03d6dfa756ba18f34823e8bf8b1aa4e9c64bc72776d7b41f71ed28b8075c0
142,71,2697,0,1,1,1,320815318d3bb4cea4acb91ed7374873349e79b9fb67d7541200c786562b97fa
143,71,2697,1,1,1,1,0f3f0309ef96f34021c177f11210152115602f26c967ea7ae61233eaaa2932d7
144,72,2718,0,0,0,0,NORMAL_COMPATIBLE
145,72,2718,1,1,1,1,e9c40ad65648cd3d7f80a73cee3de5747d03e6c0d59136d307e787254b9f211d
146,73,2977,0,0,0,0,NORMAL_COMPATIBLE
147,73,2977,1,1,1,1,88123c6354052f2a3ad873271869b8a7d0f9e0f22e5f80bccc2ddecfbd7bcd1e
148,74,2997,0,0,0,0,NORMAL_COMPATIBLE
149,74,2997,1,1,1,1,bcd37ac7cb14f960626933e5baf2a5972a1b72fa4bb4b9eda554ca5396251c98
150,75,3037,0,1,1,1,77e235968388e9fa0db4199824adc39542ecf8e1cae73165cc428d1668a0b9fc
151,75,3037,1,1,1,1,db9ea8f064105d2254e21fb9c732069deb26513e4d99dadff2188c9c69d30599
152,76,3067,0,1,1,1,2bc65a57acb336e9f1eb97c5becd3b2dfc341d30029c11c9fc84fb5b2a9e4698
153,76,3067,1,1,1,1,b8538f4c08f01223bf5beb42f3ae35f606914fd4169ad09c61110bf8ef0c9536
154,77,3074,0,1,1,1,ab0cefbab420c53c8f9c89ff385bdd95c98ad1cc0a6e969f52c0264bf5d69bff
155,77,3074,1,1,1,1,973bc08d8d28fb9bd59b0a91c3587164d0d1dced6eb7aa77a8e309e3f7f2b27e
156,78,3080,0,1,1,1,5279762de19c14997fcd46b09797ced7ff3f5fcfdadba75d809f4a64e5a70f79
157,78,3080,1,1,1,1,547a415fda2d0ab24c5ff5bd4491ab43697df92f92bff2a47528a5e5495a4beb
158,79,3094,0,1,1,1,0941686d5fca0b74782db766c15ce7bc5ca3587af3ea69aea35fdd2dd8eec31a
159,79,3094,1,1,1,1,596625b692d3b8778e44349c7f6c8e6a4a9c3ba74f58ddb16f845ebbdd4eab15
160,80,3149,0,0,0,0,NORMAL_COMPATIBLE
161,80,3149,1,1,1,1,8d6ec9827935411975bfb15a64abc45c9f2196bd6e7317513e9a85ae9707686f
162,81,3187,0,1,1,1,6fa0306bd9cc82061fb0e0f1f378d7fa929f51c0778fe3a0f49feba57edd57d8
163,81,3187,1,1,1,1,06c8055c9f681a57d7959a6bf43ee456ee329081b9317bd30a0a2c2bb565b78d
164,82,3264,0,0,0,0,NORMAL_COMPATIBLE
165,82,3264,1,1,1,1,47ccb28d82ba2f1fe2ab63cd89a9a9dc7252603d3973431322abccca62dec5ae
166,83,3304,0,1,2,0,6df8b47a3595579afd6f074ab3aee0a17d382860dccc594c04fe6e9e13aa0093
167,83,3304,1,1,1,1,fdceecd68300733babc363a09249a97e97daa8a8b1b5f47574c30f37c5c51f93
168,84,3308,0,1,1,1,29740620b0e59fedbd0c438583c2cbd02de769fff8b0fe8e25d4e384d9fa0f2b
169,84,3308,1,1,1,1,cdf3c0e5b0a800c9080444c42a1920be177629461d1dce5a3480a77e0e9b5a3c
170,85,3315,0,1,2,0,e016c11c1c14b30c35d2f6ca30e6f8434c142382542c7867109c8738a6f4e2e4
171,85,3315,1,1,1,1,e107bdfe0cdd97bcef3ed126d2ed5692a93800cff2e9857ff2292d1abacb99ac
172,86,3362,0,0,0,0,NORMAL_COMPATIBLE
173,86,3362,1,1,1,1,aaafd440b3fc2cd37a540ef015d8af935a62e73cbd6dd772c8ec7a224ccf9072
174,87,3434,0,1,1,1,adc4aa2bad0bccff80731dcaae254cc0d5f05a933bdb38771d59b1841b2b9c6e
175,87,3434,1,1,1,1,4ffd4c54e6a0e7cc7ea95c656be932fc166e7d62bd5df7703659f400f4029eef
176,88,3515,0,0,0,0,NORMAL_COMPATIBLE
177,88,3515,1,1,1,1,f83828c1b3e6c0651303f1e74e2839c4a78afdaae3df3d75036a712c1c69026d
178,89,3537,0,0,0,0,NORMAL_COMPATIBLE
179,89,3537,1,1,1,1,8822e1b85cc0bc2d28bf790ecb72d79bf597901ced31563c76dedf96ad5b1b81
180,90,3608,0,1,1,1,50cfa243a1e91d46b7835c898e916f105cb6e806b21ebdac6c9347e2da07e90f
181,90,3608,1,1,1,1,ba05b29baf3141e9c56b185f78233f63e9bd72ca04dc10bd24cf05d43500edaf
182,91,3634,0,0,0,0,NORMAL_COMPATIBLE
183,91,3634,1,1,1,1,0196f28a2475cb353a85d3c259152e81c7ce245be4c2aee3299560be77ac2793
184,92,3655,0,0,0,0,NORMAL_COMPATIBLE
185,92,3655,1,1,2,0,9d5352ea814355f9a8a79c78d8b724a7d98bfd265f9450ac05641b98dae04f36
186,93,3684,0,1,1,1,27fbb43668e8e22029eb930d58e09c828ce545ff2dbf1176133a813dc4adb474
187,93,3684,1,1,1,1,fe7e461b32970ae91db9c63b8fe1a79089d3c8be8e92b36ed6c50e641a337e37
188,94,3696,0,1,1,1,d3c17d15a0f58de24dea635d0f7885da5c0fa1a5965416fa54ceef1a26332664
189,94,3696,1,1,1,1,889199684294501d2364582b6b152d0fed8cc0573057645ffd3b8433febcb7b8
190,95,3700,0,1,2,0,e016c11c1c14b30c35d2f6ca30e6f8434c142382542c7867109c8738a6f4e2e4
191,95,3700,1,1,1,1,f7126cd497828002d42558a351f67710c190da93e06065f7873b9bb76bde0c33
192,96,3732,0,1,1,1,c35981a461938250afab37dc9141b9eb06c7d75e1d7e2c83d2d78e18664abe87
193,96,3732,1,1,1,1,ed5743ad2501f55b454619493623fafd2aa043633ae1294c53bdf23e8a01596a
194,97,3775,0,0,0,0,NORMAL_COMPATIBLE
195,97,3775,1,1,1,1,bcb81c9a4abf9e64b05573f8787d8ab993566441933ffd4d8826c3e648479858
196,98,3784,0,0,0,0,NORMAL_COMPATIBLE
197,98,3784,1,1,2,0,9d5352ea814355f9a8a79c78d8b724a7d98bfd265f9450ac05641b98dae04f36
198,99,3795,0,0,0,0,NORMAL_COMPATIBLE
199,99,3795,1,1,1,1,b0dc06230884eb2edac3fd83f6c8fac3c8a8b4c4d7df10014c9d1c26be077736
200,100,3815,0,1,2,0,6df8b47a3595579afd6f074ab3aee0a17d382860dccc594c04fe6e9e13aa0093
201,100,3815,1,1,1,1,f5a1aa58e186f2adf13d2ebfe1e7f3612c1870374a5f89d782fdaf92045bf994
202,101,3852,0,1,1,1,ef298ff62d31db4bbb41a74e17be3d92a38567a8e06a4819da9815d94e561ae3
203,101,3852,1,1,1,1,6bd59fc1923d30db54ae323edff5051cb0b184dca12ec1ffb6e77b9307d41cc0
204,102,3899,0,0,0,0,NORMAL_COMPATIBLE
205,102,3899,1,1,1,1,ce4c7d94bff361d2ed807980bf6d3757a572a7c8019b40b76cb4a802ff25d807
206,103,4016,0,0,0,0,NORMAL_COMPATIBLE
207,103,4016,1,1,1,1,36cf2744d8c32327d8f11fd2c34120f0a19c368dc4c6b0ec4eba6aeb10e31723
208,104,4037,0,0,0,0,NORMAL_COMPATIBLE
209,104,4037,1,1,1,1,3db24ad0699690372cc2f638231004019dacb8bafa82c12f02ebf9f0b8cdeefa
210,105,4043,0,0,0,0,NORMAL_COMPATIBLE
211,105,4043,1,1,1,1,0262bf37c3eb548d9efdfa29daa190a8eb2f56b62ac1ed41922621b2ab7c0322
212,106,4045,0,0,0,0,NORMAL_COMPATIBLE
213,106,4045,1,1,1,1,28f9194a9f465e47edbbef41987d0a87d471a42507c7705ceeb32054d0899b96
214,107,4115,0,1,1,1,44dfb79ba62c7add72bdbeb39588067ea9c8809f1c74f0a36b2d7392a2507e4b
215,107,4115,1,1,1,1,3fa81bfce3cb4e9663e083c8a6336352b06b652550a9653f48a4fbe14457d528
216,108,4149,0,0,0,0,NORMAL_COMPATIBLE
217,108,4149,1,1,1,1,2b80c140e57aff7f19f84e13a70890ac4da5d9324214ffd393e4ec507bcc648b
218,109,4193,0,1,1,1,eaf0774ff9c2d39b2e983fe4d77ce6ef61b29599a538b32ed6ce46280c1812cc
219,109,4193,1,1,1,1,a8a1f8cc3f52cd5752efec7a67e8e54f5664f7f4b3e0255ec6d065c8b98f41a0
220,110,4300,0,0,0,0,NORMAL_COMPATIBLE
221,110,4300,1,1,1,1,3fa8d48724724f3e0566f2a7d7667fcdf772436b149c7188bc0079fb6bb3d468
222,111,4404,0,0,0,0,NORMAL_COMPATIBLE
223,111,4404,1,1,1,1,c211c573a01a9cb79e8bb7316eeb9d6c565c10b8f863a2f46a6d9b77373df40c
224,112,4528,0,0,0,0,NORMAL_COMPATIBLE
225,112,4528,1,0,0,0,NORMAL_COMPATIBLE
226,113,4539,0,0,0,0,NORMAL_COMPATIBLE
227,113,4539,1,1,1,1,c38d769c85988e20e3e422063b0a869057212c3cbf7b68dca7470b6778c2369f
228,114,4633,0,1,1,1,535b3fc55221f765dd476388532fae335897e9f0aa89f46faedb11bb9b720ede
229,114,4633,1,1,1,1,6b70ab87c4ad1f49c78b6429dd10e9e8a26dc0ef2d577cf4cac42b16e50918e4
230,115,4649,0,0,0,0,NORMAL_COMPATIBLE
231,115,4649,1,0,0,0,NORMAL_COMPATIBLE
232,116,4657,0,0,0,0,NORMAL_COMPATIBLE
233,116,4657,1,0,0,0,NORMAL_COMPATIBLE
234,117,4675,0,0,0,0,NORMAL_COMPATIBLE
235,117,4675,1,1,1,1,b0e7c2d14fc0603467f3f5a24ca556a8c9b4ce7c3319a7938e9b12035c2194d3
236,118,4706,0,1,1,1,1fc0fe3f0f9da78e8fcf90078ef9685aa4982e01b2f25ac0ca2579eb4f6730e0
237,118,4706,1,1,1,1,9cf6e04b1b557d5abcaafce576ddc4ff53bcbc504ca9377c4d1e0258e7e918e2
238,119,4977,0,1,1,1,943c598228f1b2a9a5cc0960068dd961f1a30281910e4fb3c5801903bf2dfed1
239,119,4977,1,1,1,1,31ea9ed2612be67d285af17610c8cc6ccf91e217eb6832b981398a42b550d6ae
240,120,5035,0,0,0,0,NORMAL_COMPATIBLE
241,120,5035,1,1,1,1,7460444cad92b46a5c7abfd71b8f78b5de4a09fe6812aee25c86a4dd2e1aa751
242,121,5052,0,0,0,0,NORMAL_COMPATIBLE
243,121,5052,1,1,2,0,e2bd9800537bb1295c8c3afbd52971eb9fc1cb336ebc9d34a6a51032511f566e
244,122,5057,0,0,0,0,NORMAL_COMPATIBLE
245,122,5057,1,1,2,0,c7872e00e93533560dee53636903d359e493dcdfcffedf89c9649117119cdb82
246,123,5068,0,0,0,0,NORMAL_COMPATIBLE
247,123,5068,1,1,1,1,54ecd8041b49cb6c9c3c1e9c747b98ed5baac82db7d63045f50c5a2da3bbe4a3
248,124,5088,0,1,1,1,ee881837bb22014e0754bb37fdeaeaf519f29e174fa1761324f6edad7e32bc79
249,124,5088,1,1,1,1,256fb9c122bf9060ea267eb2726593839bf3b87c29ea49b6ab57f64057231237
250,125,5113,0,0,0,0,NORMAL_COMPATIBLE
251,125,5113,1,1,10,0,76f5d750844d1d07c7e245d19da37639754d431dbbeeb62e936aa41269f1c070
252,126,5126,0,0,0,0,NORMAL_COMPATIBLE
253,126,5126,1,1,10,0,76f5d750844d1d07c7e245d19da37639754d431dbbeeb62e936aa41269f1c070
254,127,5142,0,0,0,0,NORMAL_COMPATIBLE
255,127,5142,1,1,10,0,76f5d750844d1d07c7e245d19da37639754d431dbbeeb62e936aa41269f1c070
256,128,5146,0,0,0,0,NORMAL_COMPATIBLE
257,128,5146,1,1,10,0,76f5d750844d1d07c7e245d19da37639754d431dbbeeb62e936aa41269f1c070
258,129,5150,0,0,0,0,NORMAL_COMPATIBLE
259,129,5150,1,1,10,0,76f5d750844d1d07c7e245d19da37639754d431dbbeeb62e936aa41269f1c070
260,130,5181,0,0,0,0,NORMAL_COMPATIBLE
261,130,5181,1,1,10,0,76f5d750844d1d07c7e245d19da37639754d431dbbeeb62e936aa41269f1c070
262,131,5216,0,0,0,0,NORMAL_COMPATIBLE
263,131,5216,1,1,1,1,886b1da0e55a9132002be0158bcfd30aa759f6a148ea25caa344750b3190161f
264,132,5230,0,1,1,1,9eb6aaf34af15a37b0580bde4d1aa9ba94885e92e8730832ba0161ddd51e4289
265,132,5230,1,1,1,1,75ae454cc4a51b3dfef87e7851a8f1b6990e035df284e757bcd58f89dcc986fb
266,133,5253,0,1,17,0,ed3bf241fff7723a3179b84f84f0fc60eb9ff43e9880288624923542ced7d265
267,133,5253,1,1,17,0,ed3bf241fff7723a3179b84f84f0fc60eb9ff43e9880288624923542ced7d265
268,134,5257,0,1,17,0,ed3bf241fff7723a3179b84f84f0fc60eb9ff43e9880288624923542ced7d265
269,134,5257,1,1,17,0,ed3bf241fff7723a3179b84f84f0fc60eb9ff43e9880288624923542ced7d265
270,135,5288,0,0,0,0,NORMAL_COMPATIBLE
271,135,5288,1,1,17,0,ed3bf241fff7723a3179b84f84f0fc60eb9ff43e9880288624923542ced7d265
272,136,5321,0,0,0,0,NORMAL_COMPATIBLE
273,136,5321,1,1,17,0,ed3bf241fff7723a3179b84f84f0fc60eb9ff43e9880288624923542ced7d265
274,137,5337,0,0,0,0,NORMAL_COMPATIBLE
275,137,5337,1,1,17,0,ed3bf241fff7723a3179b84f84f0fc60eb9ff43e9880288624923542ced7d265
276,138,5374,0,0,0,0,NORMAL_COMPATIBLE
277,138,5374,1,1,17,0,ed3bf241fff7723a3179b84f84f0fc60eb9ff43e9880288624923542ced7d265
278,139,5397,0,0,0,0,NORMAL_COMPATIBLE
279,139,5397,1,1,17,0,ed3bf241fff7723a3179b84f84f0fc60eb9ff43e9880288624923542ced7d265
280,140,5518,0,1,1,1,5b7f9428910f9b1975d0e93490df344f0a81c71b5f28ca15c0db665342f04177
281,140,5518,1,1,1,1,80d1e55fb4bc7cedf7accf00b767987eba9cede9bac59c11d82723fbf853af2e
282,141,5536,0,1,1,1,713f8270fc68e2778318cd7b9cee7ce3e74686e8ce2e2fc1810c29f7f072fd24
283,141,5536,1,1,1,1,c307d1cc2f5bafd46dd4281ede8fabd94f749898bd9e90ed5dbce171d76035df
284,142,5543,0,1,1,1,78b67556d2504d61c4dbcb969434761fa225ec8f50f28f960001bad299041907
285,142,5543,1,1,1,1,e66fb7bbc0e7eff6bf3ce6c705533d6f9ed514ce1d3c032f751da6965cfba5cb
286,143,5594,0,1,1,1,756b9d92d4567be524342e4abecec5910867d1a34bfe496290f352fcb04037ad
287,143,5594,1,1,1,1,ff43d7e169e8587fb20d8b3c2b6eb52773a5cd33cca6bad626aa27a82e3a4d27
288,144,5624,0,1,1,1,203ad1fdf27c7e860f78fbf1bf5c8b6bfbbd94ca12c534d66fcc6498061c418d
289,144,5624,1,1,1,1,953f01f21e3d74a92589fe38d4044bcf0044d70dae7e4d372aa51cddef5bc7f4
290,145,5675,0,1,1,1,35e85ed031342e70932c7f55e1cbf9e6ac14cfaa42366aa397ba815382bca2c4
291,145,5675,1,1,1,1,9310dec59f922e88948dc2851f03189d427bb6695f180cc6390eff480ed8d989
292,146,5678,0,1,1,1,83088c34a8284348b10067c1f0d7ab8746717ff39be48f79ac067b559488ce43
293,146,5678,1,1,1,1,5b07545b4fe0adc0fb1a839fbf1fedc5f05ae689ad4adb22debe9fc550386f0e
294,147,5686,0,1,1,1,e38fe76eb9bc2f995a123c0e10855ff9032a6f7923ee456502b1fc584a52f67b
295,147,5686,1,1,1,1,132e74c6f755b4a96b127e2314f3384b66ebb350cd01f1c9e61919555a4efd09
296,148,5765,0,1,1,1,b850a51ff6dd6c5a54c2f5a05775ff56d352a1542f150a2ff6e547835f195653
297,148,5765,1,1,1,1,f1aff7340c22e8a1646414e6497b1e39ef95c0bae85e9d09da40a663939c631f
298,149,5815,0,1,1,1,05de02585f36c99caccb84cee512cd6f7920c58a4291a0ee8fadf35cedd185ca
299,149,5815,1,1,1,1,95373d8db1f2bec5ad0ea865e95a950a6934862667585da2d5ba687ae8021295
300,150,5843,0,1,1,1,ece59d16e902b40b8109fc8860a3b9441fbf745f0b8319d28ca6129f7cba8aaa
301,150,5843,1,1,1,1,4915fe840fd7524b22d3b3ea4f5442ab43b6b101fb49b210ec198e9aaacb6e63
302,151,5945,0,1,1,1,7a9a889626e8e34c7ccec63bdd76f29c8c7331185ec6acce3c4c39b34ed4e619
303,151,5945,1,1,1,1,a7ebd8a347c5724186c2f53d1b566a72407032aea6ca19795820ac0cf545d9b2
304,152,6015,0,1,1,1,815b6267c17a169aec817bafc220d9a223b190476b21690e8e4a3529e86e8fc3
305,152,6015,1,1,1,1,29041ca0f7a86401143710d42542fb46d96963d428a938a24c5c6159b3d33546
306,153,6016,0,1,1,1,9e3811ca69d71c40ba397b0aa4ea905a9dd6d638a8220a7c8d32a6496eb111c2
307,153,6016,1,1,1,1,92ea7521c49bb27ee4bcfa26895d6e90a961eb4dcbe0193e4d60c9f74250ca19
308,154,6073,0,1,1,1,5fa3c3051f713408faab0afbde5d5164007533cb1486f8cc87175b3d21f4f4f6
309,154,6073,1,1,1,1,45bffe36c1beef6e23cc4dc8ca5cf0936bd03deec87b2307ec5a67b51a35d62c
310,155,6079,0,1,1,1,38ad6d5e6d9bc833d37d5d473c47331bdfdee79da0d0176ea3eaaefe907f4844
311,155,6079,1,0,0,0,NORMAL_COMPATIBLE
312,156,6085,0,1,3,0,7ed256994e1906c8db6138267ee8ae71bf2811bc621ff259669564c37fc04db7
313,156,6085,1,0,0,0,NORMAL_COMPATIBLE
314,157,6391,0,1,1,1,130951d632043868895bbdd8a1047fc51a986c7ca0e8ee1d994bb71d28c47398
315,157,6391,1,1,1,1,2d3e4431e068bc0e45148f270ac9c19abbc80238c2970a124ebd758d512201d2
316,158,6483,0,1,1,1,b23fcfa102a80d7e1bf8e8ec55f549d247625a9ec54da43cf9df28989bfa9f11
317,158,6483,1,1,1,1,0f8bf77a645c31c6e2e6b777408cd0d5fa8dd3c59d9730e48a5b856ec26a058a
318,159,6573,0,1,1,1,bcec75996a593c81ba0a63c4a3c1fe5c2987bcf470a10441ceef218913316b82
319,159,6573,1,1,1,1,dd82ad31bf9e82c597af58f7fe5a67c60a172684ad1760d79d08b42991a733fe
320,160,6606,0,0,0,0,NORMAL_COMPATIBLE
321,160,6606,1,1,1,1,7144e986283587f2a4428324142b16f0be93f9caf3bb82c9cbc522be4ac3137c
322,161,6629,0,0,0,0,NORMAL_COMPATIBLE
323,161,6629,1,0,0,0,NORMAL_COMPATIBLE
324,162,6644,0,0,0,0,NORMAL_COMPATIBLE
325,162,6644,1,1,1,1,6cb2037a1858e3992a3f0bb32be3dd152143f50b6cd042f0ef33e52ebfa74e0a
326,163,6680,0,0,0,0,NORMAL_COMPATIBLE
327,163,6680,1,0,0,0,NORMAL_COMPATIBLE
328,164,6717,0,1,1,1,00523274d243f2540bc36e96209e072f2668fe4fbdcd4117a27c2ae788ac1e17
329,164,6717,1,1,1,1,f031acfbe708485f627fa85a28b0913f7757208ca2be802d859c0e44dac3268a
330,165,6875,0,1,1,1,b5b999b190ec05994e58668298aeaa3ae0e3beccadda4e4c5f31685a010e01c5
331,165,6875,1,1,1,1,76ac4e45d6183b50d89b121fa0fe3f370200f7c81e197f00f62e118785ed0fe0
332,166,6943,0,1,1,1,dddf251e2bb36842ce7e0d5bf5c02b269302fb469285a9f5e81849ed53e4a02a
333,166,6943,1,1,1,1,b17c5ebffb49697c64bb3b854ae53acae7ab50cef6e29b81865e3b696edd4517
334,167,7042,0,0,0,0,NORMAL_COMPATIBLE
335,167,7042,1,1,1,1,75072f41b0e228c80ea59962921ff724e8ed049a406da5e600103d8a2a84dca6
336,168,7107,0,1,1,1,05cc899c42e0da370f9e4f1c26a337066f2e8cc46206f5ed12e0536ffb449076
337,168,7107,1,1,1,1,61fe8ba63abb679c4d8947f2bd552c37754d6c9b8cd710ba56b59d71c094e2eb
338,169,7116,0,1,2,0,27ba108537a13e3d3231b53e0d1ad73d4f9e3bfc32445478120b955d6080bdef
339,169,7116,1,1,2,0,a7902cd25d9d91948fd116928555b6a6057af89daf44f049fcde5c677f8e5be0
340,170,7140,0,1,1,1,ee7e34c36b9b50f90a6095795a5aab2619aa45de2f6368bdd81059fea89dc1fc
341,170,7140,1,1,1,1,85162efb0151f9a614845f11fbd942f9cfc0e2f4f1047301fe090850e1adce63
342,171,7214,0,1,1,1,9c6518e7f95990e391ec3569ad880c6fbef57b6eeb103469e8cb9fee50ec2cf6
343,171,7214,1,1,1,1,cc123f190abb9a9822d0b0ed51d87a89426068f487410857837b87be043f169c
344,172,7261,0,0,0,0,NORMAL_COMPATIBLE
345,172,7261,1,1,1,1,08fc871811afb107052dd2bae1d6b37868bde1dc6711b0d213e1047cd6b0117c
346,173,7267,0,0,0,0,NORMAL_COMPATIBLE
347,173,7267,1,1,1,1,68b7d62459590da209161c4a99636f3ceff4f3b122c2a92fa2343a4d18bce1d2
348,174,7326,0,1,1,1,1c03175c3b3d2b8bbae878db20c96fe188c85abe9d1f2813fb62daf054b4da24
349,174,7326,1,1,1,1,01c6459d30e20e0735e6252f7edaf4a0691f4f2fa7a3583146081b1057d25be4
350,175,7335,0,1,1,1,737dc53303abf78abba294096cd4fc8c28aae1b9e520dab68889e20444e71644
351,175,7335,1,1,1,1,f0241797710535e37ef244d6ab1f7643bae2a8d04d4d7cad1e101497199c77ba
352,176,7340,0,1,1,1,14dab7730c1fe3f91e7f921871b0d1d7b3c74ba17ce7345297476a493f634205
353,176,7340,1,1,1,1,0c5c5f1c4c71c170fb48803c436590e552b6e0b8b54b2518c915cf80341a3a12
354,177,7348,0,1,1,1,1075e188c995de7435c8219e76169d5c5437e2a8c8b4b7e2e8dde0c8c35ed073
355,177,7348,1,1,1,1,d973d9669b9cd0baa8d70fabafbeab38d78c8ba0a7becc8e051cdcfeb0de6021
356,178,7373,0,1,1,1,45cba7331dab2d13204d7af8232cf1ef5fd1dbbc31b431ad4e33e30d088f4965
357,178,7373,1,1,1,1,bbb26ce6abfbafec20ffbf29bb24cf4483f1908176558e5ca9741cfeaf527577
358,179,7510,0,1,1,1,721dcfa06dcf1470666b14fe293075512223a6b271452a4df97fe090f63bfcf3
359,179,7510,1,1,1,1,8a116d75138636e1b2e2ea015e0dff65c9202453afbc55bfd300487d43d6d4bc
360,180,7561,0,1,1,1,93070494d65ae2a21e7a2ab31c4d0a0cf92fb48102834183865cb486fa5eec4e
361,180,7561,1,1,1,1,4558931738223f4ca91a1e9769ee81f9ae19d6ea12db0828dd033ed4d57b0ce6
362,181,7704,0,1,1,1,082d350517da4fb4335c49df6d8884b342c4dbe569256ae3bec0894255a6df67
363,181,7704,1,1,1,1,c5bfced3952af1b7d4b63cbf86775af0c7261054500caf47e0a3efb162367e23
364,182,7714,0,1,1,1,55c94c3c4b00c55d30c32a05e88dab7c09ed9a96e6f9924fabe202e38ea647c0
365,182,7714,1,1,1,1,9d9aab615ed4297be3f28478c5a647877a988257fac14ebd0152d3ebce92fb05
366,183,7751,0,1,1,1,a7711b5f60e5113d69bd496b2920abd6c19ea1c5b014ac33cf3565e473dbd1bf
367,183,7751,1,1,1,1,cf0e4acb3c5a8f1dd2a2bcb6a1448cbdd18a5d618609b423e393f88529129139
368,184,7827,0,0,0,0,NORMAL_COMPATIBLE
369,184,7827,1,1,1,1,56f92dff1013dcfdf7627385500b7d89243e11ed2346bfeb1989f149f107aebf
370,185,7850,0,0,0,0,NORMAL_COMPATIBLE
371,185,7850,1,1,1,1,3b438307502b0d357242067d08192d637a3b6bcc5a2d73e0d0081f1e388871e2
372,186,7879,0,1,17,0,ed3bf241fff7723a3179b84f84f0fc60eb9ff43e9880288624923542ced7d265
373,186,7879,1,1,17,0,ed3bf241fff7723a3179b84f84f0fc60eb9ff43e9880288624923542ced7d265
374,187,7893,0,0,0,0,NORMAL_COMPATIBLE
375,187,7893,1,1,17,0,ed3bf241fff7723a3179b84f84f0fc60eb9ff43e9880288624923542ced7d265
376,188,7933,0,0,0,0,NORMAL_COMPATIBLE
377,188,7933,1,1,17,0,ed3bf241fff7723a3179b84f84f0fc60eb9ff43e9880288624923542ced7d265
378,189,7957,0,0,0,0,NORMAL_COMPATIBLE
379,189,7957,1,1,17,0,ed3bf241fff7723a3179b84f84f0fc60eb9ff43e9880288624923542ced7d265
380,190,7974,0,0,0,0,NORMAL_COMPATIBLE
381,190,7974,1,0,0,0,NORMAL_COMPATIBLE
382,191,8016,0,0,0,0,NORMAL_COMPATIBLE
383,191,8016,1,0,0,0,NORMAL_COMPATIBLE
384,192,8101,0,0,0,0,NORMAL_COMPATIBLE
385,192,8101,1,1,17,0,ed3bf241fff7723a3179b84f84f0fc60eb9ff43e9880288624923542ced7d265
386,193,8110,0,0,0,0,NORMAL_COMPATIBLE
387,193,8110,1,0,0,0,NORMAL_COMPATIBLE
388,194,8149,0,0,0,0,NORMAL_COMPATIBLE
389,194,8149,1,0,0,0,NORMAL_COMPATIBLE
390,195,8244,0,0,0,0,NORMAL_COMPATIBLE
391,195,8244,1,0,0,0,NORMAL_COMPATIBLE
392,196,8262,0,0,0,0,NORMAL_COMPATIBLE
393,196,8262,1,0,0,0,NORMAL_COMPATIBLE
394,197,8281,0,0,0,0,NORMAL_COMPATIBLE
395,197,8281,1,0,0,0,NORMAL_COMPATIBLE
396,198,8327,0,0,0,0,NORMAL_COMPATIBLE
397,198,8327,1,0,0,0,NORMAL_COMPATIBLE
398,199,8366,0,1,1,1,441a4aa1a87e7374299441979cda2f4e88520b6df6face3dc1aa7e0ce9ac27ad
399,199,8366,1,1,1,1,8ac8d61be0a95d01fb2956a1c6570e3c70c118f3e415b787d306bfb20a30605d
400,200,8447,0,1,1,1,3b4819356c4ca03567eb081fb2306ce1c82e4e89049e21d59d76e73de166950b
401,200,8447,1,1,1,1,daf6d54ed4abd40304f4fdeae320d7386390559859f4b41fd2213abc9172257a
402,201,8458,0,1,1,1,1412e93874235d55b0d7066af7394f2199d63592c29b3896998a7d25bee36105
403,201,8458,1,1,1,1,5873606e4a0c0edb8afb3d12b803df370db0411683cac144a868ee01927a9008
404,202,8459,0,1,1,1,a7e19a7f5d1d80403ae1a971f8ee9433b0955c2be8b725f44e9951b5404ce1db
405,202,8459,1,1,1,1,5dbea5348d5a0aae0738e94fe4b62003027d5a8c1b1e49bf315bfe710c0befdb
406,203,8561,0,1,1,1,092f09b73e6204e8b72c824462f59777ada82f8429e055936c4fd7ac8cb21ddd
407,203,8561,1,0,0,0,NORMAL_COMPATIBLE
408,204,8593,0,0,0,0,NORMAL_COMPATIBLE
409,204,8593,1,0,0,0,NORMAL_COMPATIBLE
410,205,8640,0,0,0,0,NORMAL_COMPATIBLE
411,205,8640,1,0,0,0,NORMAL_COMPATIBLE
412,206,8676,0,1,1,1,d12101a68bcdd2e1cd1fbe830e9384994a93e7a27ea28b571890c5a0633eeb31
413,206,8676,1,1,1,1,b2d2cec3a1232ae48cd223a4e8546cce6a364f107231e4cff89c0b7f650d33c0
414,207,8681,0,1,1,1,6ce2b79c79a1a3b211e896cddbcc3be5ad0bad867bdabf3639ddc79da612e6a2
415,207,8681,1,1,1,1,dd4cada7edc2ad6a1d7a476d25072c6519929a140d56b2da4ed0e254c0efacaa
416,208,8683,0,1,1,1,29889d2484b73b43633d9675ae262f20cc33155937cfd390ad5d1de5146d6733
417,208,8683,1,1,1,1,cd983e6ec66b1e8e5e21b626591d75225f6595043b23dbe31354f8916f0aafe5
418,209,8704,0,1,1,1,e940dfc72d46d4c5b345f1824c5d8515e2743442f8f39b64eef156c7b273bc80
419,209,8704,1,1,1,1,052ff1ed6d54e2f770e67fe8a7d9e5f653cf98cd9412da9867876c79bb2e0bf9
420,210,8743,0,1,1,1,76d81564f5e277a353a013e0d0fc0109f9e4861b5dbea5e6790ede40b07cc97f
421,210,8743,1,1,1,1,f5937c54eb1ba7d04b19116a5450d2663b8940432a0fb9842ffa89a10b438b28
422,211,8789,0,0,0,0,NORMAL_COMPATIBLE
423,211,8789,1,0,0,0,NORMAL_COMPATIBLE
424,212,8851,0,0,0,0,NORMAL_COMPATIBLE
425,212,8851,1,0,0,0,NORMAL_COMPATIBLE
426,213,8854,0,0,0,0,NORMAL_COMPATIBLE
427,213,8854,1,0,0,0,NORMAL_COMPATIBLE
428,214,8869,0,1,1,1,e93dfc513a3c87a644e9223e9110f58b08fc1e8f2d53f319cf928fa675688d3b
429,214,8869,1,1,1,1,c67ff273904c94359ae74b563e220cc579c48fd45e3310ae5c1918cf214f3e25
430,215,8962,0,1,1,1,0d31f18bf5d388c8432207253f6aeea833112d8e1c3b7748f240108693cb6a5a
431,215,8962,1,1,1,1,c74026c5e5755abf7921c181d33c0dc8f58bcd203f8b9369ce2b1591c89b43dc
432,216,9015,0,0,0,0,NORMAL_COMPATIBLE
433,216,9015,1,0,0,0,NORMAL_COMPATIBLE
434,217,9022,0,0,0,0,NORMAL_COMPATIBLE
435,217,9022,1,0,0,0,NORMAL_COMPATIBLE
436,218,9034,0,0,0,0,NORMAL_COMPATIBLE
437,218,9034,1,1,2,0,cc114124d3d7e7daa4e279b38ccfe5a2d1c89bd258aaca2c467d909c450c8d20
438,219,9058,0,0,0,0,NORMAL_COMPATIBLE
439,219,9058,1,0,0,0,NORMAL_COMPATIBLE
440,220,9122,0,0,0,0,NORMAL_COMPATIBLE
441,220,9122,1,0,0,0,NORMAL_COMPATIBLE
442,221,9226,0,0,0,0,NORMAL_COMPATIBLE
443,221,9226,1,0,0,0,NORMAL_COMPATIBLE
444,222,9289,0,0,0,0,NORMAL_COMPATIBLE
445,222,9289,1,1,6,0,3243b01a7344b2d01e56ad3b220e597469a858f08873c90fdf4dfca040a73c60
446,223,9332,0,0,0,0,NORMAL_COMPATIBLE
447,223,9332,1,1,6,0,3243b01a7344b2d01e56ad3b220e597469a858f08873c90fdf4dfca040a73c60
448,224,9355,0,0,0,0,NORMAL_COMPATIBLE
449,224,9355,1,1,2,0,c76845a6469e0265d2a3210cb50a7e9831f3aa1d911d728eb1848837e0f3d1ce
450,225,9361,0,0,0,0,NORMAL_COMPATIBLE
451,225,9361,1,1,2,0,c76845a6469e0265d2a3210cb50a7e9831f3aa1d911d728eb1848837e0f3d1ce
452,226,9372,0,0,0,0,NORMAL_COMPATIBLE
453,226,9372,1,1,6,0,3243b01a7344b2d01e56ad3b220e597469a858f08873c90fdf4dfca040a73c60
454,227,9424,0,1,1,1,f83e3b02600592800bd27af0f5fea49e3f230280d1a93baeb64c8be3c04454e4
455,227,9424,1,1,1,1,58af68352b42b68bd3d084dcc08de4d642ea8de72e006b72da3327aefe289710
456,228,9476,0,0,0,0,NORMAL_COMPATIBLE
457,228,9476,1,1,1,1,26b2040670c38281e99cd57f031de98d2fb4ca87279f6088a72be0fadcef9f18
458,229,9491,0,0,0,0,NORMAL_COMPATIBLE
459,229,9491,1,1,1,1,a044ec34479fd751b982b31bd796d6ecf2fe7cae4f016a377a9b0ae5b7e83aae
460,230,9533,0,0,0,0,NORMAL_COMPATIBLE
461,230,9533,1,1,1,1,626d79e7d3d6cd0841a343f0ba3b0026015da6803c0dec5e5826674ce9de6926
462,231,9555,0,0,0,0,NORMAL_COMPATIBLE
463,231,9555,1,1,1,1,61c2c94077c937e99bfe757907e4c70ea14b7513ffa3d1b31cc492cc45c0cb60
464,232,9579,0,1,1,1,27d84d465145086c06a9453f8c2dbf90a68a1827d745d9c3e0057f52cc50b81f
465,232,9579,1,1,1,1,6c9916a2aac1c3c5a7bf8572f07a840643e597ec12e15e0bf412a7857f8087b0
466,233,9612,0,1,1,1,710214e3363e5ab6328cc1631fb367e4daf12965e4e3dbc9e2b5f27eadf5a0f3
467,233,9612,1,1,1,1,9242be06586e756f5504518c2a76865f83ec5000f2870bf1f48d1fac8cb36b4f
468,234,9619,0,1,1,1,4e2baf6337bc232efacc5563476989a02fb5975e988003ea0ef57c05bbcfe150
469,234,9619,1,1,1,1,82c0d88146b67038891e5ddf8eb3283723d813ef039d68e183db7dfa4bfe4d46
470,235,9701,0,0,0,0,NORMAL_COMPATIBLE
471,235,9701,1,1,1,1,82b2958c38f10c6a6e4e18e4fc39839fb42d54624092aeed2df0cf7547396fe6
472,236,9710,0,0,0,0,NORMAL_COMPATIBLE
473,236,9710,1,1,1,1,472ba48eb3b3c048d14896bd395bb5f1aaf63cb41f3e0b6120e21ddfaceb727c
474,237,9711,0,0,0,0,NORMAL_COMPATIBLE
475,237,9711,1,1,1,1,07eedf11c43b85d4645da9ce22d7ab6293856d3277629b01b612846b8d2029ab
476,238,9718,0,0,0,0,NORMAL_COMPATIBLE
477,238,9718,1,1,1,1,c77af6117634c41709f570585b56d32b941d5f9db34c2fe448defb0f502ffbad
478,239,9817,0,0,0,0,NORMAL_COMPATIBLE
479,239,9817,1,1,1,1,c631179b26aefa29578f94dac61c14d89155926a86135fb768943a1d365bbaca
480,240,9842,0,0,0,0,NORMAL_COMPATIBLE
481,240,9842,1,1,1,1,1377b3b4d6c99fdaa65918cfb0d4e0591e4c8c3609358482217085e573bfbe3e
482,241,9860,0,1,1,1,252dc4b46b5168c977cd65d2b3fbebd61b83075965b4bab6c678ded2d172cb5c
483,241,9860,1,1,1,1,1e500b0168cd8273b61a032ed635567bf2b6f6f3d8cb8c4a88572c15da9230e2
484,242,9879,0,1,1,1,cfc796839da2d0ec572283269f10a21cb44f51ea71e67840535e316a86ae4990
485,242,9879,1,1,1,1,07ba1e0410942563d06e772ca450548008ac591fcec02256571ee2118156beeb
486,243,9987,0,0,0,0,NORMAL_COMPATIBLE
487,243,9987,1,1,1,1,8b55707940eec16312dadc6a72b5556ee460e1a89911f7b3e76b2f100e7d3a48
488,244,10050,0,0,0,0,NORMAL_COMPATIBLE
489,244,10050,1,1,2,0,c7872e00e93533560dee53636903d359e493dcdfcffedf89c9649117119cdb82
490,245,10074,0,0,0,0,NORMAL_COMPATIBLE
491,245,10074,1,1,2,0,e2bd9800537bb1295c8c3afbd52971eb9fc1cb336ebc9d34a6a51032511f566e
492,246,10226,0,0,0,0,NORMAL_COMPATIBLE
493,246,10226,1,0,0,0,NORMAL_COMPATIBLE
494,247,10234,0,0,0,0,NORMAL_COMPATIBLE
495,247,10234,1,0,0,0,NORMAL_COMPATIBLE
496,248,10255,0,0,0,0,NORMAL_COMPATIBLE
497,248,10255,1,0,0,0,NORMAL_COMPATIBLE
498,249,10350,0,0,0,0,NORMAL_COMPATIBLE
499,249,10350,1,0,0,0,NORMAL_COMPATIBLE
500,250,10387,0,1,1,1,2aae923f664ae53f2854b907ed0109953e4e67b43d42fa4e2d060892235a3d1c
501,250,10387,1,1,1,1,bb6323801e8580ddac49f2a8ab634786800850fc1c630ebb02fe6e4678fbcf97
502,251,10422,0,0,0,0,NORMAL_COMPATIBLE
503,251,10422,1,0,0,0,NORMAL_COMPATIBLE
504,252,10450,0,1,1,1,78d7b21f74cc0e3739e48629e1ae595b8ce4ee903ee41391058ad9c6e4e20858
505,252,10450,1,1,1,1,9995e9d132eb8b73f6ad297979daf07c19c98940e714ce3981faf1e0a1993884
506,253,10488,0,1,1,1,08a29d286e3ecc380691df7c8e13b3cfd1816af6c986e6be030a49ad7de994a4
507,253,10488,1,1,1,1,49676160785a58cf082a051c5f0129f8a1498d55fc088b9aa9c6855be9cc8b12
508,254,10545,0,0,0,0,NORMAL_COMPATIBLE
509,254,10545,1,1,1,1,a13336a42e1bcea8ec26f71f1db0b2131bd94fada5b1e8afd85fc609958e4a48
510,255,10574,0,0,0,0,NORMAL_COMPATIBLE
511,255,10574,1,0,0,0,NORMAL_COMPATIBLE
512,256,10734,0,1,1,1,e3e85a49492638223e9562ff57631d7a51bf28953f3407476c0de2aa35968cac
513,256,10734,1,1,1,1,03061b0c428f54e6cb97d38312f368aeda50df4eb2a1e58ed346778030d409a2
514,257,10782,0,1,1,1,ea69d67379d90eae026afe728e9125a94665923aacd32df17592f150ce2dbdf9
515,257,10782,1,1,1,1,5670b946549dbcee90021218688f8b7e4037ae2bf0fb696a4b627f5839f6d806
516,258,10890,0,1,1,1,9f46ab65a0b0613445391f6aaab5268fd04b56ecd8ec3e0980f33e96c7949507
517,258,10890,1,1,1,1,9980db2d4e7b36c8999c3aaff8894632c793bc8d1a48154e25c61a2eb4f66b7d
518,259,10922,0,1,1,1,a9cd9cce38a74e9f9c5c0e61464a3dae6ba45ff4be72efd117313481a5ea08d1
519,259,10922,1,1,1,1,362193f55714ddbb1ad4e55701100f52a7e0890897e15855e51102edc441880a
520,260,10928,0,1,1,1,7c51b425662ceaaa35ab3ab00dbaab4d2436b2d333eda937fb0971153e86c672
521,260,10928,1,1,1,1,ba9df2bc67916e211e1475886e35b0b2950fb4be249080dea72065447a6ceb81
522,261,10945,0,1,1,1,495d9b166d93d94ff1322b1994f779b0abdc8b796ebe5e38705ec8de6016e278
523,261,10945,1,1,1,1,5c8a9484218575a61826eccf9f40e5fdfc025740ca2877afa26b6aa13ec2d662
524,262,10996,0,1,1,1,9a16481eb6181eb67d63b61c90ea7f3dbb00ce5ed11768d254a9c525681d2f87
525,262,10996,1,1,1,1,22358bbd8651967084e7ca79e1a723fd6cfc7675c0d599ca496081af1b98178a
526,263,11043,0,1,1,1,1a9a4fde27689a4a4220c8750bb2f1855eec2de923ba1314f11da9a49c27bcf8
527,263,11043,1,1,1,1,950ef8e46e578eaec10ba770662948d91b02857fca2a38035d6bd04e8184134f
528,264,11112,0,0,0,0,NORMAL_COMPATIBLE
529,264,11112,1,1,1,1,a958dee3a76ddf8ac0dbbdcdcc5471dd6761b3fb00221b4d125500ca14e958de
530,265,11134,0,0,0,0,NORMAL_COMPATIBLE
531,265,11134,1,1,1,1,f4cebe4ade8fc3aaa79eaec144182ed0d613c3507156101af320355ebff61101
532,266,11142,0,1,1,1,92c2afcd0a0765bb7f04bf74d78f2e8de264556478fa5b251c255ed5aa215045
533,266,11142,1,1,1,1,86d826563e4d04f20d18831ee00e12cb7035735e6551d11546d818a01f3ae190
534,267,11217,0,1,1,1,e51e1b8ee15a6e8c004f4f16f48f4f373f2a0a4a354360b41381895db8aa1b9c
535,267,11217,1,1,1,1,ca76f56dec36e30b27c3ce4a1f301666a05558caa009ac880df3e61d0513fa70
536,268,11253,0,1,1,1,c073b06a8605792c52ceaf301e0dad08638e64b04c35b7c29cba2de0a85d2424
537,268,11253,1,1,1,1,251d0fa942d36610e81de746e2abe6def089404d2f97c9ab7547e206ef802bc2
538,269,11273,0,1,1,1,849e62045fbbd19a5d4c9b21d17d43817ec49417cd8a2bea57e56d6aaa013f96
539,269,11273,1,1,1,1,5decefb054b95a1aa6340ba266ffccbaa78ab57eb95e8cdfd1cfa127e6b45584
540,270,11296,0,1,1,1,2f273a163ead81ffc9ca5d34b0693a239d5601120d9f594fefebce9b7e5fbeb2
541,270,11296,1,1,1,1,9e3663c67cc262afe5fe1a063b51750821d4f2a2c0814fbab25788f7aeb97b58
542,271,11389,0,0,0,0,NORMAL_COMPATIBLE
543,271,11389,1,1,1,1,de2c02313f7e2cf72069dd3fd9386e838aee7d8da3df16bf25c4d9ac24f5d0b7
544,272,11390,0,1,1,1,35e0a3a6d5b01027b909cf1670d83e680bc3e46008efcf71da64e81506efe9a5
545,272,11390,1,1,1,1,06437a371739074c55b921949b57400f55ef93ac69120a9186f7c2c2d556493d
546,273,11448,0,0,0,0,NORMAL_COMPATIBLE
547,273,11448,1,0,0,0,NORMAL_COMPATIBLE
548,274,11509,0,0,0,0,NORMAL_COMPATIBLE
549,274,11509,1,1,1,1,4f2607218a66d665127487f34c7bf851c77c29e71dffb33cf1f958853652cebc
550,275,11526,0,1,1,1,d2aea776588631e7c197ced078d288c20a8d3feccef993c3af34eb4dc67d210a
551,275,11526,1,1,1,1,269c0708f367015b4c9f7bc20483b03e434b87a5929b06c3fb69e01b81b9159c
552,276,11583,0,1,1,1,c5d25b04366a934aed7752f559508f806def4d64ec544c3ee7a3d53e17c08104
553,276,11583,1,1,1,1,f8c968786dd7d3f75bc813d4139b9e2f955ae820c456532aef03b0a5d0ac4cc0
554,277,11730,0,1,1,1,d851a2df37efa8c15598069d161e8915e4c07ca295f78a0f29b919b146bb5f07
555,277,11730,1,1,1,1,d3d8978a04e630cce8a9d775a62e3f3e1f3c903a0e92a88b16aada3b29069779
556,278,11748,0,1,1,1,25c93cd89a20730de5270ece757817cdf34b5058099ca55d72b412d0c3f9dc3d
557,278,11748,1,1,1,1,9f29864362a96ce6e3c2e79fe9a8cfe5eb494529c537db9a8788b633ace1c6ab
558,279,11791,0,0,0,0,NORMAL_COMPATIBLE
559,279,11791,1,1,1,1,a7c3460997e942c20c4b2aea1738caf6e92ea9281064c72bfb78f1ec642c9d5d
560,280,11835,0,0,0,0,NORMAL_COMPATIBLE
561,280,11835,1,0,0,0,NORMAL_COMPATIBLE
562,281,11863,0,1,1,1,0aa8bd767c6c3425a69c83253596f1909119567c58eede38a61d366edb1f9044
563,281,11863,1,1,1,1,63dc65a13ae07d660450db1c78769cad9762575f60522ef0142d77b088290d8d
564,282,12047,0,1,1,1,d44cacc1b98d4b8f9ca82f6fbf4e25b5ece019ccca4fc7cc2869bbcc1aae7efe
565,282,12047,1,1,1,1,76e333e6d4d57f3b9eccbd00abab3a40303e6562bfbc1cd6e730b77f21294c45
566,283,12222,0,0,0,0,NORMAL_COMPATIBLE
567,283,12222,1,0,0,0,NORMAL_COMPATIBLE
568,284,12254,0,0,0,0,NORMAL_COMPATIBLE
569,284,12254,1,0,0,0,NORMAL_COMPATIBLE
570,285,12280,0,0,0,0,NORMAL_COMPATIBLE
571,285,12280,1,1,1,1,ca35e89100d8d7b08e9599b75a981138fec7e1e8532fdc05a501f22963b34e19
572,286,12289,0,1,1,1,efd6ba3ddf72b89a6a4f397da3510e2c378831a30032f8d35c342b5465649e58
573,286,12289,1,1,1,1,e97053326842accbb5429b63ef91d03bd69494064b93d5c680d7b4feae6b0363
574,287,12351,0,0,0,0,NORMAL_COMPATIBLE
575,287,12351,1,0,0,0,NORMAL_COMPATIBLE
576,288,12354,0,0,0,0,NORMAL_COMPATIBLE
577,288,12354,1,0,0,0,NORMAL_COMPATIBLE
578,289,12366,0,0,0,0,NORMAL_COMPATIBLE
579,289,12366,1,0,0,0,NORMAL_COMPATIBLE
580,290,12468,0,1,2,0,29371bb83690156136a1502965793671dbf486e0282bb168e9ca979c4f1ef741
581,290,12468,1,1,1,1,e142ddd7a9727dd636ce42b3316deb6872a7f0ea73b4bec32c8328b3102ffbe0
582,291,12628,0,1,1,1,16feb42986f8c7267ff910ef21288ae9e81ba8d19f5fe26feaa0f99722e5a257
583,291,12628,1,1,1,1,64163301b7097d411a0d9462788d2c1b0fad76f69bcdc73234107a89f2f23ad1
584,292,12776,0,1,1,1,b3c3f9fa34eeb92f25c014e35bfd64eda45f8a7bcf81b214db14bed290110a13
585,292,12776,1,1,1,1,e2450f2b834be6a7f83626566f6b279605ed1d6f695b22e3fa8395980272ce13
586,293,12929,0,1,1,1,f4d20b13656caa97f69244796722f64ec66aa185b5da9eba51e8043354aa22c2
587,293,12929,1,1,1,1,4bea65fdb1331c78b54e9253fc37caf984d8e26f553535a61bf241739c84c8e4
588,294,12962,0,1,1,1,fe0a5352501e86f4377401df699f922900bb9cda60cd2cac15401b28681aacb2
589,294,12962,1,1,1,1,b62ea55e4ac955e65c75781b1cb1dc27251909085a60f812d115a84381111624
590,295,13012,0,1,1,1,5e5fab7c9eca41651001875aced79c11f90479186a9c23762696bacfb17b9d07
591,295,13012,1,1,1,1,e2a9ed8baf2519e84d8fbd1a122e36ec36a0bc30b38ba887fb6d1f065c20aaf2
592,296,13015,0,1,1,1,b8ada6658e3990831fdfcf58308e62f5c43feb9fc2038027852ba7fc181f7742
593,296,13015,1,1,1,1,3dbf67c8b766b5ea389ff2a8e5266b2b16698059deebb13f60e499923f408152
594,297,13052,0,1,1,1,20552cd48475cc945a7960f1b9f31e488704b5c482aeb1e43a02fb1160096892
595,297,13052,1,1,1,1,a71036ca076428881a5e063b747a9a2cea15462f8ff0613c01c3f32658507704
596,298,13053,0,1,1,1,87c0ad135f74a73209158829781d48fddfaad53176a10fbc32c5ecb35d903e6c
597,298,13053,1,1,1,1,0452cce4901862ad0c691cdc1cfb8f0f129d44e0d5ff9ba82cc98bf50c6260c5
598,299,13069,0,1,1,1,4a9ca6ca2a14f6004275279eba4b730a8a8150e3eb2ed0d2f38c472b3c1d9fce
599,299,13069,1,1,1,1,a731abbc5e76923e18960b8ec0201b4bc83376356649786a198bc00cb658f208
600,300,13109,0,1,1,1,18b66d519a403c85b90b569efe6a66de183ecfa0b8e3782172e46d36a3928e15
601,300,13109,1,1,1,1,be5ec0eaf1b5b5770e1dd4e532371b9ef6593721b59a690211dd262f93a8bb78
602,301,13122,0,1,1,1,08391a1331f7c9653d97b0d9075f3f9244123d9f724e2439b7e8ea0431f2ea1c
603,301,13122,1,1,1,1,9dd7a22c33d8ddd83627232abc576cd8fe7f71ec1e78db995233ccafb498019a
604,302,13133,0,1,1,1,e9b56626ab1d54e9284b9d28b3f277cd2d3f58d30f1ce80bb41491517fc05d1c
605,302,13133,1,1,1,1,8caf806264720eab430f31917996b9eda613de99e3f0a122b4d63fb9ce4c2719
606,303,13212,0,1,1,1,1fb739af90c75bdcbde73536c2571df9ed577af998bb73226e5995f2b66f5b59
607,303,13212,1,1,1,1,99c40abb7f400ccafbfa1a30f1c64a8825656885349d0f6196b11d3aedf42144
608,304,13237,0,1,1,1,b2edcec4e253944e748606bfc1b4002d8a54ef8d180b86e531716c1c013b09a4
609,304,13237,1,1,1,1,12ffb11eb4e58ed95cb24e4e769b8f69c326ef1a99261dd3fcb683c468c84e6b
610,305,13335,0,1,1,1,023e9571ee25d780dcc6a69d9a519e3dea71d88da5f5a0fcb623b93696ddc26d
611,305,13335,1,1,1,1,fca2c50c6697a87c3b49750e803dd3bef660ca47c9a35b85dde114731657dcc0
612,306,13345,0,1,1,1,0eb49a1637ea9be128d1b166fa79ac8ee0090ba4d817ade796cda16f46e9e406
613,306,13345,1,1,1,1,4d362ec2b1ba2a5389130ff744f123e2ba2281315dd99d6fc713c83aeb3deb6b
614,307,13424,0,1,1,1,84708dac675c093ac88de2343a18263ff292c69ae5d04a514f959dbd86bf8a6e
615,307,13424,1,1,1,1,cf022a1315ca811e55612d3fd5c8c57a3109dce4a41bed1f89bab18e7f9a541a
616,308,13441,0,1,1,1,590a60583a251d6597622bc1622420fd48ef46c5fb2bb886a1d8f15d1f710e9b
617,308,13441,1,1,1,1,f860712a642ef3bdc891b9fd3f6a043a54c900efebfefdc6716cd6a6b7108ec3
618,309,13461,0,1,1,1,a8ba50906bf6902396461651e3c8cb0cda53a1f066dec52b556fa39d8222a708
619,309,13461,1,1,1,1,eebff7fd91700cc1fddf98faf23eaf74cb19b0c75e6ce73b83e6405d78782651
620,310,13467,0,1,1,1,e49cad57a2f104e1f49e9b915a9d96f4b5d902658bf1d9d57ca16e600204ef1d
621,310,13467,1,1,1,1,5998389007a16a0846282d02f2bcfb46225f8cca0ad34e518ccad23d16fd924d
622,311,13527,0,1,1,1,194ce7dd3c6f7ced7065a6230ecca5f10515132d3bf711e3147eba6fd68602b0
623,311,13527,1,1,1,1,1ae499c5d734e782291b19a1aa2ccd7e53f26b5c5517a7468d4824cb6e824a57
624,312,13547,0,1,1,1,b1318fb13f62d7a21b11bd170cc7b0b44fc7ac00b28a3168f321ece7ada234c3
625,312,13547,1,1,1,1,d4a5b5752f15455f811f3cbe51bab1fccaeb2a43cf7371a5884d4de01eb8ff3f
626,313,13631,0,1,1,1,11f8c7442931c3327eb0dcf163d20a8a098eb22f69ca5148ab8e33ce9b98ea46
627,313,13631,1,1,1,1,0d8d244a26e2c04e29eac6ea0070bc66641bec2e47471e7007629facde8ab052
628,314,13723,0,1,1,1,1e3a8578e4e313cbed3a28a7c866695891cdc2132e56ef7492ede633c1695c10
629,314,13723,1,1,1,1,b029c0958313ccc3a9cf44b31bb94d5c258d4f754baff0c8d0c027767bebf63c
630,315,13740,0,1,1,1,845831d83d9faa7ce65b205ed14dd807b0adff6f3f55f71e0e6779708865cc39
631,315,13740,1,1,1,1,366bfaedefd4eaeade9b767e431ef7db2ea538b688974a6933a2987799f35c39
632,316,13825,0,1,1,1,44a2e991a1613bc9e1ed44dcd135c28cbd4c31209a74f8c0a0bf31970e8adb9d
633,316,13825,1,1,1,1,0f6ef9f4a2bf186181eab11c011af77c2bd668a5dec839500c880cc31fe15032
634,317,13871,0,1,1,1,6a0fd7661969c37002298d25e858376250fc17f95d13cea03542021d8cb2d664
635,317,13871,1,1,1,1,d12fffcd972f8b9f65c41d226bbc770ce47c1670f76fa44bddad526dbb0a0155
636,318,13949,0,1,1,1,e78faa907c1809c10ee16a19d6b9f652e4f5fc092990e99570344e83028daba5
637,318,13949,1,1,1,1,94d92651e37b58af7c271f41b12cf11457bccede247116ffeafda1b8037569ad
638,319,13957,0,1,1,1,c8338c022f62a2171e96b0c1bd1c77f0477926a41a729bcd2ed8827596ceff80
639,319,13957,1,1,1,1,86baf05e55694cee4c88586f3d579988e638a8c4308825a9b0b3beaf2828a7eb
640,320,13996,0,0,0,0,NORMAL_COMPATIBLE
641,320,13996,1,1,6,0,3243b01a7344b2d01e56ad3b220e597469a858f08873c90fdf4dfca040a73c60
642,321,14001,0,0,0,0,NORMAL_COMPATIBLE
643,321,14001,1,1,6,0,3243b01a7344b2d01e56ad3b220e597469a858f08873c90fdf4dfca040a73c60
644,322,14010,0,0,0,0,NORMAL_COMPATIBLE
645,322,14010,1,1,6,0,3243b01a7344b2d01e56ad3b220e597469a858f08873c90fdf4dfca040a73c60
646,323,14066,0,1,3,0,7ed256994e1906c8db6138267ee8ae71bf2811bc621ff259669564c37fc04db7
647,323,14066,1,0,0,0,NORMAL_COMPATIBLE
648,324,14100,0,1,3,0,7ed256994e1906c8db6138267ee8ae71bf2811bc621ff259669564c37fc04db7
649,324,14100,1,0,0,0,NORMAL_COMPATIBLE
650,325,14143,0,1,1,1,8fddbdbe40a9d05f451aff2ac56025a15bf6b5032c3c621977358304b9dd05da
651,325,14143,1,1,1,1,85a5e19c54853d61a1b704bbd593484e2bd0c97629186a649ad89b8ba19f673b
652,326,14150,0,1,1,1,b343b7e425041cba98d25232f530dc4f76851215af936b80c13325224a55a311
653,326,14150,1,1,1,1,4a0fe3b5c943e15fc6b30372664f01be9df33354dd8f977e808acf0f9bba97f6
654,327,14185,0,0,0,0,NORMAL_COMPATIBLE
655,327,14185,1,1,1,1,1a70bf3abbab74ba70e799f58776e0eba3d110da504a78cd75d7e88dc691b611
656,328,14201,0,0,0,0,NORMAL_COMPATIBLE
657,328,14201,1,0,0,0,NORMAL_COMPATIBLE
658,329,14223,0,0,0,0,NORMAL_COMPATIBLE
659,329,14223,1,0,0,0,NORMAL_COMPATIBLE
660,330,14240,0,0,0,0,NORMAL_COMPATIBLE
661,330,14240,1,0,0,0,NORMAL_COMPATIBLE
662,331,14261,0,1,1,1,19831e9520b7068bf8634a2c78d3161efc93a1f945a32466492b3e09c84681fc
663,331,14261,1,1,1,1,1595af1e9e7d942652748c842d50ffafc280194f319b643b825818d4ca90ecf3
664,332,14339,0,1,1,1,624ac4dd4846a0334f6de8798280c53761418a66b06e6a0c1fa313172783baf7
665,332,14339,1,1,1,1,6e0875a52aaed62b88f618ec030ea40fa20d881b1fa2b0e253dd32977b0a2e3c
666,333,14369,0,1,1,1,01917faef21f30db4b3020f4eeaacd7570ce67d11321772a76131b4ea0d64cf8
667,333,14369,1,1,1,1,4b27f40521623f0d1c88cc3ec579f7acc98082cababe897023db6d2fd31e6a91
668,334,14407,0,1,1,1,97846225b88bb661bb128a0b3de7f6559af349c4f54ee5a061e03d7f2ca44d3b
669,334,14407,1,1,1,1,f8ae7dd7b7c999bce817a1afd0167adb982891deedbdc0bdf47c188ef65ff038
670,335,14513,0,0,0,0,NORMAL_COMPATIBLE
671,335,14513,1,1,1,1,902e88a91afcbae905b8ec57046731c8e181a145af6f62827194052788afb3ff
672,336,14557,0,0,0,0,NORMAL_COMPATIBLE
673,336,14557,1,1,1,1,3da7e5eddd4b665d3e658984a92f7a4fe9ca4e7bf49dfb8efbb0fb193a4b2aaa
674,337,14601,0,0,0,0,NORMAL_COMPATIBLE
675,337,14601,1,1,2,0,8a35add63110c8956856fbc8ff2a94cf1535a8d0d48425cdd05d1d436b192281
676,338,14616,0,1,1,1,bef2717360270fc238e1c928709184c50c8a05784b5205f132916708e73d888d
677,338,14616,1,1,2,0,8a35add63110c8956856fbc8ff2a94cf1535a8d0d48425cdd05d1d436b192281
678,339,14628,0,0,0,0,NORMAL_COMPATIBLE
679,339,14628,1,1,1,1,c811914f03dc894cbf4e623305add5c495e63fd0f21510d3d12d5e41c379022a
680,340,14632,0,0,0,0,NORMAL_COMPATIBLE
681,340,14632,1,0,0,0,NORMAL_COMPATIBLE
682,341,14662,0,1,1,1,91360fb07f37d26b287361e4cdfa758366deb6c7b28d19be40e6376a64adf601
683,341,14662,1,1,1,1,b400d95fb824e35976d0d85ad69feb543733fb743455c4eaf4a07eaeb609112e
684,342,14725,0,0,0,0,NORMAL_COMPATIBLE
685,342,14725,1,0,0,0,NORMAL_COMPATIBLE
686,343,14747,0,0,0,0,NORMAL_COMPATIBLE
687,343,14747,1,0,0,0,NORMAL_COMPATIBLE
688,344,14868,0,0,0,0,NORMAL_COMPATIBLE
689,344,14868,1,0,0,0,NORMAL_COMPATIBLE
690,345,14887,0,0,0,0,NORMAL_COMPATIBLE
691,345,14887,1,0,0,0,NORMAL_COMPATIBLE
692,346,14927,0,1,1,1,25362bbc7d1e6f6846464f3128e0e3d64ee549b520d81f73e399cc3093dc0ef5
693,346,14927,1,1,1,1,607a8f1d13b5315e77bb0dc31f935fb935f05fa094e6d6f34d249a4d91a87054
694,347,15113,0,0,0,0,NORMAL_COMPATIBLE
695,347,15113,1,0,0,0,NORMAL_COMPATIBLE
696,348,15124,0,0,0,0,NORMAL_COMPATIBLE
697,348,15124,1,0,0,0,NORMAL_COMPATIBLE
698,349,15148,0,0,0,0,NORMAL_COMPATIBLE
699,349,15148,1,0,0,0,NORMAL_COMPATIBLE
700,350,15159,0,0,0,0,NORMAL_COMPATIBLE
701,350,15159,1,1,2,0,75dd247a9fc178fc7f72e265cbb04e4445434c1a4287137e0b6bff95d2b84233
702,351,15205,0,1,1,1,fd18f1ed2101ed3cb9e6058b71e78ae50f9d74d71e66fe4ebc8f1cefec51f133
703,351,15205,1,1,1,1,4fd1a3c8f560bb15690b8945b7def15ca5594b854884789f4dd20985a3e1dafb
704,352,15251,0,1,1,1,67a2bbcf275637971990b20a30ef74ddf437ab480377c0652a3fe74d694b04af
705,352,15251,1,1,1,1,bda7ad94c6b1e6546b2ad6d95105a22071b0bd32bafa5a883c8997fbe773abb4
706,353,15300,0,1,1,1,5edd70b5a36310f444bed3389b7ed40d87212d175e4ab68e73544817b35c0709
707,353,15300,1,1,1,1,390000a95316c44bcf11da4092d120418f188a6e067dc125bcc331f53165dddd
708,354,15312,0,0,0,0,NORMAL_COMPATIBLE
709,354,15312,1,0,0,0,NORMAL_COMPATIBLE
710,355,15342,0,1,2,0,27ba108537a13e3d3231b53e0d1ad73d4f9e3bfc32445478120b955d6080bdef
711,355,15342,1,1,1,1,e1cd29fdc16cc26360ac8c0d6daae738561f9e8a357ee1e7e1c03552bbeb7858
712,356,15344,0,1,1,1,576d6892f580960fa3de5de8d8d1b1a6cb529e7e5a0d957535fe221aa5a10410
713,356,15344,1,1,1,1,f2cd06e1c2a65a9bc5e57fce10c98277643e90f6fea17518d72f5dbb095f9ee2
714,357,15350,0,1,1,1,cd41c146122b7f6ea91fc29a83006bae06c152a3135ff0a9a0efd9b397a6ad5c
715,357,15350,1,1,1,1,13973ecf307fed4886cafba4ab59fe5abf44d0ac89db5f1e5b099b86dd36f18b
716,358,15465,0,1,1,1,b8911e2fa9257caf4b5112e4173d198b05c538ceb1f694c5f3f19215ef70344a
717,358,15465,1,1,1,1,7ae25a15c7cc9a6067e125f3652d6ee71fddb418cc4b7dc6bb21c0b8d642fde8
718,359,15559,0,0,0,0,NORMAL_COMPATIBLE
719,359,15559,1,0,0,0,NORMAL_COMPATIBLE
720,360,15595,0,0,0,0,NORMAL_COMPATIBLE
721,360,15595,1,0,0,0,NORMAL_COMPATIBLE
722,361,15636,0,1,1,1,488621e3b3be9140ba60379dd22cf6a9f2bd8a8a720334514010def5cdaf2388
723,361,15636,1,1,1,1,baa6434b57c47cb6a1248a78ec73ef92a778738364a714d6f7a5572cfe367139
724,362,15790,0,1,1,1,d64909dd7214d1f6547ced94f56d5bf858d91004d87284ae15e7599bf11d110b
725,362,15790,1,1,1,1,06dee9f027921c593c28935e27c7de51fadd1825b96cb72d139a2ed2b2ea296c
726,363,15820,0,1,1,1,5ac828c824b62cb3f0bcf1bf76c17611fb447881c01e67ce98dce084aacfbcdd
727,363,15820,1,1,1,1,67aa3fe5bb38e53d301fd3edeaaae7b4993909dc4ad8f5676ca2b769072a845c
728,364,16051,0,0,0,0,NORMAL_COMPATIBLE
729,364,16051,1,1,1,1,c81444f0894e2dfebf0dde30f437c9f38507adc744f459d3aca1ab83533bc918
730,365,16053,0,0,0,0,NORMAL_COMPATIBLE
731,365,16053,1,0,0,0,NORMAL_COMPATIBLE
732,366,16141,0,0,0,0,NORMAL_COMPATIBLE
733,366,16141,1,0,0,0,NORMAL_COMPATIBLE
734,367,16149,0,0,0,0,NORMAL_COMPATIBLE
735,367,16149,1,0,0,0,NORMAL_COMPATIBLE
736,368,16160,0,1,1,1,d4499cb9136d6c01b850538f6906c641f8896705ccfe05110171f0048dfd07e1
737,368,16160,1,1,1,1,b9eef0fb7c6108aa5ff3e4eabe6b1cfc003c36b96e828d1a82a75032233c6f5d
738,369,16195,0,1,1,1,ddbeeb8c32996dd6b6f372e27b820aaf165c4bf9f8c4b27cc309dfe19a5318b4
739,369,16195,1,1,1,1,dad067eb6e7a1b7f5648ba7c57897bd55b4e8d4aaafc4fdeb61d2ad5bcc42b57
740,370,16262,0,1,1,1,7e9f7aa1cf752957427a591dad4785295c1fe518daaf63490e2b802e2df04ee5
741,370,16262,1,1,1,1,2342c4944184bb7c1c6591d5b3d486c2bf5a32a14af6d0c49aaa525e7a82f4ef
742,371,16278,0,1,1,1,b83b4b8b9323331424eebb94dd01b5aec5b36e0dede5ed7b4d09a1a0d07bbcee
743,371,16278,1,1,1,1,21d6f1ef29c22f939188602f2b42e94a5b3175fcb5e1331bd856a5cff9a7152d
744,372,16331,0,0,0,0,NORMAL_COMPATIBLE
745,372,16331,1,0,0,0,NORMAL_COMPATIBLE
746,373,16342,0,0,0,0,NORMAL_COMPATIBLE
747,373,16342,1,1,1,1,7a646c44ac7f19253a65a05dd54b3329f6cf7278b40eb7aaa53fe77111c5becd
748,374,16366,0,1,1,1,5b362f963bce0d513456778b8cf5eb8b454966af5c479ff3e969e21a210b54c6
749,374,16366,1,1,1,1,d8c238ed556ce51d7f31cd414cc0316b94f8f60fa59a4dd3df6474a739e0ae2a
750,375,16510,0,0,0,0,NORMAL_COMPATIBLE
751,375,16510,1,1,1,1,b347a38e2bc430d73a6cccaa85061f323c670c759ef2cb80fcd553ffdf272c92
752,376,16511,0,0,0,0,NORMAL_COMPATIBLE
753,376,16511,1,1,1,1,93207e112fe92f901678082dbfa986c9fb5cc1b969ed82def36b487fb13c7538
754,377,16520,0,1,1,1,82021ad06d7b20b9715fb907d72359b23e3402731deab8ddf8dbe4b18a7c1bab
755,377,16520,1,1,1,1,8155a8a18312d32ff46e251cf9e88c5c7ffde98bc19f81b5bdbe0739c66fdd1b
756,378,16538,0,0,0,0,NORMAL_COMPATIBLE
757,378,16538,1,0,0,0,NORMAL_COMPATIBLE
758,379,16651,0,0,0,0,NORMAL_COMPATIBLE
759,379,16651,1,0,0,0,NORMAL_COMPATIBLE
760,380,16660,0,0,0,0,NORMAL_COMPATIBLE
761,380,16660,1,0,0,0,NORMAL_COMPATIBLE
762,381,16666,0,0,0,0,NORMAL_COMPATIBLE
763,381,16666,1,0,0,0,NORMAL_COMPATIBLE
764,382,16689,0,1,1,1,7f44269a2477f3a5657ea6c24a8f655e07f57a56dd0169d974cc7f4b3308a5fb
765,382,16689,1,1,1,1,0e3f74ebd703335df4730acce8804e0a13b237fd3fe762d1acfc4467052a6fec
766,383,16722,0,1,1,1,bfa39ebce7a7ec7a8d157bb9fb31bb9a00e7e33c85ab420dc1433f41aad6418e
767,383,16722,1,1,1,1,91fa684da6aefbac891b0f67dc7e57e07b3b0c15e867cd82e39273a39e6065be
768,384,16730,0,0,0,0,NORMAL_COMPATIBLE
769,384,16730,1,0,0,0,NORMAL_COMPATIBLE
770,385,16782,0,0,0,0,NORMAL_COMPATIBLE
771,385,16782,1,0,0,0,NORMAL_COMPATIBLE
772,386,16826,0,1,1,1,f279f6a99d7ad895a7583841e9abbd1ed9f005ba67f69a58c2c4a49e68f79d6d
773,386,16826,1,1,1,1,7c069da3d62109c1f1972d23e595b26938b33e487827c300a840ee7cfb5e17ed
774,387,16910,0,1,1,1,7d1d2e0b715aecf956fd8be6cce2ad5ab3f388be2ee3e88502871af31c6d8de2
775,387,16910,1,1,1,1,b0b287e8cb13c367d99dba0fe2a2fa6693ecc14d22e863f525e5eee5ac091189
776,388,16916,0,1,1,1,448319d67039e9af971be327d19c747f44a4f86fa625064d7d768454edb449c8
777,388,16916,1,1,1,1,950d76e79d3eae93397320c32fa360e3029b5d32342644d85afb59a0d2577c44
778,389,16960,0,1,1,1,ad94a7e48bb832edad39bd653e4c6e9591a5060bc145a21005cf9f29d48090ea
779,389,16960,1,1,1,1,19c35aa90e2f1896ef83907422d3cb89de2527640a1d60f38f301f7a79f27fcb
780,390,17093,0,1,2,0,29371bb83690156136a1502965793671dbf486e0282bb168e9ca979c4f1ef741
781,390,17093,1,1,1,1,33950eb6da2923c0ce02d236bb17956d0af719ec4177bfa8dd1b07ca385e2c6f
782,391,17136,0,0,0,0,NORMAL_COMPATIBLE
783,391,17136,1,0,0,0,NORMAL_COMPATIBLE
784,392,17149,0,0,0,0,NORMAL_COMPATIBLE
785,392,17149,1,0,0,0,NORMAL_COMPATIBLE
786,393,17165,0,0,0,0,NORMAL_COMPATIBLE
787,393,17165,1,0,0,0,NORMAL_COMPATIBLE
788,394,17174,0,0,0,0,NORMAL_COMPATIBLE
789,394,17174,1,0,0,0,NORMAL_COMPATIBLE
790,395,17247,0,0,0,0,NORMAL_COMPATIBLE
791,395,17247,1,0,0,0,NORMAL_COMPATIBLE
792,396,17334,0,0,0,0,NORMAL_COMPATIBLE
793,396,17334,1,0,0,0,NORMAL_COMPATIBLE
794,397,17342,0,0,0,0,NORMAL_COMPATIBLE
795,397,17342,1,0,0,0,NORMAL_COMPATIBLE
796,398,17352,0,0,0,0,NORMAL_COMPATIBLE
797,398,17352,1,0,0,0,NORMAL_COMPATIBLE
798,399,17365,0,0,0,0,NORMAL_COMPATIBLE
799,399,17365,1,0,0,0,NORMAL_COMPATIBLE
800,400,17428,0,1,1,1,c4829d6fa454324b73448834737c3c99cee7d5c1116158ed07c00c6cfa6e20de
801,400,17428,1,1,1,1,61257935015e55c4d27948154ba4a8f3493fbff0a79927f593fb3f8cd3857f50
802,401,17577,0,1,1,1,480ba764f9848e410af19c0c26b89e7d664f21cc8a31fc5229e2de4c1df98e41
803,401,17577,1,1,1,1,a275a5564c7ea976cd2cc7a70338260fa24bd8a09dba7d327a479df545a6b05d
804,402,17591,0,1,1,1,ec2b36ceecf2ee1029630331b1923c561a868c783ec95b8a213495cac43230f2
805,402,17591,1,1,1,1,cb88a5a373b500bb908e90a533808bfd3a98e44c7d722efaed2657771d365867
806,403,17658,0,1,1,1,163c556f68887e158810e6fa5e26c5b02f8114503eccece0b18a97b8c6f13585
807,403,17658,1,1,1,1,19251663b68273357e7c15c8a302d9ffd54a4b6a872c4578d8284cbc8fa9556c
808,404,17671,0,1,1,1,07c3d869351b217da571078ca25ff54b3fc1f914b24a223c95e2a0fb4da92746
809,404,17671,1,1,1,1,3d2064c5aba72bbc75158a43d5b1245cf20b38138e49e81c6a53931e6a97e36d
810,405,17715,0,1,1,1,893503c2d4c45336d68dbe03d1a4eaa7400921340aefb15c7f727e0896381718
811,405,17715,1,1,1,1,060148ae225ed35c8de3dbf1ddcf984026451d790d053f526d7f58cfc673e53c
812,406,17719,0,1,1,1,74ba09ff1fc0d25a3e625d334e44bddd7417b1871760f32dc95c97588c7c1d5d
813,406,17719,1,1,1,1,496019caaf181c2f3471273665cfa7f95976d66140124931e3c2c7de25eb7921
814,407,17799,0,0,0,0,NORMAL_COMPATIBLE
815,407,17799,1,0,0,0,NORMAL_COMPATIBLE
816,408,17823,0,1,1,1,2ef049c5e1f5ebba9d67d53c389644b15025fd5ada509b774756aa695305aaf6
817,408,17823,1,1,1,1,9ecdf10e6e38ed8103ce9d8fc3a85a512229a07707ee1b6590ed1dd9340dfbed
818,409,17930,0,1,1,1,9a0605d64dc7700711d2d6d9351bf5a879fc79aa1feb10dd906032f7b6bdc171
819,409,17930,1,1,1,1,0d443ccb0e0477e109008ee2082dab2fd89f727b0f9c9c46861a9853af7d8c47
820,410,17975,0,1,1,1,556d8304758c2755101613aad7b26b22c062b5acc1f1d1072ac5caf445aea11d
821,410,17975,1,1,1,1,311f82bed52e22abde46dad467e8ab252badfb5d3febb343a33dd8c85b5e40d1
822,411,18031,0,0,0,0,NORMAL_COMPATIBLE
823,411,18031,1,1,17,0,ed3bf241fff7723a3179b84f84f0fc60eb9ff43e9880288624923542ced7d265
824,412,18221,0,1,1,1,410e8664492edff9cbebe1e8c07f17355dbf1818d983e072bf04167bd0dda4db
825,412,18221,1,1,1,1,140a8477682260075a717cdb1a45098ba083d6e3583c68260159bff0f7c5eab5
826,413,18247,0,0,0,0,NORMAL_COMPATIBLE
827,413,18247,1,1,10,0,76f5d750844d1d07c7e245d19da37639754d431dbbeeb62e936aa41269f1c070
828,414,18259,0,0,0,0,NORMAL_COMPATIBLE
829,414,18259,1,1,10,0,76f5d750844d1d07c7e245d19da37639754d431dbbeeb62e936aa41269f1c070
830,415,18271,0,1,1,1,b7bcc0edcc509ddfdddc5455de7659a7675f483c550035ef84b4717226da5450
831,415,18271,1,1,10,0,76f5d750844d1d07c7e245d19da37639754d431dbbeeb62e936aa41269f1c070
832,416,18286,0,1,1,1,ffb1ece33b880864c24b6e1e321c35279ca860c0372ff62c3ff80852ebf186c5
833,416,18286,1,1,10,0,76f5d750844d1d07c7e245d19da37639754d431dbbeeb62e936aa41269f1c070
834,417,18323,0,0,0,0,NORMAL_COMPATIBLE
835,417,18323,1,1,1,1,fd85f6bb1451c4e9e7a8f26c1629125a77ddcbc07f9bab0c15b376f8d0ed8648
836,418,18361,0,1,1,1,66cb6c8625a8bd394bfe829739ec36e0ea5d9dee92ef1b26741bea00cc11df36
837,418,18361,1,1,1,1,22e7f727fae0732c25f0d698e1033f9ca8b0105cfd2235ab5621340244eee9c5
838,419,18390,0,1,1,1,ed177d453db895ccacc1464b08a1c820886d0998117bdc02639c41cc5559ce40
839,419,18390,1,1,2,0,a7902cd25d9d91948fd116928555b6a6057af89daf44f049fcde5c677f8e5be0
840,420,18419,0,0,0,0,NORMAL_COMPATIBLE
841,420,18419,1,1,1,1,ffad64f41cbf81dbefba0d967831afa9bae1d09ac36b8cf909a9e9caafea205f
842,421,18424,0,1,1,1,e1767b5818060355d9dad2a435ac77529167b28ece268bcac7af3aa117bfc018
843,421,18424,1,0,0,0,NORMAL_COMPATIBLE
844,422,18462,0,1,2,0,3f326dd7589fa80aac574d927e76e6ce383c9b078b025b011659fe3211ad843b
845,422,18462,1,1,1,1,79280a019251a4b8689cf597a155187085fae19f194e1fe2f63e0cf4002bc525
846,423,18624,0,1,1,1,3d006f067282fa9559c39f50b97185efff6871b68574b7481815c577b0cc2e30
847,423,18624,1,1,1,1,524a715cbf05e33818b117b8e8e62b838073581db463f978bab0202cfaf6e028
848,424,18634,0,1,1,1,b2d8ab297e2f16c17f35ed92926c805f376533036fd8fdc0ad00a3e075fb8cfa
849,424,18634,1,1,1,1,771194f2311861da3e0345862ba04d59eb7a4258dd412ccbc38d12a981962ad5
850,425,18785,0,1,1,1,64bd144f281ab2b96d5a0e46a8fc87449226063e3a662e933c4f87e574c51faa
851,425,18785,1,1,1,1,e90daafe79c76a91c5e9167cb294428a8abe32b6b1152ac55179a2c7904ea8ba
852,426,18821,0,1,1,1,9751a90ba132d6fcb667e57f115d55632ebfe299b1f9d24953b807ff7ccb32b3
853,426,18821,1,1,1,1,3171820d1e7dfb338d378c505ad37fff7172606c8a5a5b8bb72e3a71e0e34eb3
854,427,18909,0,1,2,0,329eb5c11687c61ec24e565cc90d3d26e304bc04eb2e6eddbc5b1d6cebb88d51
855,427,18909,1,1,1,1,2349d7d2d8105e221d106efe5981db0e890974313bffbd8df45524167fb236a5
856,428,18976,0,1,1,1,3adefa250d73698a729a82f6cfb1e90dbdbdfb95bbc8b98b1bc0ef0ec924d17a
857,428,18976,1,1,1,1,9b49c9679cae487177853b9f746338b4a7ffb8851e41a42f67f37b683dd94368
858,429,18981,0,1,1,1,a96bcebbc21ef436ef267413ee9065a481a9b3eb732aa016ef21d96e83ce9870
859,429,18981,1,1,3,0,bb080a921763654d21ba0333fa5cebc1577de6412829e2c9f23091ffab6d854d
860,430,18989,0,1,1,1,6114a893b34f80441155bda8ac4bbde4f334bdb7c13c5659854a148b5ccad35e
861,430,18989,1,1,3,0,bb080a921763654d21ba0333fa5cebc1577de6412829e2c9f23091ffab6d854d
862,431,18990,0,1,1,1,82ad0d4e32a7e0f91a78353b739d940516eee198be1a1644f016003481c1637a
863,431,18990,1,1,3,0,bb080a921763654d21ba0333fa5cebc1577de6412829e2c9f23091ffab6d854d
864,432,19025,0,1,1,1,f9df85ebf048f6cecf70efac1c25dab3db7bed9b4711cab3db47361b5a40535a
865,432,19025,1,1,1,1,bfef63dd69fcbb5279764a154b946751716097fe19f60f83ef45ade6f781e01d
866,433,19055,0,1,1,1,622c4936a34b7eea3264c10ad6896e97f6f5aff96666194366cd9d7d216d9675
867,433,19055,1,1,2,0,3335ed4f14c67d9804e7dd2c6c40403fe5477f6384cf6539014fbac982ec7dc0
868,434,19056,0,1,1,1,44e5965e6b99e532ed2ad57c24c33558ec8a315125599e8b87374600703a2b39
869,434,19056,1,1,2,0,3335ed4f14c67d9804e7dd2c6c40403fe5477f6384cf6539014fbac982ec7dc0
870,435,19078,0,1,1,1,92f7cc42847805971fbf9e5837f80ff5778a2c49b24cc708dccf8631a5ddd7d2
871,435,19078,1,1,1,1,cc0c0a1582527cd2c52407c5584fbb3f23e6fa9f9a217f442d6b2047aff2efef
872,436,19093,0,1,1,1,59c28e6baeccc9cc2da420e785fab693206c40602dd2ef166ee014976af63ed7
873,436,19093,1,1,1,1,3081b79190b4594df95d0ceaaf4b341f7ce315c7447855261a2109891eb7cb6b
874,437,19131,0,1,1,1,55c166731ec62b0578528212d316e6285fdaac818ceac8dbd1604afb92c9fe37
875,437,19131,1,1,1,1,8999cccb96800d61e055fe3830036a083d658627b9a8bf7fd2f89923fecc6866
876,438,19155,0,1,1,1,4d8b9a783ebe26fc26b8e3fab82f491c0c68cfd0f866ec261ebc8a525f0e1e58
877,438,19155,1,1,1,1,a2675f6d49cd92bddd62b1f8e5ee06ee035887cfca25898af445610502a79ddf
878,439,19288,0,1,1,1,401c099423df91a3667aa9fb42ce20d7698c7ea23a8dbd0a5906aa2eafecef31
879,439,19288,1,1,1,1,bc7fa8362919b86e794a5c502220fbd73d0aea7a2a2b440e688d313adb0f35aa
880,440,19336,0,1,1,1,d56bdf1415ef3d830fe3a382105d8371b8df411ccfaf36f7a46931eaae786f84
881,440,19336,1,1,1,1,0e9ce567e964ace4843a033c8eab64cc49477f7f9001b1e0e5e833ad20304e88
882,441,19380,0,1,17,0,ed3bf241fff7723a3179b84f84f0fc60eb9ff43e9880288624923542ced7d265
883,441,19380,1,1,1,1,1791eda4e64f795a926f1c86f53fd6c8a3d672b552d444d86145ced601d72263
884,442,19403,0,1,1,1,3987bc0337a6afc47d125912f2d52f4e1eac74d71ebb5c3f9af16d0bad210b81
885,442,19403,1,1,1,1,882a2f1b1fda459d54a0ddd79c4712425c1b5da70a247e343bc59aaf3220099c
886,443,19415,0,1,1,1,10c8f77f1c42edceccb8691c004929d7290bc2257f374183a36c5f218ed2aec4
887,443,19415,1,1,1,1,066b41e8a6fffecc799e039b9788a5f8efff5da5c5c92b746b39b8165254d0dd
888,444,19509,0,1,1,1,09a0929ca20d8ac0b39530abc549a7fcc6610ec60dae6d4daa519a12d522f0d4
889,444,19509,1,1,1,1,5b061264a15332ad0bf8f130ebabfb6bb7c96a5ca2c1c93eef647d358c6d40f1
890,445,19530,0,1,1,1,837d00aecedf30668b54623df85b23b5924129b938664cf9b82fb922113d780c
891,445,19530,1,1,1,1,c7293f4c2cd88c1fb299fc092eee8810e21254bca54fbf4bd3534042893fff57
892,446,19622,0,0,0,0,NORMAL_COMPATIBLE
893,446,19622,1,0,0,0,NORMAL_COMPATIBLE
894,447,19701,0,0,0,0,NORMAL_COMPATIBLE
895,447,19701,1,0,0,0,NORMAL_COMPATIBLE
896,448,19714,0,1,1,1,2e4e63c50ec771f2eec4751086c5fab3b6ff26f569570f4f82cfa9bdf7727304
897,448,19714,1,1,1,1,dda847935ed03bb34f4d7936f4d7e3e4f79ff5a2512043adb047d480167923ed
898,449,19794,0,1,1,1,7aba19bdf54430f79bab775b14e4fc1587b443858630d32524eb184f507302e2
899,449,19794,1,1,1,1,316fbef9ca967e8f717b6ab372fa7ab6a09a68116a5b6d838a008f55874ef6fd
900,450,19864,0,1,1,1,454579e8bd3eff08ed7f4f0a8e4329c3edb73e9f56282e7edb23e4605d043078
901,450,19864,1,1,1,1,5a200d004e214fe4e3b4ca53196b103366eb11c8da4a01f4cbf48f37f1d69c07
902,451,19970,0,0,0,0,NORMAL_COMPATIBLE
903,451,19970,1,1,1,1,1ee603ce8fe5d919756ffa0f15e85da0ad35cdc8e8b205b7915691d53d8a84e5
904,452,20030,0,0,0,0,NORMAL_COMPATIBLE
905,452,20030,1,0,0,0,NORMAL_COMPATIBLE
906,453,20050,0,0,0,0,NORMAL_COMPATIBLE
907,453,20050,1,0,0,0,NORMAL_COMPATIBLE
908,454,20057,0,0,0,0,NORMAL_COMPATIBLE
909,454,20057,1,1,2,0,75dd247a9fc178fc7f72e265cbb04e4445434c1a4287137e0b6bff95d2b84233
910,455,20230,0,0,0,0,NORMAL_COMPATIBLE
911,455,20230,1,1,1,1,26f86525417e7677c85dd93b68d67db6cf1b8e55eb0c84c7865309a3fcca431a
912,456,20362,0,0,0,0,NORMAL_COMPATIBLE
913,456,20362,1,1,1,1,df6ee7e52ff9e0d25e3ac2e9911181fed5942deadd51ca51082665232a2dd1e4
914,457,20378,0,0,0,0,NORMAL_COMPATIBLE
915,457,20378,1,1,1,1,47eaf1368e4566a4ff5e681e234106b808bfadeb9110b8a2c8e62d0987f2ce31
916,458,20418,0,1,1,1,c82e663b7fc38f2a848d43e98882c85e41c907ca6cd3ddc9e356fe8f539b6b82
917,458,20418,1,1,1,1,27522961443ec5722c113a906ad43753864a6e6c8cd7dab25fd20ea370165407
918,459,20437,0,1,1,1,db2292a99c7dd22addb7fe12e2ddb0388ca8327a9f2b0f83fb0df03e3c37c1dc
919,459,20437,1,1,1,1,b12cb5b854be0c7add2f214108b364b7f70d7587825ee382f9b14df40e7bdd51
920,460,20496,0,0,0,0,NORMAL_COMPATIBLE
921,460,20496,1,1,1,1,6150e29e42dae96b9508d34fe9a01d7be517204d1673332d6c9a4884666b3eb0
922,461,20764,0,0,0,0,NORMAL_COMPATIBLE
923,461,20764,1,0,0,0,NORMAL_COMPATIBLE
924,462,20875,0,0,0,0,NORMAL_COMPATIBLE
925,462,20875,1,0,0,0,NORMAL_COMPATIBLE
926,463,20910,0,0,0,0,NORMAL_COMPATIBLE
927,463,20910,1,0,0,0,NORMAL_COMPATIBLE
928,464,20914,0,0,0,0,NORMAL_COMPATIBLE
929,464,20914,1,0,0,0,NORMAL_COMPATIBLE
930,465,20956,0,0,0,0,NORMAL_COMPATIBLE
931,465,20956,1,0,0,0,NORMAL_COMPATIBLE
932,466,21009,0,0,0,0,NORMAL_COMPATIBLE
933,466,21009,1,0,0,0,NORMAL_COMPATIBLE
934,467,21031,0,0,0,0,NORMAL_COMPATIBLE
935,467,21031,1,0,0,0,NORMAL_COMPATIBLE
936,468,21067,0,0,0,0,NORMAL_COMPATIBLE
937,468,21067,1,0,0,0,NORMAL_COMPATIBLE
938,469,21115,0,0,0,0,NORMAL_COMPATIBLE
939,469,21115,1,0,0,0,NORMAL_COMPATIBLE
940,470,21127,0,1,1,1,2706afe75078ec55664b2dd86fff6028e05ba88a7fc6ef2d7468613f2b10209d
941,470,21127,1,1,1,1,5adfa6c7f58004a28bd9e6409963ab95f3293d09f062cfe3c82d73ca0e74cc3a
942,471,21184,0,0,0,0,NORMAL_COMPATIBLE
943,471,21184,1,0,0,0,NORMAL_COMPATIBLE
944,472,21240,0,0,0,0,NORMAL_COMPATIBLE
945,472,21240,1,1,17,0,ed3bf241fff7723a3179b84f84f0fc60eb9ff43e9880288624923542ced7d265
946,473,21282,0,0,0,0,NORMAL_COMPATIBLE
947,473,21282,1,1,17,0,ed3bf241fff7723a3179b84f84f0fc60eb9ff43e9880288624923542ced7d265
948,474,21322,0,0,0,0,NORMAL_COMPATIBLE
949,474,21322,1,1,17,0,ed3bf241fff7723a3179b84f84f0fc60eb9ff43e9880288624923542ced7d265
950,475,21347,0,1,1,1,2b9d72383341f71118123cff26af1408c9bbcad3e04594b773005d8fcfb01d14
951,475,21347,1,1,1,1,185b49764d2a9fc81c35ca864940db07c82567a3666162f6983b22a712c00f6e
952,476,21350,0,1,1,1,cb20b367c74572761e46c43f56063c6e9673edc9e35d6a57f5c11c6a71a923c5
953,476,21350,1,1,1,1,53e918f7f3d90ac1b10f417288402d7c60feeb8c9b6b3ec1f13391f3e5f25e36
954,477,21354,0,1,1,1,7ebd5c8a558f67cfb0acfec137df05df57e9aefe58e1288ea79d31848c7487cb
955,477,21354,1,1,1,1,f90ae208fd11e75d6de8829dc97310610110f2c1067dcbb805536913a1b74968
956,478,21397,0,1,1,1,62f49b49dfdd6f8177fd525393a129a81cb1076fce4e635957cb18980055b45d
957,478,21397,1,1,1,1,deccfe9ff82bb929add94e33575db3b4219661569f45e7a54238abbd896c26d6
958,479,21398,0,1,1,1,9382cf7efd2a1250b3369fc853e6a157ba4f33ee293635d2d5008aaeb6625532
959,479,21398,1,1,1,1,1298fe53199dffa0384cafae1599537a6d8d3e56aa2da16be30a361527f2058a
960,480,21418,0,1,1,1,e2e55f22e77e8b2ba30e00743851f0736dee8800cf55840f56fbef32880250f8
961,480,21418,1,1,1,1,e90e55103d4a7496bb13d2372ea81851f2f035d3072e4559b0d548653d3ec50b
962,481,21516,0,1,1,1,92fb98faacc3dd1c70c88f96948f18301f138724ea21a5dbaad0ddf8977b428b
963,481,21516,1,1,1,1,bc2ebe0b2025f606cca292bb0cf33d25a4756f0a99c0282dbc61d282f0aac82b
964,482,21526,0,1,1,1,7a9cc5d5bc482861824172604e0ec2e2b6f0aaea4a8b644b8f7c5fc4bb0e79ff
965,482,21526,1,1,1,1,12f54628b1863f8699ae66cbe9270b0efdf89da489624653ab6e2fc1e05019f0
966,483,21572,0,1,1,1,faa34f16cad671d38605be0c369f80fc25848d61f3489e2cb3fd5362599b2709
967,483,21572,1,1,1,1,cc93aecd6b9df93a97f947d01de31689157e0e04f41b208b06239ad1182c103f
968,484,21590,0,1,1,1,8a9112fa0e96200bfe8a5adb694ab7601e40feba1bd520313eb0d99705e1e26a
969,484,21590,1,1,1,1,5f19f2741d7578f5bb4e3ba416c8c4b745e759ce365b833b6358b770655244d3
970,485,21681,0,1,1,1,e6624b9a247c5e39114e326e6b676e938ab53b82a760aeb27d2e57ccf3f36b2b
971,485,21681,1,1,1,1,39402925fad6789f4eab08353c4cbdccaad1bffaae128e218339b20762192c5e
972,486,21734,0,1,1,1,dd792ea9b0c0788eb9c21fe879e2b871b4cd97e8bf64fb570077745501666fa2
973,486,21734,1,1,1,1,76da6f8152de26c5471809ad8ec69fb422c91315ee5eac17f8404f25ba2d7991
974,487,21808,0,1,1,1,7eefc5bcbcef563619f8b630a2b8c8c784b51d7f0e879cc903439661669675e5
975,487,21808,1,1,1,1,0db17b38cfa3a773a9f1adb33e788b3cc20fa7f76ef3cedcbde8bddda5b62846
976,488,21840,0,1,1,1,86108a9481c053088220758bc87abc9f4d6924bddac1db8a936535be1af0ac9e
977,488,21840,1,1,1,1,f7ccfcbb19eefc399ba8d74456c1823b36cd09a08fb4fba3f401d9208ee3742d
978,489,21843,0,1,1,1,89fd299b14da0965df93b9aab76783afe67e983e08cff9aae85e3d3a0e7cb541
979,489,21843,1,1,1,1,027c19cc33e8a495ad5b78029dda14484e30749185444cf1fe3a07de576269e9
980,490,21961,0,1,1,1,60e6a3c719a990cf9dc8cfda11e788e7aa90764784efac7c9d468542394f1eca
981,490,21961,1,1,1,1,a5ce71c84409925d127eeead18b51a00538e8a69c197537e4f904dc777b0ceda
982,491,21983,0,1,1,1,d06448ef93fbfedd9a59ae6ae761fb568c277dd78977b10e3b20d81e32873548
983,491,21983,1,1,1,1,f9f16cb6c1a550dc07781245cc3a3ee803e509a9402dc73a7b8b4da18617d1b1
984,492,21988,0,1,1,1,6bdbabe7f7a25f36435a5c7c2c812c9d1093bea2c902f08fa294c6b587ff3b17
985,492,21988,1,1,1,1,6700695eecfa816d9156d5a70e8b735f2a396848006b9027c4751ee4c6f03776
986,493,21993,0,1,1,1,cbb68bc35f5b02044a6e5ac746d5ed7bf3d26ffafd2955bcca7ff0b15269d97c
987,493,21993,1,1,1,1,d6ca3e3cd054b24635fc09ccd5d885944ea6e4b928b0cb4a99381f013c51afa9
988,494,22039,0,1,1,1,867f6faa35c3d4f4ad2ec534d26fa6e3c0e638b7e8f53ab4dae6a264a66d4c74
989,494,22039,1,1,1,1,de8ed4c314922fbce1a1b2c5d5847516a09495bcf892fb582a65fb069b4ac782
990,495,22107,0,1,1,1,aea5a647f0e78c22f03e2211ad51b17ff7ad749deef07510348776ebb7368f37
991,495,22107,1,1,1,1,bbeea97f6489b3e0aeaaaad6b1ea948b7fa79482aaa6683a0c02dc38ff7beb22
992,496,22200,0,1,1,1,d5be2d9f2c24fd6ee195cc01e2cff21add0a22f255531a2279da876942b319ee
993,496,22200,1,1,1,1,2f4e53d00f2e5fd54c56c2a93b87f0a79e86a1cc16d19c93c383868a148f8823
994,497,22211,0,1,1,1,edf6efaf67448e371eeffeb42295c76aacaf05091b83feeaead8572304abaf1c
995,497,22211,1,1,1,1,b418afb16aed1e2233ff79031ec5588d2e7b04bca9f6441afafd0a102b2845bb
996,498,22225,0,1,1,1,7a44effd68a8591f9ba9bdd5aad70a0e2994d3297967eaf588a8081ef79a845d
997,498,22225,1,1,1,1,7d524c6a7d0b6ce1dac379445df4f2bb7f8b2a5c4b7ef67f8d8e3ea599962a0e
998,499,22323,0,1,1,1,26ed27823101870ede56c95c5934c577a802a3b564a6504654c28c1e7123112c
999,499,22323,1,1,1,1,ec80c280f8d6fd82b59c08433e42b80dcc99cc0aea22dabf6a8903c24d1493dc
1000,500,22459,0,1,1,1,62c0caa8ec4e76a57aa3ea5230326acfab0aa130673259c670caebece0707c33
1001,500,22459,1,1,1,1,2fe2375e2e9a1594f5369bb9472229bad775dcb8cd5430ef5108b201cd33d727
1002,501,22470,0,1,1,1,f62357f3453dc13a5aaac779c446ab504dfbd9f5ab641b44d8b3eabadbb81648
1003,501,22470,1,1,1,1,dbe34af8accfe525becd11c315203f2b383e4f773d435658ff958cf13997ac35
1004,502,22493,0,1,1,1,82141d1ed931df293eab6ac128bde75511401ba01007b4ba6dbfe83668d68fb1
1005,502,22493,1,1,1,1,36c6d0001ddadfa53790cfc986af3a3fa8e3aa4dbf39beb9ef5bf505eb2c1309
1006,503,22516,0,1,1,1,02fe80a5d1fb621043a289dc6bef808f1b800ae822ee5c5a727c76cd727e17bb
1007,503,22516,1,1,1,1,1841984525768638c7e4ce9ad1cb85635497a8c7d127ef1c3c827c24d2fe3aeb
1008,504,22571,0,1,1,1,557e0484416dfb9a81393785becccf643367bc4c44c6c8ed09920934afb0c11e
1009,504,22571,1,1,1,1,508b913f9b216691e37ee5edf124b910933949f06c19be19e567abe0ffab4b70
1010,505,22577,0,1,1,1,9e41ae0e01fc6002036c451a1d3ed45062cd4273a4444298e80f07bb7fdbc22f
1011,505,22577,1,1,1,1,070a5abd5b7c954ab0992ba79d693e335b41b4c23c4395f7630618343342e874
1012,506,22598,0,1,1,1,fcc45070ff58b095649c27f13d39cd54aa50a2f137bdbb0f940e64d2151a50f6
1013,506,22598,1,1,1,1,d9db3915dd9587a78f6ff211bebd2bf762ebd933c75a843941e03bf4020a4f57
1014,507,22612,0,1,1,1,4f602418b910aa77e4df3fc47f06c1c3607c5852f155b32b7a0f2bfb7c3ce540
1015,507,22612,1,1,1,1,9f1b3a5651a80f2eb345f6ccb747a091dab78034e575bcacc65e6681657900ea
1016,508,22649,0,1,1,1,6e762e9c95b12485b57ce08114a38ff39d2dde392931a6461f5907fdf06abd78
1017,508,22649,1,1,1,1,78dd8a979c89f5eee8852af8cc60f325291795df476ca7eb594dfda76a7fcabb
1018,509,22658,0,1,1,1,2718e359ecf8fca53ca761b88dbe8d353b8f56fdafd123451cbb54eb81acce16
1019,509,22658,1,1,1,1,0a6303f526e2efb0e21325d9faa8572113f70cdaae86bafbbead35ccd7764b57
1020,510,22740,0,1,1,1,c35898f744c6d1072b112fbaeb7cd9f4064f0467d824c4523741bf0e202d2443
1021,510,22740,1,1,1,1,0d63a20e16523ad764cfa7f7d9936c7275107cdc57151dd4b8a67745f1c63ef2
1022,511,22759,0,1,1,1,2d8da155f7b13dca3b5bf768fc29f5aff7765c5c476c387369c7da48a7ff7e2f
1023,511,22759,1,1,1,1,005648cb296821bac26e32950f4f1e78c9882b28657b5dd83412481ea4428b78
