replicate,combined_detection_recall,authorized_cohort_exact_site_rate
0,0.7167968750,0.6425781250
1,0.7216796875,0.6494140625
2,0.6943359375,0.6230468750
3,0.6884765625,0.6220703125
4,0.6982421875,0.6269531250
5,0.7011718750,0.6201171875
6,0.7070312500,0.6455078125
7,0.6953125000,0.6308593750
8,0.7021484375,0.6367187500
9,0.6904296875,0.6083984375
10,0.7246093750,0.6533203125
11,0.7119140625,0.6533203125
12,0.6923828125,0.6044921875
13,0.7177734375,0.6367187500
14,0.6962890625,0.6162109375
15,0.6787109375,0.6093750000
16,0.7500000000,0.6914062500
17,0.7119140625,0.6357421875
18,0.6953125000,0.6181640625
19,0.6982421875,0.6220703125
20,0.6650390625,0.5908203125
21,0.7128906250,0.6386718750
22,0.7167968750,0.6406250000
23,0.6992187500,0.6240234375
24,0.7021484375,0.6220703125
25,0.7041015625,0.6357421875
26,0.6914062500,0.6357421875
27,0.7177734375,0.6386718750
28,0.6914062500,0.6113281250
29,0.7255859375,0.6484375000
30,0.7402343750,0.6777343750
31,0.6962890625,0.6337890625
32,0.7314453125,0.6591796875
33,0.6972656250,0.6269531250
34,0.6992187500,0.6220703125
35,0.7138671875,0.6308593750
36,0.7080078125,0.6386718750
37,0.7363281250,0.6523437500
38,0.6796875000,0.6015625000
39,0.7148437500,0.6298828125
40,0.7148437500,0.6289062500
41,0.7304687500,0.6445312500
42,0.7128906250,0.6484375000
43,0.7099609375,0.6269531250
44,0.7089843750,0.6347656250
45,0.7265625000,0.6601562500
46,0.6865234375,0.6171875000
47,0.7197265625,0.6279296875
48,0.7119140625,0.6298828125
49,0.7031250000,0.6279296875
50,0.6953125000,0.6259765625
51,0.7226562500,0.6494140625
52,0.7070312500,0.6425781250
53,0.6894531250,0.6259765625
54,0.7187500000,0.6533203125
55,0.7041015625,0.6425781250
56,0.6669921875,0.6035156250
57,0.6845703125,0.6123046875
58,0.7138671875,0.6552734375
59,0.6845703125,0.6152343750
60,0.7089843750,0.6230468750
61,0.6982421875,0.6328125000
62,0.7158203125,0.6406250000
63,0.6953125000,0.6259765625
64,0.7031250000,0.6367187500
65,0.6845703125,0.6142578125
66,0.7001953125,0.6328125000
67,0.7148437500,0.6435546875
68,0.7207031250,0.6279296875
69,0.6806640625,0.6015625000
70,0.7099609375,0.6445312500
71,0.7255859375,0.6435546875
72,0.6787109375,0.6142578125
73,0.7265625000,0.6386718750
74,0.7255859375,0.6572265625
75,0.6923828125,0.6171875000
76,0.7333984375,0.6748046875
77,0.6953125000,0.6210937500
78,0.7109375000,0.6396484375
79,0.6943359375,0.6152343750
80,0.7333984375,0.6640625000
81,0.7148437500,0.6503906250
82,0.7119140625,0.6406250000
83,0.7148437500,0.6621093750
84,0.7177734375,0.6650390625
85,0.7236328125,0.6269531250
86,0.7001953125,0.6230468750
87,0.6865234375,0.6220703125
88,0.6904296875,0.6123046875
89,0.6992187500,0.6289062500
90,0.7109375000,0.6435546875
91,0.6953125000,0.6367187500
92,0.6953125000,0.6250000000
93,0.7060546875,0.6318359375
94,0.7148437500,0.6562500000
95,0.7451171875,0.6689453125
96,0.7089843750,0.6416015625
97,0.7255859375,0.6494140625
98,0.7226562500,0.6455078125
99,0.7138671875,0.6367187500
100,0.7158203125,0.6425781250
101,0.7255859375,0.6552734375
102,0.7265625000,0.6474609375
103,0.6953125000,0.6396484375
104,0.6894531250,0.6074218750
105,0.7636718750,0.7001953125
106,0.6962890625,0.6220703125
107,0.7050781250,0.6259765625
108,0.7177734375,0.6250000000
109,0.7187500000,0.6416015625
110,0.7412109375,0.6621093750
111,0.7265625000,0.6591796875
112,0.6914062500,0.6123046875
113,0.7167968750,0.6425781250
114,0.7099609375,0.6367187500
115,0.6962890625,0.6220703125
116,0.7109375000,0.6386718750
117,0.7216796875,0.6484375000
118,0.7158203125,0.6503906250
119,0.6845703125,0.6162109375
120,0.7089843750,0.6318359375
121,0.7109375000,0.6269531250
122,0.7167968750,0.6523437500
123,0.6845703125,0.6220703125
124,0.6972656250,0.6240234375
125,0.7070312500,0.6201171875
126,0.6845703125,0.6201171875
127,0.7070312500,0.6494140625
128,0.7216796875,0.6455078125
129,0.6611328125,0.5859375000
130,0.7001953125,0.6435546875
131,0.7197265625,0.6357421875
132,0.6835937500,0.6074218750
133,0.7207031250,0.6513671875
134,0.7207031250,0.6542968750
135,0.7031250000,0.6435546875
136,0.7050781250,0.6230468750
137,0.7421875000,0.6708984375
138,0.6933593750,0.6250000000
139,0.6933593750,0.6259765625
140,0.7041015625,0.6269531250
141,0.7099609375,0.6484375000
142,0.7119140625,0.6425781250
143,0.7197265625,0.6357421875
144,0.7167968750,0.6523437500
145,0.7343750000,0.6630859375
146,0.7255859375,0.6572265625
147,0.7304687500,0.6484375000
148,0.7138671875,0.6357421875
149,0.7187500000,0.6591796875
150,0.7021484375,0.6337890625
151,0.7197265625,0.6542968750
152,0.7089843750,0.6386718750
153,0.7070312500,0.6367187500
154,0.7099609375,0.6386718750
155,0.7568359375,0.6699218750
156,0.7294921875,0.6562500000
157,0.7001953125,0.6386718750
158,0.7041015625,0.6279296875
159,0.6992187500,0.6347656250
160,0.7343750000,0.6630859375
161,0.7109375000,0.6250000000
162,0.7177734375,0.6552734375
163,0.6923828125,0.6230468750
164,0.7109375000,0.6464843750
165,0.7041015625,0.6269531250
166,0.7470703125,0.6806640625
167,0.7021484375,0.6269531250
168,0.7138671875,0.6542968750
169,0.6982421875,0.6220703125
170,0.7138671875,0.6503906250
171,0.7226562500,0.6494140625
172,0.7197265625,0.6503906250
173,0.6894531250,0.6142578125
174,0.7109375000,0.6542968750
175,0.7324218750,0.6601562500
176,0.7031250000,0.6298828125
177,0.7353515625,0.6650390625
178,0.6943359375,0.6367187500
179,0.6855468750,0.6103515625
180,0.6923828125,0.6113281250
181,0.7109375000,0.6259765625
182,0.6943359375,0.6181640625
183,0.7246093750,0.6503906250
184,0.6904296875,0.6298828125
185,0.7089843750,0.6523437500
186,0.7119140625,0.6367187500
187,0.7128906250,0.6357421875
188,0.7197265625,0.6367187500
189,0.6972656250,0.6250000000
190,0.7236328125,0.6562500000
191,0.7343750000,0.6572265625
192,0.6914062500,0.6113281250
193,0.7177734375,0.6396484375
194,0.7265625000,0.6494140625
195,0.6982421875,0.6240234375
196,0.7070312500,0.6337890625
197,0.7138671875,0.6455078125
198,0.7080078125,0.6328125000
199,0.6943359375,0.6181640625
200,0.7041015625,0.6279296875
201,0.7041015625,0.6103515625
202,0.7109375000,0.6357421875
203,0.7304687500,0.6533203125
204,0.7285156250,0.6494140625
205,0.6933593750,0.6240234375
206,0.7080078125,0.6210937500
207,0.6933593750,0.6152343750
208,0.7197265625,0.6464843750
209,0.7031250000,0.6367187500
210,0.6845703125,0.5976562500
211,0.6992187500,0.6240234375
212,0.6962890625,0.6191406250
213,0.7128906250,0.6337890625
214,0.6943359375,0.6093750000
215,0.6943359375,0.6132812500
216,0.7031250000,0.6210937500
217,0.7197265625,0.6494140625
218,0.7060546875,0.6416015625
219,0.7138671875,0.6523437500
220,0.7119140625,0.6328125000
221,0.6503906250,0.5625000000
222,0.7177734375,0.6367187500
223,0.7275390625,0.6611328125
224,0.7294921875,0.6386718750
225,0.6982421875,0.6181640625
226,0.6992187500,0.6269531250
227,0.7128906250,0.6386718750
228,0.7431640625,0.6718750000
229,0.6826171875,0.6093750000
230,0.6728515625,0.5947265625
231,0.7031250000,0.6240234375
232,0.7285156250,0.6386718750
233,0.6972656250,0.6289062500
234,0.7167968750,0.6357421875
235,0.7080078125,0.6494140625
236,0.7568359375,0.6904296875
237,0.6923828125,0.6220703125
238,0.7246093750,0.6513671875
239,0.7294921875,0.6591796875
240,0.7089843750,0.6308593750
241,0.7109375000,0.6357421875
242,0.7167968750,0.6425781250
243,0.7402343750,0.6591796875
244,0.6982421875,0.6093750000
245,0.7001953125,0.6191406250
246,0.6962890625,0.6152343750
247,0.6992187500,0.6132812500
248,0.7255859375,0.6425781250
249,0.7011718750,0.6289062500
250,0.7197265625,0.6542968750
251,0.7089843750,0.6269531250
252,0.6904296875,0.6298828125
253,0.6982421875,0.6152343750
254,0.7089843750,0.6367187500
255,0.6943359375,0.6103515625
256,0.7226562500,0.6494140625
257,0.6943359375,0.6279296875
258,0.7324218750,0.6562500000
259,0.6806640625,0.6064453125
260,0.7099609375,0.6279296875
261,0.7001953125,0.6337890625
262,0.7304687500,0.6562500000
263,0.6894531250,0.6152343750
264,0.7021484375,0.6279296875
265,0.7021484375,0.6279296875
266,0.7128906250,0.6455078125
267,0.7167968750,0.6582031250
268,0.7236328125,0.6484375000
269,0.7265625000,0.6464843750
270,0.6943359375,0.6152343750
271,0.7333984375,0.6640625000
272,0.7333984375,0.6513671875
273,0.7216796875,0.6503906250
274,0.6884765625,0.6132812500
275,0.6953125000,0.6201171875
276,0.6962890625,0.6142578125
277,0.6748046875,0.6123046875
278,0.7177734375,0.6396484375
279,0.7011718750,0.6425781250
280,0.6914062500,0.6191406250
281,0.7070312500,0.6455078125
282,0.7265625000,0.6582031250
283,0.7187500000,0.6513671875
284,0.7050781250,0.6337890625
285,0.6894531250,0.6123046875
286,0.6806640625,0.6191406250
287,0.7207031250,0.6230468750
288,0.6943359375,0.6132812500
289,0.7167968750,0.6386718750
290,0.7138671875,0.6503906250
291,0.7060546875,0.6474609375
292,0.7080078125,0.6259765625
293,0.7304687500,0.6464843750
294,0.6845703125,0.6044921875
295,0.7050781250,0.6279296875
296,0.7148437500,0.6464843750
297,0.6904296875,0.6240234375
298,0.6806640625,0.5957031250
299,0.7255859375,0.6455078125
300,0.6914062500,0.6210937500
301,0.6884765625,0.6103515625
302,0.6962890625,0.6181640625
303,0.7109375000,0.6455078125
304,0.7255859375,0.6347656250
305,0.7041015625,0.6093750000
306,0.7041015625,0.6279296875
307,0.7109375000,0.6171875000
308,0.7070312500,0.6328125000
309,0.7197265625,0.6494140625
310,0.7275390625,0.6494140625
311,0.6914062500,0.6142578125
312,0.7089843750,0.6220703125
313,0.6943359375,0.6240234375
314,0.6806640625,0.6123046875
315,0.6689453125,0.6035156250
316,0.7373046875,0.6484375000
317,0.7382812500,0.6748046875
318,0.6962890625,0.6171875000
319,0.6972656250,0.6083984375
320,0.7128906250,0.6474609375
321,0.6923828125,0.6181640625
322,0.7119140625,0.6367187500
323,0.7060546875,0.6240234375
324,0.6806640625,0.6113281250
325,0.6855468750,0.6113281250
326,0.7148437500,0.6181640625
327,0.7050781250,0.6279296875
328,0.7050781250,0.6201171875
329,0.7031250000,0.6367187500
330,0.6992187500,0.6220703125
331,0.6943359375,0.6250000000
332,0.6972656250,0.6386718750
333,0.7089843750,0.6386718750
334,0.7138671875,0.6328125000
335,0.6992187500,0.6435546875
336,0.7099609375,0.6435546875
337,0.6845703125,0.6054687500
338,0.7324218750,0.6650390625
339,0.7080078125,0.6220703125
340,0.6845703125,0.6035156250
341,0.7031250000,0.6210937500
342,0.7060546875,0.6328125000
343,0.7167968750,0.6523437500
344,0.7138671875,0.6445312500
345,0.7011718750,0.6269531250
346,0.7197265625,0.6474609375
347,0.7109375000,0.6386718750
348,0.7343750000,0.6494140625
349,0.7128906250,0.6357421875
350,0.7148437500,0.6328125000
351,0.7070312500,0.6279296875
352,0.6884765625,0.6240234375
353,0.6865234375,0.6308593750
354,0.7236328125,0.6357421875
355,0.7246093750,0.6552734375
356,0.7363281250,0.6591796875
357,0.7500000000,0.6787109375
358,0.7343750000,0.6464843750
359,0.7050781250,0.6269531250
360,0.7167968750,0.6396484375
361,0.6904296875,0.6035156250
362,0.6982421875,0.6142578125
363,0.6679687500,0.5986328125
364,0.7138671875,0.6494140625
365,0.7412109375,0.6650390625
366,0.7402343750,0.6640625000
367,0.7167968750,0.6376953125
368,0.6611328125,0.5849609375
369,0.7099609375,0.6308593750
370,0.7441406250,0.6591796875
371,0.7089843750,0.6259765625
372,0.6982421875,0.6191406250
373,0.7246093750,0.6523437500
374,0.7109375000,0.6416015625
375,0.7031250000,0.6210937500
376,0.7031250000,0.6367187500
377,0.7197265625,0.6328125000
378,0.7041015625,0.6162109375
379,0.6640625000,0.5937500000
380,0.6962890625,0.6171875000
381,0.7167968750,0.6367187500
382,0.7285156250,0.6396484375
383,0.7167968750,0.6386718750
384,0.7226562500,0.6572265625
385,0.6875000000,0.6162109375
386,0.7001953125,0.6347656250
387,0.7138671875,0.6279296875
388,0.6972656250,0.6191406250
389,0.7236328125,0.6494140625
390,0.7207031250,0.6455078125
391,0.7109375000,0.6386718750
392,0.6933593750,0.6103515625
393,0.6933593750,0.6123046875
394,0.7109375000,0.6396484375
395,0.7128906250,0.6445312500
396,0.7119140625,0.6503906250
397,0.7148437500,0.6523437500
398,0.7060546875,0.6386718750
399,0.7167968750,0.6357421875
400,0.7070312500,0.6308593750
401,0.7050781250,0.6455078125
402,0.6943359375,0.6250000000
403,0.7148437500,0.6445312500
404,0.7050781250,0.6425781250
405,0.6992187500,0.6308593750
406,0.6787109375,0.6142578125
407,0.6894531250,0.6123046875
408,0.7011718750,0.6132812500
409,0.6865234375,0.6250000000
410,0.7216796875,0.6552734375
411,0.6953125000,0.6250000000
412,0.7333984375,0.6679687500
413,0.7138671875,0.6230468750
414,0.7148437500,0.6494140625
415,0.7480468750,0.6718750000
416,0.7041015625,0.6318359375
417,0.7177734375,0.6396484375
418,0.7089843750,0.6318359375
419,0.6904296875,0.6191406250
420,0.7285156250,0.6513671875
421,0.7216796875,0.6376953125
422,0.7050781250,0.6328125000
423,0.6962890625,0.6171875000
424,0.6855468750,0.6210937500
425,0.7558593750,0.6738281250
426,0.7304687500,0.6601562500
427,0.7041015625,0.6396484375
428,0.6894531250,0.6191406250
429,0.7158203125,0.6484375000
430,0.7089843750,0.6386718750
431,0.6835937500,0.6035156250
432,0.7099609375,0.6269531250
433,0.7080078125,0.6367187500
434,0.6914062500,0.6347656250
435,0.7089843750,0.6552734375
436,0.7265625000,0.6630859375
437,0.7041015625,0.6308593750
438,0.7451171875,0.6728515625
439,0.7158203125,0.6406250000
440,0.7265625000,0.6445312500
441,0.7333984375,0.6552734375
442,0.7226562500,0.6445312500
443,0.7197265625,0.6445312500
444,0.7187500000,0.6376953125
445,0.7197265625,0.6484375000
446,0.7070312500,0.6357421875
447,0.6923828125,0.6210937500
448,0.7363281250,0.6640625000
449,0.7041015625,0.6337890625
450,0.7021484375,0.6191406250
451,0.7070312500,0.6523437500
452,0.7324218750,0.6562500000
453,0.7216796875,0.6425781250
454,0.7216796875,0.6494140625
455,0.6992187500,0.6318359375
456,0.6953125000,0.6191406250
457,0.7080078125,0.6513671875
458,0.7187500000,0.6416015625
459,0.7050781250,0.6259765625
460,0.7333984375,0.6738281250
461,0.7353515625,0.6494140625
462,0.6835937500,0.6230468750
463,0.7207031250,0.6513671875
464,0.7285156250,0.6708984375
465,0.7324218750,0.6660156250
466,0.6914062500,0.6201171875
467,0.6796875000,0.6015625000
468,0.7324218750,0.6542968750
469,0.7226562500,0.6416015625
470,0.6962890625,0.6279296875
471,0.6757812500,0.5966796875
472,0.6962890625,0.6103515625
473,0.6826171875,0.6279296875
474,0.7128906250,0.6474609375
475,0.6933593750,0.6142578125
476,0.7392578125,0.6591796875
477,0.6982421875,0.6289062500
478,0.7402343750,0.6572265625
479,0.7041015625,0.6269531250
480,0.7451171875,0.6816406250
481,0.6806640625,0.5957031250
482,0.7255859375,0.6406250000
483,0.7148437500,0.6474609375
484,0.7031250000,0.6328125000
485,0.7167968750,0.6474609375
486,0.7246093750,0.6503906250
487,0.6875000000,0.6083984375
488,0.6865234375,0.6044921875
489,0.6972656250,0.6191406250
490,0.7148437500,0.6445312500
491,0.7324218750,0.6640625000
492,0.6933593750,0.6171875000
493,0.7080078125,0.6425781250
494,0.6914062500,0.6259765625
495,0.7285156250,0.6484375000
496,0.7060546875,0.6259765625
497,0.6679687500,0.5976562500
498,0.7490234375,0.6826171875
499,0.7109375000,0.6386718750
500,0.7011718750,0.6201171875
501,0.7128906250,0.6406250000
502,0.7080078125,0.6406250000
503,0.7148437500,0.6464843750
504,0.7138671875,0.6494140625
505,0.7382812500,0.6611328125
506,0.7138671875,0.6396484375
507,0.7421875000,0.6767578125
508,0.6894531250,0.6064453125
509,0.7138671875,0.6474609375
510,0.7177734375,0.6484375000
511,0.7070312500,0.6416015625
512,0.6855468750,0.6250000000
513,0.7333984375,0.6484375000
514,0.7324218750,0.6601562500
515,0.7041015625,0.6220703125
516,0.6855468750,0.6181640625
517,0.7207031250,0.6435546875
518,0.7138671875,0.6484375000
519,0.6777343750,0.6093750000
520,0.7197265625,0.6269531250
521,0.6992187500,0.6318359375
522,0.7041015625,0.6269531250
523,0.6953125000,0.6132812500
524,0.7226562500,0.6455078125
525,0.7187500000,0.6513671875
526,0.6894531250,0.6171875000
527,0.6933593750,0.6367187500
528,0.7050781250,0.6250000000
529,0.7128906250,0.6435546875
530,0.7138671875,0.6445312500
531,0.7099609375,0.6474609375
532,0.6738281250,0.6025390625
533,0.7099609375,0.6416015625
534,0.6923828125,0.6230468750
535,0.7041015625,0.6416015625
536,0.6972656250,0.6250000000
537,0.7373046875,0.6689453125
538,0.7197265625,0.6445312500
539,0.7236328125,0.6523437500
540,0.7041015625,0.6201171875
541,0.7080078125,0.6279296875
542,0.7255859375,0.6542968750
543,0.6962890625,0.6230468750
544,0.7187500000,0.6582031250
545,0.7089843750,0.6406250000
546,0.6982421875,0.6162109375
547,0.6962890625,0.6103515625
548,0.7246093750,0.6523437500
549,0.6914062500,0.6132812500
550,0.7392578125,0.6601562500
551,0.7597656250,0.6884765625
552,0.7050781250,0.6220703125
553,0.6796875000,0.6191406250
554,0.7167968750,0.6435546875
555,0.7041015625,0.6113281250
556,0.7080078125,0.6396484375
557,0.7255859375,0.6464843750
558,0.6855468750,0.6005859375
559,0.7031250000,0.6279296875
560,0.6923828125,0.6162109375
561,0.6972656250,0.6210937500
562,0.6953125000,0.6201171875
563,0.7363281250,0.6445312500
564,0.6806640625,0.5986328125
565,0.6835937500,0.6210937500
566,0.7207031250,0.6435546875
567,0.7119140625,0.6367187500
568,0.6865234375,0.6123046875
569,0.6962890625,0.6240234375
570,0.7275390625,0.6621093750
571,0.7265625000,0.6425781250
572,0.7236328125,0.6552734375
573,0.7373046875,0.6601562500
574,0.6982421875,0.6162109375
575,0.7216796875,0.6455078125
576,0.6796875000,0.6083984375
577,0.7294921875,0.6552734375
578,0.7167968750,0.6386718750
579,0.7128906250,0.6308593750
580,0.7011718750,0.6152343750
581,0.7402343750,0.6552734375
582,0.7333984375,0.6562500000
583,0.7285156250,0.6552734375
584,0.7304687500,0.6425781250
585,0.6738281250,0.5878906250
586,0.6943359375,0.6240234375
587,0.6904296875,0.6152343750
588,0.6708984375,0.5888671875
589,0.6835937500,0.6083984375
590,0.7099609375,0.6435546875
591,0.6933593750,0.6269531250
592,0.6865234375,0.6162109375
593,0.7138671875,0.6230468750
594,0.6933593750,0.6162109375
595,0.7089843750,0.6406250000
596,0.7265625000,0.6445312500
597,0.6904296875,0.6142578125
598,0.6894531250,0.6250000000
599,0.7158203125,0.6513671875
600,0.6845703125,0.6074218750
601,0.7167968750,0.6503906250
602,0.6894531250,0.6093750000
603,0.7207031250,0.6396484375
604,0.6708984375,0.6015625000
605,0.7031250000,0.6328125000
606,0.6933593750,0.6201171875
607,0.6972656250,0.6064453125
608,0.7177734375,0.6318359375
609,0.7236328125,0.6289062500
610,0.6914062500,0.6240234375
611,0.7177734375,0.6513671875
612,0.6855468750,0.6083984375
613,0.7373046875,0.6679687500
614,0.7060546875,0.6396484375
615,0.7343750000,0.6396484375
616,0.7187500000,0.6445312500
617,0.7275390625,0.6386718750
618,0.7041015625,0.6250000000
619,0.6845703125,0.6005859375
620,0.7099609375,0.6298828125
621,0.7050781250,0.6416015625
622,0.7177734375,0.6435546875
623,0.7011718750,0.6210937500
624,0.7158203125,0.6328125000
625,0.7246093750,0.6386718750
626,0.7402343750,0.6718750000
627,0.7597656250,0.6738281250
628,0.7060546875,0.6474609375
629,0.7060546875,0.6445312500
630,0.7109375000,0.6279296875
631,0.7314453125,0.6406250000
632,0.7333984375,0.6611328125
633,0.7089843750,0.6562500000
634,0.7060546875,0.6396484375
635,0.7119140625,0.6455078125
636,0.7050781250,0.6308593750
637,0.6875000000,0.6083984375
638,0.7246093750,0.6542968750
639,0.7617187500,0.6962890625
640,0.7119140625,0.6318359375
641,0.7089843750,0.6113281250
642,0.7001953125,0.6162109375
643,0.7050781250,0.6191406250
644,0.7246093750,0.6562500000
645,0.7226562500,0.6494140625
646,0.7167968750,0.6357421875
647,0.6972656250,0.6191406250
648,0.7470703125,0.6806640625
649,0.6806640625,0.5976562500
650,0.7031250000,0.6386718750
651,0.6962890625,0.6103515625
652,0.7031250000,0.6201171875
653,0.7236328125,0.6279296875
654,0.7333984375,0.6552734375
655,0.6992187500,0.6250000000
656,0.7304687500,0.6406250000
657,0.7119140625,0.6425781250
658,0.6982421875,0.6220703125
659,0.7119140625,0.6425781250
660,0.7138671875,0.6298828125
661,0.6972656250,0.5947265625
662,0.7041015625,0.6279296875
663,0.7031250000,0.6269531250
664,0.7050781250,0.6191406250
665,0.7197265625,0.6562500000
666,0.7236328125,0.6474609375
667,0.7099609375,0.6357421875
668,0.7177734375,0.6503906250
669,0.7119140625,0.6298828125
670,0.7070312500,0.6269531250
671,0.7343750000,0.6552734375
672,0.7197265625,0.6406250000
673,0.6923828125,0.5996093750
674,0.7236328125,0.6533203125
675,0.7275390625,0.6513671875
676,0.7333984375,0.6621093750
677,0.7031250000,0.6230468750
678,0.7167968750,0.6318359375
679,0.6953125000,0.6406250000
680,0.7070312500,0.6464843750
681,0.7158203125,0.6337890625
682,0.7333984375,0.6601562500
683,0.6992187500,0.6093750000
684,0.7050781250,0.6171875000
685,0.7363281250,0.6572265625
686,0.6943359375,0.6162109375
687,0.6943359375,0.6279296875
688,0.7060546875,0.6357421875
689,0.7089843750,0.6582031250
690,0.7099609375,0.6357421875
691,0.7031250000,0.6279296875
692,0.7109375000,0.6279296875
693,0.6972656250,0.6289062500
694,0.7001953125,0.6171875000
695,0.6816406250,0.5966796875
696,0.6884765625,0.6201171875
697,0.7041015625,0.6298828125
698,0.6992187500,0.6240234375
699,0.6982421875,0.6279296875
700,0.7060546875,0.6318359375
701,0.6894531250,0.6230468750
702,0.7060546875,0.6210937500
703,0.7089843750,0.6337890625
704,0.7109375000,0.6328125000
705,0.7187500000,0.6503906250
706,0.7304687500,0.6484375000
707,0.7197265625,0.6357421875
708,0.7138671875,0.6269531250
709,0.7070312500,0.6298828125
710,0.7304687500,0.6699218750
711,0.7138671875,0.6386718750
712,0.7138671875,0.6337890625
713,0.6875000000,0.6123046875
714,0.7001953125,0.6308593750
715,0.6767578125,0.6152343750
716,0.7041015625,0.6347656250
717,0.7167968750,0.6572265625
718,0.7041015625,0.6220703125
719,0.6835937500,0.6210937500
720,0.7197265625,0.6494140625
721,0.7353515625,0.6572265625
722,0.6865234375,0.6064453125
723,0.7470703125,0.6806640625
724,0.7236328125,0.6494140625
725,0.6894531250,0.6113281250
726,0.7236328125,0.6445312500
727,0.7529296875,0.6855468750
728,0.6835937500,0.6103515625
729,0.6953125000,0.6054687500
730,0.6855468750,0.6279296875
731,0.7197265625,0.6494140625
732,0.7167968750,0.6298828125
733,0.7382812500,0.6650390625
734,0.7089843750,0.6396484375
735,0.7343750000,0.6630859375
736,0.7373046875,0.6718750000
737,0.6787109375,0.5937500000
738,0.7216796875,0.6533203125
739,0.6933593750,0.6298828125
740,0.7041015625,0.6250000000
741,0.6796875000,0.6083984375
742,0.7031250000,0.6376953125
743,0.7138671875,0.6376953125
744,0.7158203125,0.6376953125
745,0.7119140625,0.6523437500
746,0.7138671875,0.6435546875
747,0.6914062500,0.6142578125
748,0.6953125000,0.6220703125
749,0.7060546875,0.6396484375
750,0.7080078125,0.6259765625
751,0.7138671875,0.6445312500
752,0.7558593750,0.6552734375
753,0.7167968750,0.6347656250
754,0.7099609375,0.6347656250
755,0.6923828125,0.6113281250
756,0.7138671875,0.6347656250
757,0.7031250000,0.6210937500
758,0.7119140625,0.6298828125
759,0.7216796875,0.6455078125
760,0.6933593750,0.6201171875
761,0.7021484375,0.6269531250
762,0.7246093750,0.6416015625
763,0.6953125000,0.6269531250
764,0.7167968750,0.6503906250
765,0.7050781250,0.6162109375
766,0.6943359375,0.6093750000
767,0.7021484375,0.6376953125
768,0.7080078125,0.6347656250
769,0.6953125000,0.6279296875
770,0.7412109375,0.6640625000
771,0.6962890625,0.6191406250
772,0.6953125000,0.6367187500
773,0.7294921875,0.6591796875
774,0.7167968750,0.6445312500
775,0.7070312500,0.6425781250
776,0.7148437500,0.6513671875
777,0.6962890625,0.6279296875
778,0.7167968750,0.6464843750
779,0.7207031250,0.6562500000
780,0.7167968750,0.6337890625
781,0.7080078125,0.6308593750
782,0.7031250000,0.6181640625
783,0.7031250000,0.6191406250
784,0.7236328125,0.6552734375
785,0.7119140625,0.6455078125
786,0.7216796875,0.6562500000
787,0.7167968750,0.6367187500
788,0.7197265625,0.6494140625
789,0.7246093750,0.6376953125
790,0.7246093750,0.6542968750
791,0.7070312500,0.6367187500
792,0.6894531250,0.6250000000
793,0.7011718750,0.6250000000
794,0.7343750000,0.6630859375
795,0.6855468750,0.6191406250
796,0.6767578125,0.6044921875
797,0.6953125000,0.6259765625
798,0.7070312500,0.6337890625
799,0.7128906250,0.6230468750
800,0.7216796875,0.6513671875
801,0.7177734375,0.6386718750
802,0.7626953125,0.6894531250
803,0.6992187500,0.6142578125
804,0.7167968750,0.6484375000
805,0.7236328125,0.6562500000
806,0.6738281250,0.6025390625
807,0.7109375000,0.6396484375
808,0.6748046875,0.6044921875
809,0.7216796875,0.6523437500
810,0.6962890625,0.6376953125
811,0.7187500000,0.6474609375
812,0.7119140625,0.6376953125
813,0.7275390625,0.6640625000
814,0.6787109375,0.6074218750
815,0.6777343750,0.6113281250
816,0.7197265625,0.6542968750
817,0.7050781250,0.6318359375
818,0.6835937500,0.6025390625
819,0.6708984375,0.6103515625
820,0.6904296875,0.6054687500
821,0.7285156250,0.6562500000
822,0.6787109375,0.6132812500
823,0.6728515625,0.6191406250
824,0.6894531250,0.6083984375
825,0.6865234375,0.6220703125
826,0.7001953125,0.6328125000
827,0.6914062500,0.6123046875
828,0.6865234375,0.6044921875
829,0.7128906250,0.6425781250
830,0.6904296875,0.6191406250
831,0.6904296875,0.6230468750
832,0.7158203125,0.6464843750
833,0.6914062500,0.6103515625
834,0.7070312500,0.6279296875
835,0.6972656250,0.6210937500
836,0.7128906250,0.6308593750
837,0.7167968750,0.6308593750
838,0.7500000000,0.6796875000
839,0.6845703125,0.6044921875
840,0.7207031250,0.6630859375
841,0.7109375000,0.6425781250
842,0.6660156250,0.5898437500
843,0.7031250000,0.6230468750
844,0.7167968750,0.6630859375
845,0.7060546875,0.6435546875
846,0.6923828125,0.6123046875
847,0.7021484375,0.6347656250
848,0.6816406250,0.5966796875
849,0.6972656250,0.6152343750
850,0.7109375000,0.6455078125
851,0.7041015625,0.6357421875
852,0.7167968750,0.6621093750
853,0.6835937500,0.6103515625
854,0.7060546875,0.6162109375
855,0.6816406250,0.6132812500
856,0.7119140625,0.6386718750
857,0.7265625000,0.6542968750
858,0.6894531250,0.6152343750
859,0.7343750000,0.6591796875
860,0.6914062500,0.6191406250
861,0.7128906250,0.6289062500
862,0.6855468750,0.6279296875
863,0.7177734375,0.6445312500
864,0.7314453125,0.6445312500
865,0.6738281250,0.6044921875
866,0.7070312500,0.6406250000
867,0.7128906250,0.6425781250
868,0.7285156250,0.6728515625
869,0.7246093750,0.6552734375
870,0.6777343750,0.5947265625
871,0.7138671875,0.6337890625
872,0.7246093750,0.6406250000
873,0.7275390625,0.6533203125
874,0.7099609375,0.6396484375
875,0.6923828125,0.6162109375
876,0.7138671875,0.6406250000
877,0.7070312500,0.6406250000
878,0.7109375000,0.6298828125
879,0.6865234375,0.6123046875
880,0.7236328125,0.6572265625
881,0.7138671875,0.6298828125
882,0.6894531250,0.6191406250
883,0.7070312500,0.6376953125
884,0.6962890625,0.6259765625
885,0.7167968750,0.6396484375
886,0.7187500000,0.6513671875
887,0.7080078125,0.6376953125
888,0.7021484375,0.6367187500
889,0.7011718750,0.6269531250
890,0.6796875000,0.5898437500
891,0.7343750000,0.6601562500
892,0.7070312500,0.6328125000
893,0.7353515625,0.6552734375
894,0.6982421875,0.6113281250
895,0.7216796875,0.6464843750
896,0.7148437500,0.6376953125
897,0.6962890625,0.6250000000
898,0.6904296875,0.6201171875
899,0.7031250000,0.6230468750
900,0.7128906250,0.6289062500
901,0.7050781250,0.6298828125
902,0.7119140625,0.6416015625
903,0.7177734375,0.6523437500
904,0.7099609375,0.6220703125
905,0.7207031250,0.6562500000
906,0.7246093750,0.6523437500
907,0.7070312500,0.6337890625
908,0.6943359375,0.6201171875
909,0.7050781250,0.6337890625
910,0.7363281250,0.6464843750
911,0.7197265625,0.6386718750
912,0.7353515625,0.6650390625
913,0.7128906250,0.6406250000
914,0.6982421875,0.6230468750
915,0.7060546875,0.6318359375
916,0.7099609375,0.6582031250
917,0.7294921875,0.6503906250
918,0.7431640625,0.6650390625
919,0.7333984375,0.6542968750
920,0.6953125000,0.6318359375
921,0.6816406250,0.6064453125
922,0.6923828125,0.6152343750
923,0.7246093750,0.6474609375
924,0.7285156250,0.6474609375
925,0.7119140625,0.6347656250
926,0.7041015625,0.6240234375
927,0.7402343750,0.6767578125
928,0.7050781250,0.6425781250
929,0.7001953125,0.6298828125
930,0.6738281250,0.6035156250
931,0.7255859375,0.6542968750
932,0.7089843750,0.6220703125
933,0.7382812500,0.6630859375
934,0.7128906250,0.6318359375
935,0.7363281250,0.6601562500
936,0.6953125000,0.6181640625
937,0.7197265625,0.6552734375
938,0.6972656250,0.6230468750
939,0.7197265625,0.6396484375
940,0.7099609375,0.6240234375
941,0.7128906250,0.6435546875
942,0.7226562500,0.6406250000
943,0.7070312500,0.6308593750
944,0.7109375000,0.6250000000
945,0.7421875000,0.6826171875
946,0.7148437500,0.6494140625
947,0.7021484375,0.6279296875
948,0.6757812500,0.6005859375
949,0.7177734375,0.6455078125
950,0.6777343750,0.6025390625
951,0.7099609375,0.6357421875
952,0.6953125000,0.6162109375
953,0.6972656250,0.6308593750
954,0.7148437500,0.6357421875
955,0.7148437500,0.6357421875
956,0.7187500000,0.6455078125
957,0.7177734375,0.6445312500
958,0.7246093750,0.6689453125
959,0.7128906250,0.6367187500
960,0.7001953125,0.6250000000
961,0.7050781250,0.6220703125
962,0.6933593750,0.6123046875
963,0.7011718750,0.6259765625
964,0.6914062500,0.6132812500
965,0.6933593750,0.6054687500
966,0.7001953125,0.6386718750
967,0.7128906250,0.6416015625
968,0.7070312500,0.6445312500
969,0.7060546875,0.6279296875
970,0.7070312500,0.6396484375
971,0.7158203125,0.6406250000
972,0.7089843750,0.6337890625
973,0.6972656250,0.6093750000
974,0.6708984375,0.5898437500
975,0.7402343750,0.6660156250
976,0.6845703125,0.6123046875
977,0.7031250000,0.6425781250
978,0.6875000000,0.6357421875
979,0.6953125000,0.6152343750
980,0.7207031250,0.6464843750
981,0.7324218750,0.6640625000
982,0.7167968750,0.6376953125
983,0.7050781250,0.6298828125
984,0.6914062500,0.6269531250
985,0.6816406250,0.6044921875
986,0.7265625000,0.6591796875
987,0.7070312500,0.6328125000
988,0.6953125000,0.6210937500
989,0.7236328125,0.6464843750
990,0.7001953125,0.6337890625
991,0.7148437500,0.6318359375
992,0.7099609375,0.6347656250
993,0.6777343750,0.6210937500
994,0.7089843750,0.6376953125
995,0.6875000000,0.6132812500
996,0.7089843750,0.6376953125
997,0.7050781250,0.6406250000
998,0.7167968750,0.6484375000
999,0.7226562500,0.6484375000
