candidate_id,epoch,train_retrieval_loss,train_top1,calibration_top1,calibration_detection_acc,elapsed_s
V22_GRAPHSAGE_METRIC_SMALL,0,4.736824,0.028941,0.004557,1.0,249.5
V22_GRAPHSAGE_METRIC_SMALL,1,4.480861,0.049836,0.008789,1.0,424.1
V22_GRAPHSAGE_METRIC_SMALL,2,4.37487,0.058304,0.010091,1.0,547.1
V22_GRAPHSAGE_METRIC_SMALL,3,4.281069,0.066067,0.017904,1.0,676.1
V22_GRAPHSAGE_METRIC_SMALL,4,4.198879,0.06826,0.010417,1.0,858.0
V22_GRAPHSAGE_METRIC_SMALL,5,4.15348,0.07127,0.014323,1.0,1008.1
V22_GRAPHSAGE_METRIC_SMALL,6,4.101041,0.076605,0.016927,1.0,1214.5
V22_GRAPHSAGE_METRIC_SMALL,7,4.006461,0.085033,0.019206,1.0,1349.7
V22_GRAPHSAGE_METRIC_SMALL,8,4.000864,0.084269,0.016927,1.0,1483.1
V22_GRAPHSAGE_METRIC_SMALL,9,3.978989,0.086765,0.011719,1.0,1620.0
V22_GRAPHSAGE_METRIC_SMALL,10,3.911143,0.092953,0.011719,1.0,1752.7
V22_GRAPHSAGE_METRIC_SMALL,11,3.912297,0.092562,0.013672,1.0,1901.1
V22_GRAPHSAGE_METRIC_SMALL,12,3.903345,0.092853,0.012695,1.0,2111.2
V22_GRAPHSAGE_METRIC_SMALL,13,3.851824,0.09564,0.005859,1.0,2251.7
V22_GRAPHSAGE_METRIC_SMALL,14,3.815076,0.100038,0.01888,1.0,2384.7
V22_GRAPHSAGE_METRIC_SMALL,15,3.857383,0.095115,0.015625,1.0,2524.2
V22_GRAPHSAGE_METRIC_SMALL,16,3.835377,0.100206,0.015299,1.0,2656.9
V22_GRAPHSAGE_METRIC_SMALL,17,3.771171,0.100332,0.008464,1.0,2799.2
V22_GATV2_CROSS_FUSION,0,4.752826,0.02845,0.012695,1.0,288.9
V22_GATV2_CROSS_FUSION,1,4.483667,0.046337,0.015951,1.0,460.4
V22_GATV2_CROSS_FUSION,2,4.337261,0.06036,0.014323,1.0,654.8
V22_GATV2_CROSS_FUSION,3,4.245311,0.067047,0.017253,1.0,821.4
V22_GATV2_CROSS_FUSION,4,4.171853,0.071591,0.014648,1.0,1098.5
V22_GATV2_CROSS_FUSION,5,4.11068,0.07206,0.013997,1.0,1297.4
V22_GATV2_CROSS_FUSION,6,4.055296,0.077434,0.011068,1.0,1470.7
V22_GATV2_CROSS_FUSION,7,3.950788,0.090474,0.013672,1.0,1645.4
V22_GATV2_CROSS_FUSION,8,3.931119,0.087241,0.015625,1.0,1876.1
V22_GATV2_CROSS_FUSION,9,3.928037,0.088906,0.014323,1.0,2123.8
V22_GATV2_CROSS_FUSION,10,3.86465,0.093935,0.026042,1.0,2295.3
V22_GATV2_CROSS_FUSION,11,3.876572,0.093534,0.015951,1.0,2478.2
V22_GATV2_CROSS_FUSION,12,3.832825,0.099333,0.007161,1.0,2654.9
V22_GATV2_CROSS_FUSION,13,3.816215,0.096612,0.012044,1.0,2977.5
V22_GATV2_CROSS_FUSION,14,3.777973,0.099868,0.015951,1.0,3154.5
V22_GATV2_CROSS_FUSION,15,3.788516,0.103633,0.013346,1.0,3333.4
V22_GATV2_CROSS_FUSION,16,3.795469,0.100665,0.027344,1.0,3528.3
V22_GATV2_CROSS_FUSION,17,3.700092,0.106144,0.020182,1.0,3695.0
V22_GATV2_CROSS_FUSION,18,3.650815,0.115803,0.019857,1.0,4026.0
V22_GATV2_CROSS_FUSION,19,3.623876,0.11549,0.013021,1.0,4206.5
V22_GATV2_CROSS_FUSION,20,3.647929,0.111485,0.015951,1.0,4363.9
V22_GATV2_CROSS_FUSION,21,3.617096,0.117045,0.017253,1.0,4512.9
V22_GATV2_CROSS_FUSION,22,3.582493,0.12001,0.024414,1.0,4658.5
V22_GATV2_CROSS_FUSION,23,3.569334,0.113463,0.01888,1.0,4813.3
V22_GATV2_CROSS_FUSION,24,3.558844,0.118502,0.020833,1.0,4962.4
V22_GATV2_CROSS_FUSION,25,3.526562,0.11639,0.010091,1.0,5113.2
V22_GATV2_CROSS_FUSION,26,3.516761,0.119524,0.02474,1.0,5262.8
V22_GRAPHSAGE_OOD_ENSEMBLE,0,4.783055,0.025584,0.013021,1.0,288.4
V22_GRAPHSAGE_OOD_ENSEMBLE,1,4.517832,0.049698,0.009766,1.0,408.9
V22_GRAPHSAGE_OOD_ENSEMBLE,2,4.369481,0.058793,0.013021,1.0,524.8
V22_GRAPHSAGE_OOD_ENSEMBLE,3,4.260115,0.070178,0.019206,1.0,641.1
V22_GRAPHSAGE_OOD_ENSEMBLE,4,4.188918,0.069218,0.01237,1.0,760.1
V22_GRAPHSAGE_OOD_ENSEMBLE,5,4.136927,0.073045,0.014974,1.0,880.7
V22_GRAPHSAGE_OOD_ENSEMBLE,6,4.079849,0.074923,0.01888,1.0,1002.5
V22_GRAPHSAGE_OOD_ENSEMBLE,7,3.974827,0.083899,0.007161,1.0,1119.0
V22_GRAPHSAGE_OOD_ENSEMBLE,8,3.958596,0.087959,0.009766,1.0,1236.0
V22_GRAPHSAGE_OOD_ENSEMBLE,9,3.938686,0.091508,0.021484,1.0,1355.7
V22_GRAPHSAGE_OOD_ENSEMBLE,10,3.866967,0.092472,0.020508,1.0,1476.8
V22_GRAPHSAGE_OOD_ENSEMBLE,11,3.865514,0.095465,0.012695,1.0,1595.1
V22_GRAPHSAGE_OOD_ENSEMBLE,12,3.826868,0.101157,0.010417,1.0,1718.3
V22_GRAPHSAGE_OOD_ENSEMBLE,13,3.821202,0.10023,0.013021,1.0,1843.0
V22_GRAPHSAGE_OOD_ENSEMBLE,14,3.781633,0.102903,0.009115,1.0,1970.1
V22_GRAPHSAGE_OOD_ENSEMBLE,15,3.78839,0.100071,0.013346,1.0,2095.0
V22_GRAPHSAGE_OOD_ENSEMBLE,16,3.734985,0.108217,0.011393,1.0,2223.0
V22_GRAPHSAGE_OOD_ENSEMBLE,17,3.673023,0.108004,0.00944,1.0,2355.4
V22_GRAPHSAGE_OOD_ENSEMBLE,18,3.642689,0.119204,0.018229,1.0,2495.5
V22_GRAPHSAGE_OOD_ENSEMBLE,19,3.611956,0.117124,0.015951,1.0,2621.0
